UniProtID	Seqlen	binding
Q9R1X5	1436	595,596,597,598,599,600,601,602,1226,1227,1228,1229,1230,1231,1232,1233
Q91WR5	323	20,21,22,23,24,31,50,117,166,167,190,216,217,218,219,220,221,222,223,224,270,271,272,273,274,275,276,277,278,279,280
Q9EQC0	411	69,70,71,72,73,74,75,234,235,236,237,238,239,240,241,242
Q9R0A5	511	10,11,12,13,14,15,16,17,18,33
Q9Z0E6	589	45,46,47,48,49,50,51,52,181,182,245
P17532	447	238,260,268,275,280,320,339,369
Q8K157	342	81,82,107,176,177,178,243,279,307
Q8CFI7	1174	409,456,731,792,841,890,942,1078,1085,1119,1122,1137,1140
Q9CQ19	172	42,44,46,53
P51658	381	83,84,85,86,87,88,89,90,91,92,93,94,95,96,97,98,99,100,101,102,103,104,105,106,107,108,109,110,111,112,220
Q61362	389	79,80,106,107,108,109,150,213,214,215,216,361
Q62077	1302	165,167,169,171,176
Q8CCH7	1151	252,255,268,273,550,553,566,571,689,692,705,710,856,859,872,877,1121,1124,1137,1142
Q8K4Q6	389	176
Q8BG87	1803	57,60,63,69,72,75,84,89,836,838,896,922,924,964,974,976,992,1001,1061,1077,1083,1085,1087,1090,1119,1681,1696,1697,1698,1702,1703,1704,1712
Q3URK3	2007	574,577,580,586,589,592,602,607,1371,1373,1430,1456,1458,1499,1509,1511,1527,1536,1628,1644,1650,1652,1654,1657,1685,1939,1954,1955,1956,1960,1961,1962,1970
O55222	452	199,200,201,202,203,204,205,206,207,220
Q3TYQ9	1336	47,52,55,77,116,117,120,152,154,265,266,267,268,269,270,271,272,346,355,359,368,413,804,805,1045,1086,1087,1088,1089,1201,1265
Q91Z96	1138	54,55,56,57,58,59,60,61,62,76
Q704Y3	839	116,156,161,165,200,201,202,203,211,212,512,513,551,558,647
P27600	379	65,66,67,68,69,70,200,201,202,203,206,294,295,296,297,351
Q8BWM0	384	147,163,164
P60003	83	26,29,50,53
P25206	812	353,393,394,395,397,664
Q91YH5	541	67,68,69,70,71,72,73,74,114,115,116,213,214,272,273,274,275
Q64444	305	114,116,139,218,219
Q91X44	587	109,110,153,179,180,181,348
Q8BWG8	418	250,255,324,326
P07091	101	28,33,63,65,67,69,74
Q91XQ5	561	263,264,265,266,267,392,400
Q8CHS7	311	47,49,191,195,226
P53810	271	59,61,86,90,97,195
A2A974	508	319,455
Q9CUL5	857	598,599,600,601,602,603,604,605
Q8BG22	942	164,168,175
Q9D4H9	881	315,318,332,335,340,343,367,370,378,381,398,401,434,437,451,456,461,464,488,491,721,724,736,739,744,747,766,769,864,867,879,882,887,890,908,911
P16546	2472	2336,2338,2340,2342,2347,2379,2381,2383,2385,2390
P51906	523	98,101,102,330,332,361,363,365,367,369,404,405,407,410,446,447,450,454
Q9ESD7	2090	18,19,21,40,411,419,467,469,475,1178,1184,1240,1242,1604,1610,1659,1661,1924,1927,1930
Q01887	594	323,324,325,326,327,328,329,330,331,351
E9Q9W4	619	221,222,223,224,225,226,227,228,229,230,231,232
P52792	465	78,79,80,81,82,83,151,152,168,169,204,205,228,231,256,290,295,296,332,333,334,335,336,411,412,413,414,415
Q9D8Y8	240	189,191,202,207,213,216,229,232
Q7TSV4	620	71,173,330,332,334,335,408,432,446
Q0VGT4	1863	1111,1113,1136,1144
P18155	350	84,85,86,87,88,131,132,133,200,201,202,233,309,310,311,312,313
Q8CFC2	1127	30,35,48,54,444,449,462,468,488,493,506,512,802,807,820,826,846,851,864,870,895,900,913,919,948,953,966,972
Q91VA0	573	222,223,224,225,226,227,228,229,230,448,463,559
P15388	511	77,83,104,105,400,401,402,403
Q99K85	370	44,45,79,107,156,176,199,241,242,335,336,342
O88509	859	588,589,590,591,592,611,633,634,635,838,839,840
Q8VE04	216	82,87,164,169
Q99MH6	471	144,146,148,150,155
Q8BKJ9	402	108,109,110,111,112,113,114,115,116,117,118,119,120,121,122,123,124,125,126,127,168,169,170,171,196,199,226,229,269,270,271,298,299,300,316
Q9R112	450	53,54,75,83,118,336,344,345,346,347
Q61176	323	101,124,126,127,128,129,130,137,138,139,183,232,234,246,277
O55055	415	13,14,15,34,57,58,76,376
P60764	192	10,11,12,13,14,15,16,17,57,58,59,60,61,115,116,117,118
Q9CQR6	305	53,55,81,113,163,237
Q6P4S6	1311	72,73,74,75,76,77,78,79,80,95
Q9DD03	202	15,16,17,18,19,20,21,22,23,63,64,65,66,67,121,122,123,124
Q9JJP2	631	186,189,250,254
Q9WTZ1	113	50,53,61,64,73,80,82,85,87,88,99,102
Q6SKR2	214	29,51,53,77,103,104,122
Q60936	645	337,355,442,443,444,445,490,504
A2AS89	358	168,193,284
Q8C9A2	338	52,126
Q8R2W9	370	192,195,207
Q80V23	272	78,81,94,98,106,109,122,126,140,143,156,160,197,200,213,217,246,249,262,266
Q8BYK6	585	422,423,424,428,438,439,468,492,497
Q3U2V3	323	58
Q5XPI3	1314	1254,1257,1269,1271,1274,1277,1288,1291
Q2LKU9	1182	139,140,141,142,143,144,145,146
Q9JI11	487	36,37,38,39,40,41,42,43,44,59
B2RU80	1998	1871,1905,1906,1907,1908,1909,1910,1911,1949
G3X943	309	175,179,202,276
Q3UNV2	504	450
Q7M758	745	263,266,373,383,422,430,433,450,550
A2ART8	710	401,403,450,455
O35857	452	166,167,168,169,170,171,172,173
P48026	171	27,28,92,94,95,96,102,103,104,105,106,107,126,127,128,133,134,135,136,140,141,142,143,152
Q9WTL2	213	19,20,21,22,23,24,25,26,27,67,68,69,70,71,125,126,127,128,155,156,157
A3FIN4	1183	416,417,418,519,560,583,617,697,698,699,812,818,838,841,842
Q8BHB0	953	202,203,204,205,206,207,208,209
Q9DB32	283	54,56,58,59,110,134,173
Q9CR56	191	11,12,13,14,15,16,17,18,61,62,63,64,65,120,121,122,123
Q9JL62	209	48,49,50,51,52,53,54,55,140,207
Q8R4N0	338	48,55,59,105,169,204,270,271
P56654	490	435
Q9R0Q8	214	117,123,169,171,193,194,206
Q7TN79	314	95,185,186,187
Q91V41	215	18,19,20,21,22,23,24,25,26,66,67,68,69,70,124,125,126,127,154,155,156
Q9WVK8	500	437
Q99KK7	738	450,455,508
P58281	960	298,300,301,302,303,317,323,398,468,470,503
Q99NF1	532	179,239,310,526
Q8JZQ2	802	309,310,351,352,353,354,355,489,573,577,648
Q60750	977	631,632,633,634,635,636,637,638,639,657
O54988	1233	40,41,42,43,44,45,46,47,48,63
A0A140T8U1	504	450
Q8BFR5	452	64,65,66,67,68,69,70,71,126,127,128,129,130,181,182,183,184
P28352	317	69,95,209,211,307
Q66JT0	555	214,215,216,217,218,219,220,221,222,237,339,375
Q811Q9	369	84,85,92,122,151,168,169,173,195,196,197,200
Q5S006	2527	1341,1342,1343,1344,1345,1346,1347,1348,1885,1886,1887,1888,1889,1890,1891,1892,1893,1906,2098,2099,2100,2101,2102,2103,2104,2105,2106,2107,2108,2109,2110,2111,2112,2113,2114,2115,2116,2117,2118,2119,2120,2121,2295,2296,2297,2298
Q61043	2113	245,246,247,248,249,250,251,252,300,301,302,303,304,420,421,422,423
P70453	456	190,226,227,336
P62814	511	400
Q6DYE8	874	167,204,205,226,275,289,325,329,372,373,482,751,753,755,757,759
Q99JT9	179	88,90,94,133
Q9EQU3	1032	47,48,49,50,51,72,73,74,75,76,77,95,96,97,98,99,100,101,102,103,104,105,106,107,108,109,132,179,180,181,208
Q99PL7	359	75,120,125,148,155,156,157,160,161,188,189,262,269,298,301,302
Q09M02	886	252,255,434
Q9WVM6	1012	239,243,249
O88335	372	204,205,206,207,208,209,210,211
Q3SXD3	199	44,72,73,76,81,82,138
Q8CHE4	1687	1166,1167,1330,1369
P26048	451	94,157
Q8R4D5	1104	782,785,799,802
Q9WVK5	382	163,164,165,166,167,202,203,204,229,230,258,290,292,293,294,295,323,324,334
Q06770	397	247,279,385
P39688	537	277,278,279,280,281,282,283,284,285,299
Q8VDP3	1048	95,114,115,116,121,122,123,181,293,393,683,686,704,707,710,713,733,736
Q6PEM8	459	156,185,281
Q60860	150	30,51,52,53,54,55,58,59,93,94,95,96,97
Q7TQA3	309	44,45,46,47,48,49,50,51,52,53,54,55,56,57,58,59,60,61,62,63,64,65,66,67,68,177
P60322	136	61,64,77,88,96,99,107,112
P63037	397	134,137,150,153,177,180,193,196
Q5SYD0	1006	102,103,104,105,106,107,108,109
P11798	478	19,20,21,22,23,24,25,26,27,42
Q8BU30	1262	603
Q8BFT6	427	194,196,274
Q8K215	91	6,44
P27808	447	117,144,190,212,213,322
Q8K0D0	523	198,199,200,201,202,203,204,205,206,221
P31725	113	21,24,29,31,32,37,68,70,72,74,79,92,96
Q9D8T3	184	16,17,18,19,20,21,32,33,34,35,36,37,38,63,119,120,121,122,149,150
P05132	351	50,51,52,53,54,55,56,57,58,73,122,123,124,125,126,127,128,169,170,171,172
Q64459	504	443
Q99MI6	301	29,30,31,32,33,34,35,36,37,50,147,148,149,184
Q80XP9	1757	226,227,228,229,276
Q91XZ0	931	37,38,91,93,125,126,127,128,129,144,159,161,165,201,203,216,234,235,236,237,238,253,268,270,274,308,310,323,339,340,341,342,343,373,375,379,426
Q3ULJ0	351	12,13,14,15,16,17,122,155,271,272,298,300
Q9Z0H0	564	58,59,60,61,62,63,64,65,66,84
Q8BH02	426	189,190,191,192,193,194,195,196
P58466	261	96,98,207
Q9D2Z8	642	104,105,106,107,108,109,110,111
O88898	680	244,247,308,312
L7N466	203	10,11,12,13,14,56,61,145,146,147,148,149,150,151,152,153
Q8BZN4	639	63,64,65,66,67,68,69,70,71,85
E9PXC3	491	435
O70481	1757	99,112,115,124,127,133,136,148,149,150,151,153,163,166,1101,1104,1162,1164,1167,1170,1200,1203,1635,1638,1661
Q91ZW2	393	48,49,50,51,243,244,245,345,362,363
Q8BG51	631	24,25,26,27,28,29,30,31,70,71,72,73,74,131,132,133,134,210,212,214,216,221,330,332,334,341,438,439,440,441,442,443,444,445,476,477,478,479,480,540,541,542,543
Q01065	535	226,262,263,369
P53798	416	52,77,80,83,84,218,315,317
Q9Z2I9	463	98,105,106,107,258,272,323,380,381,382
O88700	1416	676,677,678,679,680,700,701,702,703,704,990,1044,1063,1071,1074,1247
P16294	471	47,48,53,54,61,63,66,67,72,73,76,82,86,93,94,96,110,111,291,293,298,301
Q8C419	1200	172,173,271,307
Q3TV65	487	335,337,348
D3YYZ0	503	442
Q8BH61	732	437,439,486,491
Q8K4Z3	282	113,114,115,116,117,179,183,184,185,186,187,188,189,212,215
Q91Z40	638	45,46,47,48,49,50,51,52,67,68,69,97,98,99,100,101
G3UXT0	502	448
Q91ZQ1	861	97,116,169,170,171,172,176,566,602,603,723
Q11204	350	116,157,180,240,276,280,300,309,326
Q9CRA7	200	59,93
Q3UDE2	639	445,446,447,448,463,465
Q99PQ1	284	96,99,118,124
Q9CQ04	349	234,236,289,299
Q62210	612	299,302,319,326
Q07456	349	52,110,136,148
Q7TNC8	452	226,228,236,237,238,239,240,241,249
Q8BLA8	1125	415,422,622,642,666,712,791,794,808,811,1048,1049,1050,1051,1052,1053,1054
Q91YE3	400	21,24,33,36,42,46,54,58,290,292,351,360
O55026	495	204,205,206,207,208
O35435	395	95,96,97,98,99,119,144,145,146,147,148,180,211,212,213,214,215,216,254,282,283,284,305,334,355,356
P61514	92	39,42,57,60
Q91W69	636	8,11,25,30,63,73
Q5SXJ3	1174	185,186,187,188,189,190,191,192,286,301,313,353
Q3V3A1	433	58,59,60,61,62,63,64,65,66,81
P50428	506	28,29,68,122,149,228,280,281,301
O35621	262	19,21,28,132,143,150,186,188,190,218,230,232,235
Q8K2C7	672	117,118,130,182,188,212,218
Q922F4	447	11,69,138,142,143,144,204,226
Q9CZD0	279	104,115,116,117,118,129,130,131,149,160
P11928	367	64,76,78,149,211,214,231
Q3UVR3	1243	27,28,29,30,31,32,33,34,35,50
Q91XP5	464	225,227,235,236,237,238,239,240,248
Q63844	380	49,50,51,52,53,54,55,56,57,72
Q8BYP3	211	26,27,28,29,30,31,32,33,73,74,75,76,77,131,132,133,134
P47713	748	40,41,43,65,93,94,95
Q8VE19	875	737,740,775,778,788,827,830,832,835,838,849,854,858
Q2NL51	490	125,126,127,128,129,130,131,132,133,148
O35490	407	217,299,300
O70157	1003	815,817,840,845,899,901,924,932
Q3U2K5	510	133,189,191,199,207,235,241,242,277,307,309
Q9JII6	325	11,12,13,14,15,16,17,18,19,20,21,22,45,162,163,211,213,215,216,263,264,265,269,272,273
Q64437	374	47,68,98,101,104,112,174,199,200,201,202,203,204,223,228,292,293,294,369
Q6P5G0	583	26,27,28,29,30,31,32,33,34,49
Q9D8X5	292	40,42,161,230
Q91W64	489	434
Q8CG46	1101	80,81,82,83,84,85,86,87
B1AS29	919	518,520,525,691,692,739
Q61418	747	168,456,559,597,618,619,620,725,726,727,728
Q64127	1051	163,166,187,200,223,226,246,251
P45376	316	10,11,12,13,14,15,16,17,18,19,111,211,212,213,214,215,216,217,218,219,220,221,222,223,224,225,226,227,228,229,230,231,232,233,234,235,236,237,238,239,240,241,242,243,244,245,246,247,248,249,250,251,252,253,254,255,256,257,258,259,260,261,262,263,264,265,266,267,268,269,270,271,272,273
Q8BZB2	204	53,104,105,106,107,140
Q99M01	451	157,158,159,160,179,186,187,188,193,194,195,287,312
Q8VC28	323	20,21,22,23,24,50,55,117,166,167,190,216,217,218,219,220,221,222,223,224,270,271,272,273,274,275,276,277,278,279,280
Q8VEH3	186	29,30,31,32,33,34,35,71,72,73,74,75,130,131,132,133
Q6ZQ11	800	632,746
P05064	364	43,272,273,274,301,304
Q5SX39	1939	179,180,181,182,183,184,185,186
Q8BUW1	535	164,165,166,167,273,274,275,276
E9Q7P2	2199	355,779,1339
Q8CDU5	853	594,598,605,630,632,634,641
A0A2I3BR81	553	106,108,391
Q6P1E8	1516	109,111,113,115,120,210,212,214,221,776,778,780,787,1462,1464,1466,1473
Q3U9F6	237	98,101,113,117
P38649	332	100,101,102,105,190,191,192,212,224,282,305
P21958	724	514,515,516,517,518,519,520,521,522,617,618,619,620,621,622,623,677
P97471	551	71,115,127,132
O54998	218	154,156,158,160,165,198,200,202,209
P49290	716	233,235,307,309,311,313,381,475
Q60813	791	370,374,380
O35719	350	108,109,110,111,112,113,114,115
Q924C6	757	612,614,616
Q61739	1091	324,326,328,332,386,388,390,392,394,441,443,445,447,449
Q5BL07	1284	600,601,602,603,604,605,606,607,882,883,884,885,886,887,888,889
P28652	542	20,21,22,23,24,25,26,27,28,43
Q9Z1K5	555	184,187,201,203,206,209,229,234,274,279,295,297,302,305,310,315,342,345,360,365,370,373,380,387
A4UUI3	631	43,44,45,46,47,48,49,50,103,104,105,106,107
Q9EQT3	261	59,60,61,62,63,64,65,66,106,107,108,109,110,164,165,166,167
Q8VDW0	427	88,89,90,91,92,93,94,95
Q91WE6	578	72,108,137,213,217,220
P51569	419	203,204,205,206,207
Q6NXK5	321	152,153,154,155,156,157
P58043	480	374,375,376,377,386,451
Q6P542	837	328,329,330,331,332,333,334,335,650,651,652,653,654,655,656,657
Q6P9L4	685	4,6,26,29,38,41,46,53,57,63,76,79
P05213	451	11,71,140,144,145,179,206,228
Q7JJ13	798	111,154,155,156,159,160
P55041	295	81,82,83,84,85,86,87,88,190,191,192,193
O70572	419	49
Q8VEB6	362	62,64,66,67,181,252,312
Q91V51	423	138,144,145,181,182,183,184,194,195,196,220,241,242,259,313,326,328,344
Q91XL3	420	98,99,100,119,120,122,123,124,144,145,149,150,159,161,177,178,185,188,191,192,200,231,235,245,248,249,261,267,272
P70347	448	419,422,439,443
Q5U901	438	197,198,199,200,255,272,273,325,326,327,377
Q8C0V0	766	462,463,464,465,466,467,468,469,470,485
Q80VP1	575	11,25,30,63,73
Q80WC9	1100	197,198,199,200,201,202,203,204,205,427,441,526
P55258	207	15,16,17,18,19,20,21,22,34,35,36,37,38,39,40,63,64,65,66,67,121,122,123,124,152,153,154
P35918	1345	838,839,840,841,842,843,844,845,846,866
Q9R092	317	33,34,35,36,37,38,39,40,41,42,43,44,45,46,47,48,49,50,51,52,53,54,55,56,57,164
P46425	210	8,14,39,45,52,53,65,66
Q9D113	177	79,82,104,107
Q3UMC0	893	394,395,396,397,398,399,400,401,668,669,670,671,672,673,674,675
P15208	1372	1023,1047,1094,1095,1096,1097,1098,1099,1100,1153,1154,1167
Q8BJH1	324	19,22,34,38,122,125,137,141
Q3TW96	507	111,112,113,114,125,199,225,226,256,380,410
O88908	525	118,392,395,398,402,410,433
A0JNU3	564	84,85,86,116,117
A0A087WRH8	301	56
Q8K4L0	874	139,140,141,142,143,144,145,146
Q9DCB8	154	79,144,146
Q9CR25	489	89,110,341
Q61224	374	115,119,318
O88199	472	135,136,137,138,139,140,141,295,296,297,298,299,300,301,302,303
D3YWP0	232	57,83,84,85,104,133,150
E9PWV0	503	448
P59270	324	88,89,90,119,156,161,186,187,188,301,302,303
Q9QXN5	285	29,85,86,87,88,98,123,124,127,141,142,194,220,221,253
Q8R2U4	223	69,74,91,92,93,119,120,135
Q7TN37	1213	172,215,226,271,393,396,397,422,449,824,827,861,864
Q99KE1	589	67,91,165,166,167,168,169,170,171,172,173,255,256,259,279,311,312,313,314,315,316,317,318,319,320,321,322,323,324,325,326,327,328,421,466
P49718	734	371
Q9JJH7	1158	341,350,353,354,781,784,807,810,1002
Q8VI38	347	116,117,118,119,120,121,206,207,208,228,229,230,231
P97441	388	108,112,238,242
Q9QZC7	221	20
Q3V3R1	977	422,423,424,425,426,427,428,429
Q60823	481	158,159,160,161,162,163,164,165,166,181,280,293
Q8CBC7	324	53,55,75,91,116
S4R1M9	766	415,416,417,418,419,420,479,480,481,482,537,538,563,723,727,731
P08752	355	40,41,42,43,44,45,46,47,176,177,178,179,180,181,182,201,202,203,204,205,270,271,272,273,327
P19091	899	685,732,857
P50543	98	26,28,33,63,65,67,69,74
P97348	210	24,25,26,27,28,29,30,31,71,72,73,74,75,129,130,131,132
P63017	646	12,13,14,15,71,202,203,204,268,269,270,271,272,273,274,275,339,340,341,342
Q6ZQ89	909	9,12,26,28,36,39,52,55
Q9CQL0	218	47,73,74,75,94,125,143
Q91Y97	364	43,272,273,274,304
Q8VCT9	570	64,65,66,67,68,69,70,71,72,87
Q9CPU0	184	34,38,100,104,123,127,157,158,173
O55123	476	92,168,170,183,196,218,222,228
P09041	417	24,25,26,39,63,64,65,66,123,171,220,313,344,373,374,375,376
Q8VEK3	800	480,481,482,483,484,485,486,487
O35598	749	173,384,388,394
Q91VY5	1086	133,189,191,199,207,235,241,242,277,307,309
Q62101	918	595,596,597,598,599,600,601,602,603,618
Q61214	763	165,166,167,168,169,170,171,172,173,188,238,239,240,241
P53690	582	93,186,188,193,194,196,198,201,208,210,212,214,216,219,239,243,249
P50247	432	57,131,156,186,190
P00015	105	15,18,19,81
O88990	900	772,776,778,783,808,810
Q3UEI1	686	389,393,429,430,547,598,601
O08663	478	231,251,262,331,339,364,459
P47945	62	6,8,14,16,20,22,25,27,30,34,35,37,38,42,45,49,51,58,60,61
Q99MZ6	2113	158,159,160,161,162,163,164,165
P45700	655	635
Q8BYI6	544	404,406,408,410,415,441,443,445,447,452
P23591	321	14,15,16,17,18,19,20,147,170,171,172,173,186,194,208,215,277
P0DP27	149	21,23,25,27,32,57,59,61,63,68,94,96,98,100,105,130,132,134,136,141
O08600	294	169
Q61767	373	10,11,12,13,14,15,155,159
Q9D8K8	359	74,78,88,94
P23298	683	361,362,363,364,365,366,367,368,369,384
Q80VY9	698	88,89,90,91,92,93,94,95
P17427	938	11,12,43,53,57,58,59,60,61
Q02858	1122	828,829,830,831,832,833,834,835,836,853
Q62318	834	154,157,178,182,210,213,233,238
Q8CD91	447	360,362,364,366,371,397,399,401,403,408
Q99NH7	744	398
O70228	1047	391,392,393,502,544,549,568,597,677,678,679,759,765,785,788,789
Q9JMH3	379	21,41,179,181,218,237,303
Q922Y2	403	97,100,120,126
Q9Z2Z9	682	377,378,422,423,424,427,578
P15089	417	176,179,304
P28867	674	353,354,355,356,357,358,359,360,361,376
Q99L04	313	19,64,151,163,167,198
P15409	348	201,279
Q8VE47	403	81,102,125,148,182,224,227,301,306
P59326	559	395,396,397,401,411,412,441,465,470
Q3UKC1	814	755,758,774,778,782,785,801,805
Q9DAZ9	389	5,8,21,24,29,32,50,53
O89023	562	516,517,538,540,542
Q8CFA2	403	232,261,399
P62631	463	14,15,16,17,18,19,20,21,91,92,93,94,95,153,154,155,156
Q501J6	650	136,137,138,139,140,141,142,143
Q61425	314	34,35,36,37,38,39,57,73,80,122,127,149,173,305
P35230	175	107,121
Q80ZX8	901	756,757,758,759,760,761,762,763
Q91ZR1	213	15,16,17,18,19,20,21,22,23,63,64,65,66,67,121,122,123,124,151,152,153
Q6DTY7	469	46,47,48,49,50,51,52,53,54,79,103,131,137,168,169,170,171,172,173,194,198,256,263,269,306,337,348,349,350,351,355,366,392,393,394,395,396,428
O70310	496	118,119,120,247,248,249,250,256,258,259,260
Q9QZ08	343	13,36,107,127,129,130,145,146,147,152,214,271,275
B9EJ86	889	420,421,422,423,424,425,482,483,484,485,514,515,540,706,710,714
P84309	1262	475,476,477,478,479,480,517,518,519,563,1124,1198,1199,1200,1205,1206,1207,1208,1209,1245
Q8K409	335	60,62,65,101,103,106,149,180,183,189,190,192,256
Q9JLM8	756	412,413,414,415,416,417,418,419,420,435
Q05769	604	106,341,374
D6MZJ6	483	209
Q9Z2F2	508	69,81,83,154,213,216
Q5PR73	199	14,15,16,17,18,19,20,21,33,34,35,36,37,38,39,61,62,63,64,65,121,122,123,124,152,153
Q8K363	660	213,214,215,216,217,218,219,220
P02802	61	5,7,13,15,19,21,24,26,29,33,34,36,37,41,44,48,50,57,59,60
Q68FD7	1165	608,610,613,615
Q9D7X8	188	19,20,21,22
Q8R2E9	467	186,188,199,251,254,286,299
Q9EQM6	773	352
P16015	260	94,96,119,198,199
Q9D1G2	192	17,18,19,20,21,22,23,141,170,171,180
Q61694	373	10,11,12,13,14,15,155,159
G3UZ38	503	450
Q03391	1323	536,537,538,543,714,715,756
Q8BJQ9	530	358,475
Q9JIF0	371	63,72,96,118,147
Q91XY0	932	37,38,91,93,125,126,127,128,129,144,159,161,165,201,203,216,234,235,236,237,238,253,268,270,274,308,310,323,339,340,342,343,373,375,379,426
Q7TNL3	435	41,42,43,44,45,46,47,48,49,66
P56593	492	437
A1Y9I9	258	104,106,107,112,130,160
D3YVV6	449	200,201,202,203,204,281,289,406,407,408,409,410
S4R1W1	333	11,12,33,78,120,149,150,151,180,209,210,232,314
P55144	880	514,515,516,517,518,519,520,521,522,540
P35295	233	12,13,14,15,16,17,18,19,55,56,57,58,59,113,114,115,116
Q8BTW9	593	329,330,331,332,333,334,335,336,337,352
Q9D0R4	546	51,52,53,54,55,56,57,58
Q08890	552	47,48,86,336,337
Q09XV5	2582	838,839,840,841,842,843,844,845
Q8CIN4	524	255,256,257,258,259,260,261,262,263,278
Q8CG76	367	80,149,179,180,205,234,235,236,237,238,239,240,241,242,243,244,258,268,271,326,327,328,329,330,331,332,333,334,367
P26150	373	159
P47740	484	185,186,187,188,189,190
Q6PDL0	492	61,62,63,64,65,66,67,68
P32304	448	165
Q8CGR7	320	66,100,144,145,146,147,148,149,223,224,225
Q504M8	260	74,75,76,77,78,79,80,81,82,123,124,125,126,127,181,182,183,184,211,212,213
Q64464	503	442
Q6PCL9	739	99,100,101,108,112,113,114,166,227,236,245,246
P11499	724	46,88,107,133,392
Q8R5I6	218	7,8,46,47,48,49,50,59,60,72,73,116
Q99KU1	333	34,35,37,38,85,205,211,213
A6H603	1563	342,343,344,345,346,347,348,349
Q3UQ28	1475	823,825,904,906,908,910,977,1071
Q91YJ5	727	187,188,189,190,191,192,193,194,234,235,236,237,288,289,290,291
Q9DBH5	358	98,133,164,166,167,168,192,195,262,263,264
Q9WUK4	349	71,72,73,74,75,76,77,78
Q569X9	491	435
Q9JJX7	370	132,162
Q9JM14	200	12,14,20,46,67,101,136,147
O54890	787	146,148,151,152,183,240,242,244,245,276
Q6P8J2	170	27,28,92,94,95,96,102,103,104,105,106,107,133,134,135,140,152
O35942	443	14,15,16,17,18,19,20,21,22,37
Q922E4	404	239,240,247,248,249,250,277,325,326,327,328,354,355,356,357,358
Q6PAK3	394	86,95,119,120,121,122,141,170
Q9Z306	553	218,219,220,221,222,223,224,225
Q8BH97	328	92,94,96,101,126,128,130,132,137,176,178,180,182,187,213,215,217,219,224,254,256,258,260,265,290,292,294,296,301
Q61824	903	177,348,352,358
Q9DAK9	124	20,93,94,95
Q9CWR7	339	140,161,175,237,254,268
Q63932	401	78,79,80,81,82,83,84,85,86,101
Q9QYZ3	484	14,15,16,17,18,19,20,21,22,37
P97355	366	148,177,201,220,255,256,351,353
Q8VHH7	1145	324,325,326,327,328,329,366,367,368,412,976,1063,1064,1065,1070,1071,1072,1073,1074,1110
Q9JK38	184	61,108,109,110,111,120,121,122,130,131,132,133,134,135,151,152,165,166,167,175,181
Q6NSR8	524	260,265,283,342,344
Q791N7	123	17,20,35,38,84,87,112,115
E9Q7X7	1710	335,352,420,779,796,854,1189,1206,1288,1290
Q62172	648	69,70,71,72,73,74,418,419,420,421,422,423,424,425
Q9DBU3	519	257,258,259,260,261,262,263,264,265,290
Q80ZE3	688	120
Q9DBY8	855	304,305,306,307,308,309,310,311,621,622,623,624,625,626,627,628
Q8CC88	1905	446,447,448,449,450,451,452,453
Q9QUG9	608	439,441,443,445,450,468,470,472,474,479
Q8CJG0	860	598,670,808
Q1H9T6	681	286,289,302,306,314,317,330,335,345,348,361,365,373,376,389,394
Q80T69	795	579,582,584,676,684
P19785	599	357,398,528
Q6RHR9	1471	103,104,105,106,107,108,109,110
Q8BMF3	604	190,280,281,304,443
Q9QXE0	581	63,458,485
Q9D6Z0	221	121,123,165,177,197,198,199,203
Q61847	704	153,157,163
Q3THG9	412	109,113,209,213
Q8BXQ6	823	481,485,504
Q99LB6	334	37,38,39,40,60,61,62,71,72,93,97,159,185
Q9D6P8	149	21,23,25,27,32,57,59,61,63,68,94,96,98,105,130,132,134,136,141
P97358	586	13,16,31,34
P16381	660	199,200,201,202,203,204,205,206,223,224,225,226,227,228,229,230
Q9CZ52	562	50,52,116
Q80SY4	1006	85,88,100,103,109,112,118,122
P97432	988	218,221,232,235,241,244,251,255
Q8BFW6	529	222,223,224,225,226
P17182	434	40,158,167,245,293,318,370,371,372,373,394
P28301	411	286,288,290
Q80Y86	549	20,21,22,23,24,25,26,27,28,43
Q9D964	423	170,305,322,354,355
Q9D0C4	501	282,320,321,348,349,380
Q0VAX3	487	97,120
Q9CX80	190	81,113
Q61881	719	345,384,386,387,388,489,514,604
Q9DAK4	132	107,127,128,129
Q5SUV1	442	43,49,53,56,98,99,100,131,158,170,195
P04247	154	65,94
O89106	150	8,27,83,89,90,91,92,98
Q8CGC7	1512	1121,1122,1123,1152,1154,1163,1164,1237,1240,1242,1276,1278,1448,1453,1495,1497
Q9D7I5	270	17,18,19,54,55,189,214
Q80WG7	729	212,215,235,241
Q8VDU0	679	608,613,642,647
Q99MQ3	580	162,163,164,165,166,167,168,169,170,186
Q9CU62	1233	32,33,34,35,36,37,38,39
Q9D2H5	723	290,293,313,318
Q8R0Y6	902	88,89,90,142,571,572,573,597,598,599,600,630,631,632,633,634,635,650,651,673,674,757,804,805,806
O88676	391	212,216,222
P33174	1231	88,89,90,91,92,93,94,95
Q91VN6	622	225,226,227,228,229,230,231,232
Q3ULB5	682	414,415,416,417,418,419,420,421,422,437
Q8BWD8	501	27,28,29,30,31,32,33,34,35,52
Q6PHZ2	499	20,21,22,23,24,25,26,27,28,43
Q1HFZ0	757	184,185,186,187,188,189,190,215,242,268
E9PV24	789	714,716,718,720
Q7M6Z4	1394	84,85,86,87,88,89,90,91
Q9Z2M7	242	8,10,17,119,130,137,175,177,205,217,219,222
P58389	323	148,153,154,208,214,304,307,308
Q6P9R2	527	23,24,25,26,27,28,29,30,31,46
Q6P8M1	295	112,149,174,222
P57780	912	779,781,790
P11152	474	194,197,199,202
Q9QZ15	238	146,152,197,198,199,203,209,210,211,219,220
P35285	194	12,13,14,15,16,17,18,19,20,60,61,62,63,64,118,119,120,121,148,149,150
Q3U186	578	133,134,135,144,322,326,350
Q08501	608	206,207
P49429	393	183,266,349
Q9JKF4	209	116,118,122,168,169,170,174,182,190,191,203
Q924W5	1097	82,83,84,85,86,87,88,89
Q9WUL7	182	24,25,26,27,28,29,30,31,48,67,68,69,70,71,126,127,128,129,159,160,161
P00329	375	47,68,98,101,104,112,175,200,201,202,203,204,205,224,229,293,294,295,370
Q9QXY6	535	65,66,67,68,69,70,71,72,220,258,489,491,493,495,500
Q921V5	442	118,119,120,121,122,149,224,225,226,227,228,256,293,369
Q8CCG1	527	382,385,397,401,493,496,508,512
A0A286YEC0	699	238,242,318
Q923W1	853	711
Q8BG71	446	208,215,255,283,284
Q8K419	326	259,260,261,262,263,264,265
Q91XX0	941	40,41,94,96,128,129,130,131,132,147,162,164,168,204,206,219,237,238,239,240,241,256,271,273,277,312,314,327,345,346,347,348,349,379,381,385,432
Q9R0N3	430	249,252,255
Q6ZPS6	1085	334,337,352,354,357,360,379,384,466,469,474,479,520,523,538,541,546,549,556,566
Q91X79	266	85,87,90,95
B2RUD9	748	350,354,360
Q9Z1S0	1052	762,763,764,765,766,767,768,769,770,784
O89033	562	204,205,206,207,208,209,210,211
Q8R429	994	304,305,307,309,351,353,442,489,515,560,625,626,627,678,684,703,706,768,771,796,799,800,908
Q9R0H0	661	139,178
P39876	211	24
P10126	462	14,15,16,17,18,19,20,21,153,154,155,156,194,195,196
Q8BWB6	489	37,38,39,40,59,60,92,93,94,95,96,97,98,99,117,150,151,159,228,280,301,315,318,377,394,408
Q80WQ9	1168	135,138,159,164,305,308,329,334,477,480,500,505,578,581,602,607
Q8QZS1	385	120,145,168,176
Q9D0S9	163	63,80,136,142,143,144,145,149,150,151
Q9CQW5	130	65,66,67,68,69,70,71
Q8C129	1025	295,428,429,430,431,432,464,468,487
Q04519	627	204,206,276,316,423,455,457
P62331	175	23,24,25,26,27,28,41,42,43,44,63,64,65,66,67,122,123,124,125,155,156
P29037	316	144,180,195,234,271
Q76EC5	413	190,191,192,193,194,195,196,250,251,252,253,254,255,256,257,258
Q9CZJ6	204	56,59,112,115
Q922H2	415	247,248,249,250,251,252,253,254,287,306,307,323,324,325,326,327,328
Q8C7R4	1053	470,497,508,521,569,570
Q8R4G6	740	377,378,525,553
Q69ZS7	682	265,266,267,268,269,270,271,272,404,405,406,407,443,444,445
Q9D967	164	11,12,13,20,69,70,100,123
Q9CPT3	248	12,13,14,131,132,164
Q63994	403	118
Q69Z66	819	647,649,660
Q60700	888	164,165,166,167,168,169,170,171,172,185
Q9CR68	274	217,219,236,239,241
Q3UTA9	244	84,85,130,131,185,186,187,188,189,190,233,234,235
Q61503	576	38,40,87,119,222,245,356,392,397,419,502,508
P97499	2629	1177,1178,1179,1180,1181,1182,1183,1184
Q923K4	492	256,257,258,259,260,261,262,263,303,304,305,306,307,374,375,376,377
Q3V300	660	122,123,124,125,126,127,128,129
A2AIV8	536	3,10,73
Q7M766	736	341,345,351
P70170	1546	702,703,704,705,706,707,708,709,1343,1344,1345,1346,1347,1348,1349,1350
Q8BUY9	377	219,220,221,263,264,265,266,269,271,272,273,274,275,321
Q8CC86	538	21,210,318,380
Q91WG5	566	299,314,315,316,317,318,319,359,380,381,399,429,434,455,456,471,472,473,474,498,527,528,543,544,545,546
Q6Q899	926	243,248,265,266,267,268,269,270,271,272,811,814,865,870
Q8K1E6	286	115,141,142,143,179,180,181,191,193,194,257,269,270,271,272,273,274,275
Q8R216	333	59,60,61,62,63,64,65,66,67,68,69,70,71,72,73,74,75,76,77,78,79,140,141,142,143,166,169,217,220,257,258,259,283,284,285,301
P62827	216	18,19,20,21,22,23,24,25,36,37,38,39,40,41,42,68,122,123,124,125,150,151,152
P59509	1210	297,485,489,495
Q8BTF7	911	271,272,273,274,278,331,345,367,427,432,449,451
Q3TYD4	525	44,45,84,137,162,251,302,303
Q8CBB9	362	84,88,91
Q96DY5	654	340,341
O70293	576	192,193,194,195,196,197,198,199,200,215,264,265,266,267,268,269,270,315,316,317,318
Q9D2N8	638	231,260,283,285,416,419
Q9JMI0	775	612,616,672
O70551	648	86,87,88,89,90,91,92,93,94,109
Q80Y20	664	227,228,229,238,240,242,292,328,334,341,343,349
Q3TIX9	564	135,138,154,160
Q64521	727	71,72,73,74,75,76,77,78,79,80,81,82,83,84,85,86,87,88,89,90,91,92,93,94,95,96,97,98,99,672,674,676,678,683
Q9EQZ6	1011	422,423,424,425,432,433
Q09324	428	128,129,130,155,156,157,187,243,250,251,254,320,341,358,378,401
P54822	484	20,21,85,86,87,111,112,241,303,329,334,338
Q99M87	480	236,239,253,256,275,278,289,292
Q9D1P2	458	210,213,226,230,317,319,325,326,327,329,330,354,363,408,432
Q8BK63	337	23,24,25,26,27,28,29,30,31,46
Q8C0X8	640	30,31,32,33,34,35,36,37,38,53
Q91WG8	722	19,23,113,220,253,259,271,280,281,282,301,302,307,321,413,416,417,418,420,476,477,489,516,517,545,566,569,579,581,586,588
Q9R0T8	717	15,16,17,18,19,20,21,22,23,38
O35864	334	138,140,151
Q9Z2W1	426	26,27,28,29,30,31,32,33,34,49
Q8K248	371	163,258,339
Q9ERH7	1192	203,204,205,206,207,208,209,210,211,226
Q6P6M7	504	75,97,98,105,271,313,398,463
P52480	531	70,73,75,76,77,78,106,113,114,120,207,270,272,295,296,328,432,433,434,435,436,437,464,482,489,516,517,518,519,520,521
P42682	527	277,278,279,280,281,282,283,284,285,299
Q99JG7	430	406,409,424,428
Q61687	2476	1579,1580,1581,1582,1583,1584,1585,1586
P39087	908	516,518,523,689,690,738
Q63739	173	105,106,107,108,109,110
Q9D6J3	314	43,46,80,83
Q9Z1S3	795	483,485,487,489,494
Q91XX3	929	39,40,91,93,125,126,127,128,129,144,159,161,165,201,203,216,234,235,236,237,238,253,268,270,274,306,308,321,337,338,339,340,341,356,371,373,377,409,411,424,442,443,444,445,446,461,476,478,482,519,521,534,552,553,554,555,556,593,595,599,646
Q9R0N0	392	37,43,44,46,136,138,140,141,186,236
P33610	505	287,367,384,424
P63328	521	90,92,118,150,199,281
Q6ZQJ5	1062	137,394,397,403,649,650,651,652,653,654,655,656
O08532	1103	259,261,263
Q80ZU0	179	23,24,25,26,27,28,29,30,66,67,68,69,70,125,126,127,128,159
Q5U4C9	599	226,227,228,229,230,231,232,233,234,249,299,300,301,302
P56546	445	106,186,187,188,189,190,191,210,243,244,245,246,247,248,249,270,271,272,296,321,322,323,324
Q9DBC3	837	202,203,204,205,206,217,233,276,277,278,279,280,281,282,334,335,373,374,375,438
Q8K370	1069	792,793,794,795,796,797,798,799,800,801,802,828,943,1013,1044
Q922H1	532	236,260,282,284,310,311
Q8JZN7	620	11,12,13,14,15,16,17,18,57,58,59,60,61,118,119,120,121,197,199,201,208,317,319,321,328,424,425,426,427,428,429,430,431,461,462,463,464,465,526,527,528,529
A2ARA8	1062	274,276,278,282,328,330,332,336,394,396,398,400,402,458,460,462,464,466
P61027	200	18,19,20,21,22,23,24,35,36,37,38,39,40,41,64,65,66,67,68,122,123,124,125,152,153,154
S4R196	498	435
P97504	651	121,132,133,143,399,400,401,402,403,404,405,406,407,421
O88870	551	10,293,296,301,304
A2AJ15	658	647
Q8CFJ9	790	719,722,733,736,743,746,757,760,762,765,768,779,783,785,787
Q9Z0F8	827	184,405,409,415
Q8C7H1	415	147,148,149,150,151,152,153,154,155,289,325,326,327
Q8CIE2	920	616,618,639,642
Q920E3	988	550,551,552,553,554,555,556,557,558,559,560,561,562,563,564,565,566,567,568,569,570,571,572,573,574,575,576,577,578,579,580,581,582,583,584,585,586,587,588,589,590,591,592,593,594,595,596,597,598,599,600,601,602,603,604,605,606,607,608,609,610,611,612,613,614,615,616,617,618,619,620,621,622,623,624,625,626,627,628,629,630,631,632,633,634,635,636,637,638,639,640,641,642,643,644,645,646,647,648,649,650,651,652,653,654,655,656,657,658,659,660,661,662,663,664,665,666,667,668
F8WGU9	509	456
Q6PB75	542	290,292,353,378,396,397,481,485
Q9QYJ0	412	143,146,159,162,186,189,202,205
P24526	132	107,127,128,129
Q6P9R1	639	228,229,230,231,232,233,234,235
P57748	482	99,163,164,165,175,177,182,183,185,187,190,196,197,199,201,203,205,208,225,229,235
Q7TPM3	477	99,102,121,127
Q9JJY4	825	85,90,107,108,109,110,111,112,113,114,115
Q5NCC3	630	227,230,249,255
Q8VCC9	807	325,354,358
Q5F2E8	1001	34,35,36,37,38,39,40,41,42,57
P58158	335	82,83,84,113,156,161,194,195,196,308,309,310
Q8BVW3	440	22,25,45,51
Q99MK8	689	197,198,199,200,201,202,203,204,205,220
Q91X77	490	435
Q9CQ49	156	20,43,112,113,114,115,116,123,124,125,126,127,133,134
Q7TS68	476	242,243,244,245,246,247,248,266,293,323
Q8BY71	416	238,239,240,245,246,247,248,249,250,251
Q9JIK5	851	302,303,304,305,306,307,308,309
Q3V1H3	1159	126,128,186,188,303,346,351,656,699,704,709,1002,1005,1007,1047,1048,1049,1053,1058
Q99K70	398	70,71,72,73,74,75,89,95,177,178,180,219
Q3TT99	632	308,310,323
P49650	373	46,203,204,205,283,284,285,286,287,303,304,305,306,310
Q61183	739	100,101,102,109,113,114,115,167,228,237,246,247
P48453	525	99,101,127,159,208,290
Q8VDC0	902	641
O88554	559	404,405,406,413,420,446
Q5D1E7	596	226
Q924W6	1242	107,110,131,137,167,170,190,195
Q9ESG9	490	107,108,109,110,111,112,113,114,115,130,229,242,244
O09035	87	29,30,31,32,33,55,74
P08113	802	107,149,162,199
Q6R6I7	758	45,48,50,52,58,59
Q5BKP2	858	209,212,229,242
Q3TSG4	395	194,196,205,267,278
Q9WVE0	198	56,87,90
Q99LC5	333	223,248,263,264,265,266,281,282,283,284,285,286,300,318,319
Q8VEG6	555	240,276,360,365,410,412,479,484
P50096	514	274,275,276,324,325,326,328,329,331,364,365,366,387,388,411,412,413,414,415,441,500,501,502
O09173	445	335,341,371
P41245	730	100,131,165,175,177,182,183,185,187,190,197,199,201,203,205,206,208,401,405,411
Q8JZY4	584	345,348,406,475,476,496,554,575
Q8R071	459	195,207,247,248,249,260,262,283,310,311,312,313,314,315,316,317,334,414,417
Q6P6J4	239	80,81,82,100,101,102,137,139,149,151,152,214,226,230,232
O09110	347	70,71,72,73,74,75,76,77,78,93
Q9DCM0	254	79,135,154
Q9CTG6	1169	867,871
O35744	398	70,71,97,98,99,100,141,210,211,212,213,360
Q9WU20	654	62,63,64,65,66,67,93,94,126,156,157,158,173,174,196,200,201,202,203,209,216,227,320,324,455,460,461,462,463,480,481,482,483,484,559,572
Q8C6J9	863	149,150,151,152,153,154,155,156
Q9CQF6	309	47,86,87,88,89,90,91,108,109,110,111,129,181,182,183,184,185
Q811U4	741	85,86,87,88,89,90,237,238,239,240,284,286
Q9JHI0	527	86,213,217,223
Q8R2S9	624	55,56,283,284,285,286
P16627	641	14,15,16,17,73,204,205,206,270,271,272,273,274,275,276,277,341,342,343,344
P15532	152	12,60,88,94,105,115
Q99LE6	628	123,124,125,126,127,128,129,130,435,436,437,438,439,440,441,442
Q8BX37	438	141,170,173,205,286,333,335
P54761	987	621,622,623,624,625,626,627,628,629,647
Q9DBX6	501	441
Q8VI93	1138	855,867,869,939,998,1001,1020
P61161	394	160,161,162,214,215,216,217,218,305,306,307,308,309,310
P62274	56	21,24,39,42
Q9QWK5	1403	315,318,335,342,476
Q8BKX7	478	221,226,239,243,251,256,269,273,281,286,299,303,311,316,329,333,341,344,357,361
O55143	1044	304,305,307,309,351,353,442,489,514,559,624,625,626,677,683,702,705,767,770,795,798,799,907
Q9CXP9	373	92,343,346,352
Q8BPY9	683	413,453,454,455,456,457,458
Q9D0D4	313	37,39,64,85,113,128
P28661	478	151,152,153,154,155,156,157,158,185,290,291,292,293,294,295,296,297,298,348,363
Q9R1L5	1570	381,382,383,384,385,386,387,388,389,404
O35292	155	62,63,64,65,66
Q8C7U7	622	269,271,407,511,514,528,533
Q8VCX1	325	22,23,24,25,26,52,57,88,119,131,168,169,192,218,219,220,221,222,223,229,272,273,274,275,276,277,278,279,280,281,282
Q8CHG7	1496	135,136,137,138,139,140,141,142,143,144,145,146,147,148,149,150,151,152,153,154,155,156,157,158,159,160,161,162,163,164,165,166,167,168,169,170,171,172,173,174,175,176,177,178,179,180,181,182,183,184,185,186,187,188,189,190,191,192,193,194,195,196,197,198,199,200,201,202,203,204,205,206,207,208,209,210,211,212,213,214,215,216,217,218,219,220,221,222,223,224,225,226,227,228,229,230,231,232,233,234,235,236,237,238,239,240,241,242,243,244,245,246,247,248,249,250,251,252,253,254
Q5RJI5	778	40,41,42,43,44,45,46,47,48,63
Q6PEE3	351	100,131,134,194,228,231
Q9Z1N5	428	89,90,91,92,93,94,95,96
Q4QY64	1826	1119,1120,1121,1122,1123,1124,1125,1126
Q8VEA8	199	15,16,17,18,19,20,21,22,34,35,36,37,38,39,40,63,64,65,66,67,124,125,126,127,154,155
Q8BJG4	216	82,87,164,169
Q99NB1	682	217,218,219,220,334,410,411,412,434,435,436,437,438,439,526,541,549,552
Q8BSK8	525	97,98,99,100,101,102,103,104,105,123
Q9QZE7	290	129,197
Q922S4	939	430,445,464,487,498,659,695,696,807
P80560	1001	899,931,932,933,934,935,936,937,976
Q60710	658	148,149,151,169,174,177,182,188,199,238,239,247,265,266,343,347,351,365,395,397,401,417,419,420,494,498,565
P70669	749	580,584,642
P47743	908	156,177,178,179,227,309,401
Q8WTY4	309	235,244,247,249,271,274,282,285
Q6P5D3	1388	568,569,570,571,572,573,574,575
P01139	241	171,173,209
P47810	646	304,305,306,307,308,309,310,311,312,327,341,430,462,464
P26443	558	141,142,143,147,171,176,252,266,270,319,322,438,444,450,516
P61092	282	98,105,117,121,128,135,147,152
Q78JT3	286	43,47,53,91,95,105
Q9QUP4	395	49,50,51,52,53,54,55,202,203,204,205,206,207,208,209,210
P61750	180	24,25,26,27,28,29,30,31,67,68,69,70,71,126,127,128,129
Q9DBN5	852	375,376,377,378,379,380,381,382
Q9D5S7	820	421,422,423,424,425,426,427,428
A2AIG8	502	106
O55201	1082	577,617
Q9R194	592	270,307,373,405,406,407
Q9CXJ1	523	40,41,42,50,76,228,229,230,231,232,246,249,284,285,286,287,288
Q9DC29	842	599,623,624,625,626,627,628,629,630,631,632,633,634
Q8BGU0	532	476
Q80UW0	612	233,234,235,236,237,238,239,240,241,263,264,280,285,290,325,333,337,344,457,458,459,463,464
P46737	291	122,124,135
A4Q9E4	540	169,175,176,197,198,199,200,210,211,212,236,255,256,258,278,330,343,345,361
Q9D711	290	56,58,101,103
P59325	429	27,28,29,30,31,32,33,34
Q91VC3	411	60,65,85,86,87,88,89,90,342,367,368,369,370,371
Q8CFA1	622	214,215,216,217,218,219,220,221,222,235,335,336,337,338
Q8VCD7	1054	134,190,192,200,208,236,242,243,278,308,310
Q9CXF7	900	65,66,67,68,69,70,71,72
Q9D1A2	475	99,132,166,167,195,228,330,343,417,445
Q9D842	499	371,376,381,382,418,423,424
Q61136	1007	693,694,695,696,697,698,699,700,701,717
Q8C0E3	641	186,189,208,213
P12023	770	96,97,98,99,100,101,102,103,104,105,106,107,108,109,110,147,151,168,183,186,187,677,685
Q8BM89	598	82,83,120,174,267,325,326,343
Q9JIF3	477	162,268,269,274,394
Q91VE0	643	243,244,245,246,247,248,249,250,251,252,253,254
Q8CIH9	517	280,327,389,390,426,503,506
Q8QZT1	424	216,255,256,257,260,277,278,280,281,378
Q14BI2	872	145,166,167,168,216,295,377
Q62240	1548	439,513,515,521,523,531,601
Q9Z1R3	190	138,145
Q9D1G1	201	15,16,17,18,19,20,21,22,23,33,34,35,36,37,38,39,40,63,64,65,66,67,121,122,123,124,151,152,153
P00186	513	225,456
Q8R1Q8	523	74,75,76,77,78,79,80,81
P46096	421	171,172,178,230,231,232,235,236,238,303,309,363,365,371
Q9WUA2	589	357,363,366,367
Q05A80	1031	982,988
P83870	110	11,23,26,30,33,46,49,58,61,72,75,85
Q91YI6	484	213,215
A6H630	439	251,252,256,289,365,366,367,368,369,402
P48410	736	507,508,509,510,511,512,513,514
B1AVZ0	310	134,143,177,178,179,180,187,204,233,239,240,241,242,243,244,245,246,247,300,301,302
P61213	200	27,28,29,30,31,32,33,34,75,76,77,78,79,134,135,136,137
Q6PB93	570	142,175,200,223,224,225,330,358,361,364,366
Q9CZD3	729	289,321,322,323,332,333,340,447,448,566,567,568,573
P97288	388	100,279
A0A087WSA6	508	57
Q99N23	324	122,124,147,231,232
Q9JLN6	793	171,342,346,352
Q60928	568	106,398,399,400,419,422,450,451,473
Q64685	403	186,209,230,319,320,321,350,351,362,366,367,373
Q5U3K5	725	50,51,52,53,54,55,56,57,100,101,102,103,104,177,178,179
Q5MPP0	372	43,69,234,239,257,260,261,315,319,336,339,340
Q9CZB0	169	127
P35564	591	75,118,165,167,186,193,426,437
B1AUH1	1446	1053,1085,1086,1087,1088,1089,1090,1091,1129
Q8C3X4	651	57,58,59,60,61,62,63,64,122,123,124,125,126,176,177,178,179
Q8C0L6	504	16,37,45,61,62,64,187,240,313,465,474,475
O35493	481	165,166,167,168,169,170,171,172,173,189
P23336	394	160,161,162,163,164,165,251,252,253,273,274,275,276,285,385,386,387,388,389,390,391
Q64434	451	197,198,199,200,201,202,203,204,205,219
Q7TNC6	2112	546,547,548,549,550,551,552,553
Q8VBT2	327	128
Q7TT41	619	241,242,309,390,392,465
O55028	412	279,315,328,330,333,334,335,364,367,370
Q6P5G3	631	54,57,74,78
Q8K3P1	485	82,84,197,297,301,303,321
O88833	509	320,456
O70340	429	275,353,354,355,365
G3X8Y1	545	124,127,147,153
Q60676	499	242,244,271,275,303,304,352,400,427
Q924Y0	387	38,40,43,82,202,204,347
Q8R0A0	249	227,229
Q80ZW0	539	213,214,215,216,217,218,219,220,221,236
Q8K2I1	437	248,249,250,251,291,292,293,294,297,299,300,301,302,303,362
P58465	276	112,114,223
P86546	95	62,66,69,75
A2A8L5	1898	68,69,70,71,72,73,74,75,76,77,1507,1539,1540,1541,1542,1543,1544,1545,1583
Q9ESC7	118	23,26,79,82
Q3UVX5	1203	64,151,172,173,174,222,304,395
Q9CQS5	547	123
P12849	381	137,138,139,140,141,142,143,144,145,146,147,148,149,150,151,152,153,154,155,156,157,158,159,160,161,162,163,164,165,166,167,168,169,170,171,172,173,174,175,176,177,178,179,180,181,182,183,184,185,186,187,188,189,190,191,192,193,194,195,196,197,198,199,200,201,202,203,204,205,206,207,208,209,210,211,212,213,214,215,216,217,218,219,220,221,222,223,224,225,226,227,228,229,230,231,232,233,234,235,236,237,238,239,240,241,242,243,244,245,246,247,248,249,250,251,252,253,254,255,256,257,258,259,260,261,262,263,264,265,266,267,268,269,270,271,272,273,274,275,276,277,278,279,280,281,282,283,284,285,286,287,288,289,290,291,292,293,294,295,296,297,298,299,300,301,302,303,304,305,306,307,308,309,310,311,312,313,314,315,316,317,318,319,320,321,322,323,324,325,326,327,328,329,330,331,332,333,334,335,336,337,338,339,340,341,342,343,344,345,346,347,348,349,350,351,352,353,354,355,356,357,358,359,360,361,362,363,364,365,366,367,368,369,370,371,372,373,374,375,376,377,378,379,380,381
Q8BM11	706	396,398,445,450
Q91X91	299	102,138,139,160,161,171,201,222,248,249,250,270
A1Z198	1177	137,138,139,140,141,142,143,144
A4Q9F4	727	246,252,253,279,280,281,282,292,293,294,318,340,341,342,343,362,425,438,440,470
Q8CG48	1191	32,33,34,35,36,37,38,39
Q8R5F3	152	21,119,120,121,122,123,124,125,152
Q99PQ2	467	92,95,114,119
P16045	135	45,46,47,48,49,53,62,69,70,71,72
Q920G3	569	114,120,122
O88703	863	581,582,584,591,592,632
O54865	620	105
A2ASZ8	469	60,62,64,66,71
Q925F3	292	20,23,43,46,111,116,135,138,143,146,151,156,185,188,203,206,211,214,226,232
Q8BWP5	278	185,187,190,191,192,208,209,210,211,217,221
Q9D1R2	351	8,9,10,11,12,13,14,15
Q80V53	376	155,156,157,158,159,160,161,213,214,215,216,217,218,219,220,221
Q80XL1	496	198,200,202,209,263
Q8BMB3	245	78,79,110,124,125,174,175,176,177,178,179,222,223,224
Q8BX07	270	106,108,217
Q9D7G0	318	96,97,98,99,100,101,128,130,139,143
P54751	337	102,144,167,227,263,267,287,296,313
P53668	647	345,346,347,348,349,350,351,352,353,368
Q7TPS5	1016	19,26,76,78,81,84
P14211	416	26,62,64,109,111,128,135,317,328
Q9JMK0	388	169,170,171,172,173,208,209,210,235,236,264,296,298,299,300,301,329,330,340
O70571	412	254,255,256,257,258,259,260,261,293,312,313,329,330,331,332,333,334
Q9DBW0	525	329,467
Q922P9	546	270,271,272,273,274,275,276,277,278,279,280,281,282,283,284,355,498
Q8K3F2	568	112,282,286,292
Q8BNV1	574	401,451,500
O88968	430	152,153,154,155,156,193,194,195,196,197,245,248,294,398,399,400
Q80SW1	530	155,229,254,284,288,318,319,320,321,322,341,376,397,398,399
Q3UU96	1719	83,84,85,86,87,88,89,90,91,106
B2RX12	1523	660,661,662,663,664,665,666,667,1319,1320,1321,1322,1323,1324,1325,1326
Q9WUR2	391	64,65,66,67,68,90,109,196,197,198,199,200
Q62132	656	553,587,588,589,590,591,592,593,631
Q8K268	709	210,211,212,213,214,215,216,217,525,526,527,528,529,530,531,532
P00536	343	69,70,71,72,73,74,75,76,77,90
Q69Z28	1222	247,431,435,441
Q9CXS4	252	129,131,149,151,154,193,196
Q9D110	203	10,11,12,13,14,56,61,145,146,147,148,149,150,151,152,153,154,189
Q8C0P0	865	40,41,42,43,44,45,46,47,48,61
Q99KL7	221	19,20,21,22,23,24,25,26,27,68,69,70,71,72,129,130,131,132,159,160,161
P84078	181	24,25,26,27,28,29,30,31,32,126,127,128,129,160
Q8CFT2	1985	1962
Q65Z95	119	23,26,79,82
Q99PM9	261	27,28,29,30,31,32,33,34,35,84,112,117,166,176,184,213
P32261	465	82,162,178
O54950	330	69,84,85,86,87,88,89,129,150,151,169,199,204,225,226,241,242,243,244,268,276,297,298,313,314,315,316
Q6PFX9	1320	1227,1230,1235,1238
P68372	445	11,69,138,142,143,144,204,226
P16460	412	10,11,12,13,14,15,16,17,18,36,87,92,115,116,117,118,119,120,121,122,123,124,127,180,189,270,282
Q8R087	327	100,101,102,103,104,139,140,141,164,165,194,224,226,227,228,229,257,258,259,266
Q60720	250	52,72,79,83,86,115,116,117,118,120,152,159,180,224
P14576	504	108,109,110,111,112,113,114,115,190,191,192,193,194,248,249,250,251
Q99LL3	419	176,177,178,179,180,181,182,250,251,252,253,254,255,256,257,258
Q8BWP8	415	227,229
Q6ZQ12	1394	247,249,251,253,258
Q9D9Q6	380	109,111,128,135,300
Q5M8N4	293	31,32,58,59,77,82,160
Q99MU3	1178	859,915,985
Q99M02	246	64,67,80,82,90,93,106,109
P70349	126	43,44,99,105,106,107,112,113,114
Q3U5Q7	447	259,260,261,262,263,264,265,266
Q80WE4	1774	152,153,154,155,156,157,158,159
P40201	1711	504,505,506,507,508,509,510,511
Q9D924	129	57,121,123
Q8VC48	359	304,307,325,328
P84075	193	73,75,77,79,84,109,111,113,115,120,157,159,161,163,168
Q9WVL5	950	485,488,511,522
P20612	350	36,37,38,39,40,41,42,43,146,171,172,173,174,175,176,177,199,265,266,267,268,322
Q9Z1K6	492	138,141,155,157,160,163,182,187,227,232,248,251,256,259,264,269,296,299,314,317,322,325,332,339
P28651	291	119,142
P43404	618	343,344,345,346,347,348,349,350,351,368
Q8K4F6	465	234,235,236,237,238,239,240,258,263,305
Q61282	2132	1983,1987,2007,2009,2010,2016,2017,2030,2031
Q8BFS6	312	90,127,246
Q8BU40	982	154,155,156,157,158,159,160,161
Q6P8Y1	208	52,54,56,58,63,88,90,92,94,99
Q6P9J9	911	624,667,670
Q9ET01	850	43,44,45,76,310
G3UZ78	1657	791,823
Q9Z0E8	557	218,219,220,221,222,223,224,225
O08848	538	378,380,445
Q64429	543	470
Q80YD1	779	207,208,209,210,211,212,213,214
Q8K1Z0	313	236,237,238,239
Q64343	666	118,119,120,121,122,123,124,125
Q3TFD2	534	392,394,398,403
Q99L27	348	26,27,78,129,130,131,180,181,183,186,189,219,220,221,242,243,268,269,270,285,286,287,288,289,290,314,315,316,317
E9Q3S4	1311	1050,1051,1052,1053,1054,1055,1056,1057,1058,1072
Q8R2K1	153	32,79,120,138,140
Q64481	504	443
Q8K449	1623	517,518,519,520,521,522,523,524,1325,1326,1327,1328,1329,1330,1331,1332
O09008	321	70,143,144,256
Q80TL0	749	270,271,432,476
Q8K4Q8	742	644,646,650,670,674,691,694,696,697,706,707,718,719,731
Q64191	346	234,235,236,237,257,258,259,260
P51656	344	3,4,5,6,7,8,9,10,11,12,13,14,15,16,17,18,19,20,21,22,23,24,25,26,27,28,29,30,31,32,33,34,35,36,37,38,66,143,160
Q8R0F3	372	128,257,258,271,273,291,294,298,334,339
Q91Z53	328	83,84,162,163,164,185,186,187,188,217,243,245,269,293,294,295,296
Q91Z98	402	70,71,97,98,99,100,141,210,211,212,213,360
Q8CEQ0	352	10,11,12,13,14,15,16,17,18,33
Q8R0J8	184	11,12,13,14,15,16,17,18
Q60935	325	117,174,228
Q9JJZ9	694	583,584,596,597
Q06335	707	163,167,184
A2BDX3	460	92,113,120,121,122,123,124,137,181,182,222,225,297,300
Q9Z2D1	643	330,355,356,418,419,420,421,422,423,459,463
Q9R111	454	82,84,85,86,87,213,214,240,241,242,243,330
Q9QXV3	279	213,215,226,231,237,240,253,256
Q9R0G8	1455	31,32,33,34,35,36,37,38,39,54
Q99P30	236	92,96
Q6PCN7	1003	294,295,296,297,298,299,300,301
Q69ZL1	1399	1197,1200,1213,1216,1221,1224,1242,1245
P63318	697	186,187,193,246,247,248,251,252,254,357,358,359,360,361,362,363,364,365,380
Q921Y0	216	79,84,161,166
Q8R5A0	433	17,18,19,52,55,65,68,74,78,86,90,137,206,207,258,259,260
Q33DR2	409	128,131,167,174,178,183,184,260,261,298,315
Q7TQQ0	308	105,109,260
Q923X4	156	61,67,102,114,146
Q5SVQ0	613	370,373,386,390,477,478,479,485,486,487,488,489,490,514,523
P33434	662	102,134,168,178,180,185,186,193,200,202,204,206,208,209,211,403,407,413,478,523,571,620
P51908	229	61,93,96
Q6H1V1	669	10,293,296,301,304
Q62074	595	259,260,261,262,263,264,265,266,267,282
P52734	960	735,738,752,755,760,763,781,784
P37172	509	214,215,216,217,218,219,220,221,222,235
Q8VCL2	255	122,126,213
P36371	702	502,503,504,505,506,507,508,509
Q9D7Z6	913	156,160,167
P11378	117	12,14,16,24,32,34,38,41
Q5YIR8	236	196,198,202,217,218
Q9WV84	186	44,92,120,126,137,147
Q8VDF3	370	29,30,31,32,33,34,35,36,37,52
Q91YH6	513	394
Q8BTY1	424	36,185,398
Q6PHS9	1154	300,302,304
Q5DTL9	1118	221,223
Q8JZK9	520	44,45,46,167,221,269,273
Q9WTP7	227	17,19,20,21,22,38,43,64,91,94,98,128,138,139,161,172,201
Q9CZE3	223	30,31,32,33,34,35,36,37,79,80,81,82,83,141,142,143,144
Q91WD5	463	326,332,347
Q3U4I7	581	38,39,40,41,42,43,44,45,46,47,48,49,50,51,52,53,54,55,56,57,58,59,60,61,62,63,64,65,66,67,68,69,70,71
Q80V85	475	93,96,114,120
Q3UWZ0	467	95,98,117,123
Q61879	1976	178,179,180,181,182,183,184,185
Q9EPL0	865	239,267,296,297,298,400,401,481,504,505
P09838	510	333,334,335,336,337,338,342,343,344,345,434,449,450
Q14CH7	980	105,123,205,235,236,237,260,264,627,631,744,748
Q3UVC0	959	414,426,429,439,442,447,450,457,673,674,675,676,677,678,679,680,681,789,804
Q6P8X1	406	41,42,43,44,45,46,47,100,101,102,103,104,105,106,114,115,116,117
Q6P9K9	1571	304,321,374,732,749,807,1142,1159,1241,1243
Q8BFR6	268	10,15,25,28,33,36,42,44,64,69,79,82,87,90,96,98
Q9D3R6	539	295,296,297,298,299,300,301,302
Q9CZU3	1040	137,159,160,161,162,163,164,165,166
E9Q9A9	742	436,448,450,519,582,585
Q8BZ03	875	558,559,560,561,562,563,564,565,566,581
P35487	391	93,119,120,158,166,168,197,198,199,226,228,293
Q8BU33	632	98,521,547
Q922Q4	320	6,7,8,9,10,11,34,56,69,70,71,72,95,96,97
Q8C255	478	91,93,190,217,263,284,295,353
Q8VHK9	1001	226,227,228,229,230,231,328,330,550,595,596,597,598
P51830	1353	399,400,401,402,403,404,441,442,443,487,1108,1185,1186,1187,1192,1193,1194,1195,1196,1232
Q99KK9	505	130,131,132,157,173,177,326,330,331
P47199	331	53,158,159,160,161,181,200,231,248,249,250,251,271,272,273
Q9Z1L5	1091	262,264,266
Q6PCX9	961	95,98,117,124
Q8R2Q4	779	77,78,79,80,81,82,83,84,141,142,143,144,145,195,196,197,198
Q03526	625	127,138,139,149,374,375,376,377,378,379,380,381,382,396
Q923D2	206	10,12,13,15,35,38,39,54,55,75,76,87,109,132,153,154
Q2XU92	667	227,228,229,230,231,232,233,234,235,418,419,420,421,422,423,496,511,624
P48025	629	371,372,373,374,375,376,377,378,379,396
P25688	303	68,69,170,187,234,235,261
P30677	355	42,43,44,45,46,47,48,49,176,177,178,179,180,181,182,201,202,203,204,205,270,271,272,273,327
Q8BHD0	217	15,16,17,18,19,20,21,22,23,68,69,70,71,72,127,128,129,130
P59024	211	148,150,152,154,159,192,194,196,203
Q9CWW7	660	173,176,179,185,188,191,207,212
Q62432	467	74,149,161,166
Q9WVM8	425	20,74,202,399
Q8R4B8	1033	165,222,223,224,225,226,227,228,229,230,518
Q5BKR2	547	244,275,278,279
Q9D939	296	49,50,51,52,53,54,107,108,109,131,139,194,228,229,230,231,232,233,256,257,258,259,260
Q9D0F9	562	23,117,288,290,292,293,357,376,378,389
Q11136	493	255,276,287,370,377,398,412,452
Q9CQB5	135	99,101,110,114
Q8C878	462	100,101,102,103,104,105,106,107,108,109,110,111,112,113,114,115,116,117,118,119,120,121,122,123,124,148,149,150,151,152,153,154,155,156,157,158,159,160,161,162,163,164,165,166,167,168,169,170,171
O88451	316	33,34,35,36,37,38,39,40,41,42,43,44,45,46,47,48,49,50,51,52,53,54,55,56,57,163
P56657	491	435
Q14B80	642	128,134,155,156,441,442,443,444
P53368	156	8,23,33,35,36,37,38,52,55,56,100,117,118,119,120
Q91YT0	464	87,88,89,90,91,92,93,94,95,96,199,200,201,202,203,204,205,206,207,208,209,210,211,212,213,214,215,216,217,218,219,220,221,222,223,224,225,226,227,228,229,230,231,232,233,234,235,236,237,238,239,240,241,242,243,244,245,246,247,379,382,385,425
Q64511	1612	100,129,157,158,159,170,171,172,173,174,175,176,177,385,386,387,470,550,552
Q8BWQ5	790	520,521,522,523,524,525,526,527,528,543
Q8R3B1	756	153,155,157,159,164,189,191,193,195,200,312,341,343,390,438,440,522,549,651,653,677,706,707,708
Q8BGG0	367	51,52,53,105,109,219,223,300,317,343,350,359,362
Q923B1	550	8,10,39,84,174,226,228
Q9WVF6	144	46,48,50,67
Q9R1E6	862	171,209,230,311,315,358,359,474,739,741,743,745,747
Q8BVE8	1365	1016,1018,1026,1032,1041,1046,1052,1075,1115,1116,1117,1118,1141,1142,1144,1186,1191,1192,1193,1198
Q6PDS3	724	103,110,149,150,151,152,153,154,155,156,157,190,191,192,193,569,570,599
Q5BKS4	688	41,43,156,213,218,594,596,619,631
Q3V132	320	93,105,248
Q9CWV1	833	447,448,449,450,451,452,453,454
Q65Z93	127	31,34,87,90
Q3UYG8	475	77,78,79,90,91,92,97,98,99,100,101,102,185,186,187,188,189,190,191,224
P97950	237	43,44,45,46,47,48,49,50,91,92,93,94,95,151,152,153,154
Q8BZT9	430	250,284,301
Q8VHL1	366	226,227,228,296,297,356
B2RX14	1644	326,329,342,348,1015,1016,1017,1018,1025,1026,1027,1028,1098,1120,1138,1139,1140,1141,1142,1254
P70699	953	404,600,616,674
Q9CZT8	219	29,30,31,32,33,34,35,36,37,48,49,50,51,52,53,54,77,78,79,80,81,135,136,137,138,165,166,167
Q923E4	737	253,254,255,256,257,258,259,260,261,262,263,264,265,266,267,268,269,270,271,272,337,338,339,340,363,366,387,390,432,433,434,457,458,459,474
P97479	2215	158,159,160,161,162,163,164,165
Q641K5	658	62,63,64,65,66,67,68,69,70,85
Q8JZV9	245	16,17,18,37,58,144,151,180,181,182,183,184,188,205
P24456	504	446
Q6PAT0	349	223,289,292
P58252	858	26,27,28,29,30,31,32,33,158,159,160,161,216,217,218
Q8VI63	235	78,83,157,162
P63087	323	64,66,92,124,173,248
Q9Z265	546	231,232,233,234,235,236,237,238,253,306,307,308,309,310,311,312,355,356,372
Q6PHN9	201	15,16,17,18,19,20,21,22,23,33,34,35,36,37,38,39,40,63,64,65,66,67,120,121,122,123,150,151,152
Q9EPK8	871	192,197,201,236,237,238,239,248,249,250,251,296,297,298,299,344,682
P70428	718	461,465,490,517,522,538,539,540,582,584,627,628,651,653,673
Q8CGK7	381	49,50,51,52,53,54,55,56,185,186,187,188,189,190,191,210,211,212,213,214,279,280,281,282,353
Q9QXA6	487	43,44,45,46,47,233
Q9CQE0	245	86,89,101,105
Q8VC88	220	105,107,109,111,116,135,137,139,141,146
Q8R534	806	338,342,348
Q3TZX8	714	322,323,324,325,326,327,328,329
Q8BGJ0	337	131,134,144,145,148,151,158,165
P70694	323	20,21,22,23,24,50,117,166,167,190,216,217,218,219,220,221,270,271,272,273,274,275,276,277,278,279,280
Q9WUR9	223	15,16,17,18,19,20,36,41,62,63,64,89,90,91,92,96,126,135,136,170,199
C0HKC9	504	34,35,36,37,38,39,40,41,42,57
Q9D361	337	58,64,74,78
Q5NCQ5	438	110,214,342
Q91V92	1091	58,66,67,109,111,118,216,257,260,262,309,346,348,364,379,769,770,771,772,773,774,775,776,777,778,779
Q5SSG5	203	11,12,13,14,15,16,17,18,59,60,61,62,128,129,130,131
Q571E4	520	36,37,76,286,287
Q91YS8	374	26,27,28,29,30,31,32,33,34,49
Q80YS9	662	2,3,4,5,6,7,8,9,10,25
Q9WVL3	1083	131,132,135,429,432,433,434,589
Q00915	135	41,63,109
Q8BP56	690	299,300,497,498
Q60597	1023	143,156,158,312,411,444,446,676
B2RUP2	1085	126,132,205,207,939,940,946,1004,1006,1012
Q8VEH6	393	47,48,49,50,51,52,53,54,105,107,108,109,110,111,112,201,202,203,204
Q80VP9	343	202,246,257,266,267,268,302,315
P70425	217	27,28,29,30,31,32,33,34,74,75,76,77,78,133,134,135,136
Q61035	509	130,131,132,157,173,177,326,330,331
A2AP18	1501	256,258,260,262,267,416,445,447,494,543,545,734,761,865,867,891,920,921,922
Q9R1C8	440	106
Q91WC0	594	75,104,105,106,254,275,276,277,278,279,325,326,327
A2AWR3	868	41,55
Q99M04	373	105,110,116,136,140,143,351
Q9WVJ0	1095	593,594,595,596,597,598,599,600,601,602,603,604,605,606,607,608,609,610,611,612,613,614,615,616,617,618,619,620,621,622,623,624,625,626,627,628,629,630,631,632,633,634,635,636,637,638,639,640,641,642,643,644,645,646,647,648,649,650,651,652,653,654,655,656,657,658,659,660,661,662,663,664,665,666,667,668,669,670,671,672,673,674,675,676,677,678,679,680,681,682,683,684,685,686,687,688,689,690,691,692,693,694,695,696,697,698,699,700,701,702,703,704,705,706,707,708
Q283N4	178	68,84,85,86,87,88,119,120,121,122,123
Q8BIP0	653	265,266,267,534,541,583,584,585,586
Q6PGK7	356	127,128,129,130,131,132,133,189,190,191,192,193,194,195,196,197
Q8BGL3	282	44,45,46,47,48,121,129,184,218,219,220,221,222,223,244,245,246
P11725	354	90,91,92,93,94,141,168,199,263,264,265,266,267,302,303,304,305,330
Q9Z268	799	21,27,74,76,82,149,155,202,204,210,682,693,694,704
Q3U2A8	1060	662
Q8CGQ2	763	351,355,361
Q91WS0	108	72,74,83,87
Q8VCM4	373	107,151,161,179
P70277	373	155,178,303,335
O70152	260	32,34,36,63,65,118,119,120,147,234,240
Q80WS1	387	158,193,194,195,196,197,198,199,200,201,202,203,219,264,277,279
Q69ZA1	1511	711,712,713,714,715,716,717,718,719,734
O35495	469	141,142,143,144,145,146,147,148,149,164
Q9Z2C9	660	250,275,276,339,340,341,342,343,344,384
P18337	372	118,120,126,143,144
O88708	433	65,66,67,68,69,70,71,72
Q8BH69	392	32,67,68,69,87,110,161,162,163,164,265
Q9WUN2	729	15,16,17,18,19,20,21,22,23,38
Q6NZP1	1069	59,60,61,62,63,64,65,66
Q05A13	316	40,41,42,43,44,45,46,47,48,49,50,51,52,53,54,55,56,57,58,59,60,61,62,63,64,173
P19157	210	8,14,39,45,52,53,65,66
Q9DBA8	426	159,192,260,263,334,336
D3YWJ0	796	107,108,109,110,111,112,113,114
G3UW81	524	468
Q711T7	725	355,356,357,358,359,360,361,362
P70704	1164	409,410,411,508,549,572,605,685,686,687,741,742,743,744,745,746,747,748,775,781,801,804,805,1095,1096,1097,1098,1099,1100,1101,1102
Q0P5X5	716	17,20,40,45
Q9DBK0	556	54,55,56,83,84,85,145,235,236,237
Q91Z83	1935	178,179,180,181,182,183,184,185
Q9DCX8	285	96,97,98,99,100,124,125,126,153,157,178,233,234,235,275
Q91YI0	464	27,114,159,289,321,326,329
P11404	133	127,128,129
P49615	292	10,11,12,13,14,15,16,17,18,33
Q9CYP7	492	386,387,388,389,398,463
Q91X51	446	17,19,102
Q6ZQB6	1129	59,60,140,193,200,219,220,243,244,245,246,252,253,254,268,270,315,327,328,329,332,333,334,335
Q9Z2C4	669	355,380,381,443,444,445,446,447,448,488
Q60613	410	164,248,272,273
P48168	496	247,248,249,250,251,252,253
O88856	376	77,78,79,80,81,182,190,194,237,284,285,286,287,288,289,290,291,292,293,299
O54863	358	18,19,20,21,22,23,24,25,26,41
O88705	779	491,492,494,501,502,542,545
Q8BH64	543	65,66,67,68,69,70,71,72,220,258,494,496,498,500,505
B1ARD8	910	280,282,319,599,600,601,602,603,604,605,606
Q5DTK1	884	722,836
P35846	255	101,105,122,123,124,125,126,155,156,157,158,159,160,194
O89016	606	421,422,423,424,425,426,427,428
Q91X97	193	73,75,77,79,84,109,111,113,115,120,157,159,161,163,168
Q2HJ10	371	49,102,106,222,226,303,320,354
Q80YE7	1442	19,20,21,22,23,24,25,26,27,42
Q6NXW6	688	136,137,138,139,140,141,142,143
P52787	417	171,222,270,365,366,367,368,369,370,386,387,388,389,390,391,392,393,394,395
Q01279	1210	720,721,722,723,724,725,726,727,728,747,792,793,857
P58929	530	110,136,140,143,154,167,171,175
P97793	1621	1126,1127,1128,1129,1130,1131,1132,1133,1134,1154,1201,1202,1203,1274
Q8VE11	617	248,273,274,337,338,339,340,341,342,378,382
Q921X6	316	287,290,296,307
Q8CFD4	459	104,130,143
Q8K0D5	751	54,55,56,57,58,59,60,61,121,122,123,124,125,175,176,177,178
Q504N0	417	177,178,179,180,235,252,253,304,305,306,356
Q4FZD7	595	33,34,35,36,37,38,39,40,41,56
Q8BWF0	523	201,216,217,218,219,272,273,274,275,276,277,322,486
Q9CQ62	335	66,67,68,69,70,71,91,117,119,149,214,240,241,242,243,251
Q60670	779	33,34,35,36,37,38,39,40,41,56
Q08288	388	6,9,21,25,33,36,48,51
P42867	410	46,47,48,58,127,180,181,182,183,184,185,186,187,188,193,254,303,304,305
B1AS42	316	158,159,160,161,162,163,164,165,166,167,168,169,170,171,172,173,183,184,185,186,187,188,189,190,191,192,193,194,195,196,197,198,199,200,201,202,203,204,205,206,207,208,209,210,211,212,213,214,215
Q9DD16	308	56,86,138,143,150,155,157,188,192,273
L7N463	504	446
O88398	819	109,110,111,112,113,114,115,116,135,136,137,138,139,140,141,142,143
Q8VDP6	213	47,50,51,55,61,68,72
Q62398	664	522,525,538,539
Q8CBA2	884	574,575,576,577,578,579,580,581
Q8K2T1	309	11,12,13,14,15,16,37,38,39,40,41,58,59,79,80,81,102,143,165,166,167,168
P28334	386	125,130,197
Q3UN58	186	153,156,172,176
Q922Q2	567	207,279,328,340
O70200	147	58,60,62,64,98,100,105
Q9Z2R9	619	173,174,175,176,177,178,179,180,181,196
Q148B1	490	435
Q58NB6	319	34,35,36,37,38,39,40,41,42,43,44,45,46,47,48,49,50,51,52,53,54,55,56,57,58,83,164,180
Q8JZW4	593	38,44,98,100,103,108,110,192,198,254,256,262
P63032	266	26,27,28,29,30,31,32,33,73,74,75,76,77,140,141,142,143
Q8BHN3	944	283,429,602,676
Q3UIZ8	795	497,498,499,500,501,502,503,504,505,520
O35066	796	97,98,99,100,101,102,103,104
Q8BGA8	578	229,230,231,232,233,234,235,236,237,367,368,369,370,371,372,454,469,565
P97464	746	166,203,267,269,271,280,300,319,324,346,349
P00757	256	77,84
P51855	474	125,144,146,148,149,150,151,214,215,216,220,267,268,269,270,305,364,365,366,367,368,369,370,371,372,373,375,398,399,400,401,425,450,452,458,461,462
O09158	503	442
E9Q876	2595	1378,1379,1380,1381,1382,1383,1384,1385,2290,2291,2292,2293,2294,2295,2296,2297
Q8K009	923	110,111,112,164,592,593,594,618,619,620,621,651,652,653,654,655,656,671,672,694,695,778,825,826,827
P0C1Q2	933	424,668,704,705,816
Q3TIW9	439	36,72,93,196,200,243,244,350
Q6XVG2	490	435
Q9QY01	1037	15,16,17,18,19,20,21,22,23,39
Q9QXF8	293	4,6,22,31,34,41,65,86,87,88,117,118,137,138,139,140,176,215,221,240
Q9Z275	317	180,202
P70180	536	101,130,131
Q8K4K6	548	367,370,382
Q80UE6	1222	181,251,252,253,254,301
O88685	442	230,231,232,233,234,235,236,237
P58242	456	28,30,93,134,236,277,279
Q8R0V5	405	347
E9QAU8	347	295,298,318,321
P68369	451	11,71,140,144,145,179,206,228
P07310	381	128,129,130,131,132,191,236,292,320,321,322,323,324,325,335
Q3UA06	432	179,180,181,182,183,184,185,186
Q9D0J4	184	23,24,25,26,27,28,29,30,66,67,68,69,70,125,126,127,128
P70352	309	100,161,181,215
Q8K1J6	434	64,67,77,79,151,194,197,200,203
P31938	393	74,75,76,77,78,79,80,81,82,97
Q00690	612	101,102,103,104,105,106,107,108,109,113,114,115,116,117,118,126,127,128
Q99LG0	825	24,26,48,51,73,76,81,89,93,102,115,118
Q811W2	512	441
Q9EQY0	977	577,578,579,580,581,582,583,584,585,599,643,644,645,690,691,692,693,711
P58801	539	24,25,26,27,28,29,30,31,32,47
Q8VC30	578	56,57,58,59,109,114,401,402,403,404,446,447,486,494,495,556,557,558
Q8VEE0	228	10,35,37,70,146,147,148,149,175,176,177,197,198
Q3UP38	726	91,93,95,102,547,548,549,550,551,552,553,554,595,596,597,598,599,654,655,656,657
Q8CAY6	397	223,226,252
Q9WVG6	608	160,169,193,215,244,272
P00520	1123	248,249,250,251,252,253,254,255,256,271,316,317,318,319,320,321,322
P18761	317	110,112,137,219,220
Q80V26	356	131,172,174,175,240,243,266,270,298
Q9WU65	554	20,24,94,148,259,281,326,427,428,429,430,431
Q9JKY7	500	446
Q8K4M5	188	100,109,133
Q9CZ09	362	158,159,160,161,162,185,206,207,208,259,260,261,283
Q9D416	372	28,29,30,31,32,33,34,35,71,72,73,74,75,130,131,132,133
Q9ES70	313	51,52,53,54,55,56,57,58,59,74
Q3UMR5	350	263
Q9Z1P5	260	65,68,70,72,78,79,142,145,147,149,155,156
Q9WV27	1032	726,730
Q9R117	1184	900,901,902,903,904,905,906,907,908,927
Q04735	496	171,172,173,174,175,176,177,178,179,194
P61208	192	20,21,22,23,24,25,26,27,68,69,70,71,72,127,128,129,130
Q6ZQI3	291	81,103,130,131,200
Q8VBY2	505	134,135,136,137,138,139,140,141,142,157
Q9R0M6	201	14,15,16,17,18,19,20,21,22,62,63,64,65,66,124,125,126,127,155
P35276	219	29,30,31,32,33,34,35,36,37,48,49,50,51,52,53,54,77,78,79,80,81,135,136,137,138,165,166,167
P26361	1476	401,458,459,460,461,462,463,464,465,493,1215,1240,1241,1242,1243,1244,1245,1246,1247
P38060	325	41,42,233,235,275
Q924X6	996	58,61,63,65,71,72
Q00519	1335	46,51,54,76,115,118,150,152,259,260,261,262,263,264,265,266,339,349,350,351,352,353,362,406,424,770,801,805,883,915,917,1013,1082
P11930	357	112,116
Q6NTA4	374	49,50,51,52,53,54,55,69,75,126,188,191,209,225
Q9QZ85	413	79,81,82,83,103,184,186,232
O35130	244	176,201,206,219,220,221,222,223,224
Q8BGW6	398	29,30,31,32,33,34,35,36,37,52
Q6P8N9	338	284
Q5Y5T1	380	128,131,135,140,141,142,143,145,148,155,162
Q8VCF1	403	170,171,217,286,347,398
Q9WVQ5	241	96,114,116,194
Q09LZ8	540	230,233,328
P20801	160	28,30,34,39,64,66,68,70,75,104,106,108,110,115,140,142,144,146,151
O35488	620	222,223,224,225,226,227,228,229,230,231,232,233
Q9CY28	285	118,119,120,121,122,123,124,125,147,148,149,150,151,165,166,167,168,227,228,229,230,262,263,264
B5X0E4	1255	422,423,424,425,426,427,428,429,1051,1052,1053,1054,1055,1056,1057,1058
Q9JIB6	1403	315,318,335,342,473,474,475,476,477,478
Q50L43	825	47,53,103,105,111,339,340
Q64487	1912	1521,1553,1554,1555,1556,1557,1558,1559,1597
Q8CCN1	673	169,170,171,172,173,174,175,176
Q9WTZ9	124	121
Q9WUI1	364	30,31,32,33,34,35,36,37,38,53,71
Q9JJZ2	449	11,71,140,144,145,179,206,228
Q8CJ19	1993	97,116,117,118,123,124,125,183,298,398,764,767,785,788,791,794,814,817
Q923T9	529	20,21,22,23,24,25,26,27,28,43
Q64441	514	462
P18654	740	74,75,76,77,78,79,80,81,82,100,428,429,430,431,432,433,434,435,436,451
P61205	181	24,25,26,27,28,29,30,31,67,68,69,70,71,126,127,128,129
P22682	913	227,229,231,233,238,292
Q03311	603	145,146
Q99P58	218	16,17,18,19,20,21,22,23,24,74,75,76,77,78,133,134,135,136,163,164,165
Q3TH73	532	113,116
P24063	1163	466,468,470,474,528,530,532,536,588,592,596
Q9D869	196	124,126,128,130,135,165,167,169,176
Q768S4	302	95,98,112,115,120,123,138,141
Q8BJ03	413	155,229,329,390
O70628	534	251,252,253,254,255,291,292,401,423,451,452
P97816	79	26,31,58,60,62,64,69
O54785	638	337,338,339,340,341,342,343,344,345,360
Q8K442	1620	514,515,516,517,518,519,520,521,1322,1323,1324,1325,1326,1327,1328,1329
Q3TY86	605	109,111,128,131,201,202,203,204,205,235,240,270,467,514
O35657	409	72,91,258,274,335
Q9QZ88	182	8,10,39,62,86,115,117
Q91ZP9	389	76,78,80,82,87,110,112,114,116,121
P81117	420	254,256,258,265,306,308,310,317
Q9Z2B9	773	39,40,41,42,43,44,45,46,47,65,417,418,419,420,421,422,423,424,425,440
Q80TF3	1145	31,32,88,90,121,123,124,125,140,155,157,199,212,230,231,232,233,234,249,264,266,270,305,307,338,340,341,342,360,375,377,381,412,414,427,445,446,447,448,449,464,479,481,485,522,524,537,555,556,557,558,559,594,596,600,646
Q9JM52	1308	31,32,33,34,35,36,37,38,39,54
A2ALK8	913	811,842,843,844,845,846,847,848,886
Q9CY18	387	73,75,103,117
Q8BM54	445	360,363,368
Q8C0D5	1127	26,27,28,29,30,31,32,33,92,93,94,95,96,146,147,148,149
P10649	218	7,8,43,44,45,46,50,59,60,72,73,116
Q920E5	353	57,60,96,103,107,112,113,200,201,240,257,266
P47758	269	69,70,71,72,73,74,75,76,77,90,91,92,93,118,178,179,180,181,246
P63137	512	121,180,181,226
B8JK39	1036	313,315,317,321,374,376,378,382,436,438,440,444
Q922H7	247	39,40,41,42,43,44,45,46,86,87,88,89,90,91,92,93,151,152,153,154
P51660	735	13,14,15,16,17,18,19,20,21,22,23,24,25,26,27,28,29,30,31,32,33,34,35,36,37,40,75,76,99,151,164,165,166,167,168,196,197,198,199,405,406,434,509,510,511,512,513,514,532,562,705,723
O88876	302	175
P62334	389	174,175,176,177,178,179,180,181
P61021	215	27,28,29,30,31,32,33,34,35,46,47,48,49,50,51,52,75,76,77,78,79,133,134,135,136,163,164,165
Q9QZX7	339	13,31,32,33,51,52,69,81,86,89,121,154,178,185,186,187,188,189,210,214,216,247,279,313,316
Q61391	750	103,584,588,647
Q8BHW6	681	477,479,481,483,488
Q8BZL1	478	23,43,177,179,222,238,383
P49442	396	54,79,80,153,155,156,157,158,264,266,286,287,290,308,313
P13745	223	9,45,54,55,67,68
Q6PCM1	1323	1122,1124,1251
Q9CXA2	354	105,106,269,274,275
Q9WVT6	337	109,111,135,217,218
A0A3B2WD63	508	57
Q6A152	507	452
Q3V1D3	745	301,303,372,373,374,375,376,377,570,573,647,648,649,650,651
P00342	332	29,30,31,32,33,34,35,36,37,38,39,40,41,42,43,44,45,46,47,48,49,50,51,52,53,54,55,56,57,99,106,138,169,248
Q7TS63	1237	273,276,289,293,301,304,317,321,328,331,344,349,356,359,372,377,406,409,422,426,460,463,476,481,767,770,783,788,795,800,813,817,827,830,843,848,877,880,894,898,906,909,922,926,934,937,950,953
P12242	307	56,269
P11157	390	139,170,173,233,267,270
Q80TE3	409	162,165,178,180,188,191,204,207
Q9Z2A9	573	110,407,428,454,455
Q8BUE4	373	18,19,20,21,22,54,82,285
Q922B2	501	229,273,274,275,281,282,283,424,427,431,472,473,474,475
P29755	359	15,17,167,182,183,184,199
P0C028	164	9,17,18,19,38,39,40,49,65,69,89,90,91,115,133
Q80W40	580	229,230,231,232,233,234,235,236,237,368,369,370,371,372,373,455,470,566
Q8C0N0	497	34,35,36,37,38,39,40,41,42,57
P48455	513	86,88,114,146,195,277
Q06986	325	139,146,158,162,169,176,188,193
P0C872	316	178,180,277
Q64471	240	40,53,54,66,67
O08810	971	135,136,137,138,139,140,141,142,203,204,205,206,207,257,258,259,260
Q8CII2	336	104,107,109,111,167,168,169,170,177,179,193,233,246,248
P42209	366	32,33,34,35,36,37,38,39,66,92,171,172,173,174,175,176,177,178,179,229,244
Q9D892	198	14,15,16,17,18,19,44,56,72,73,89,149,150,151,152,172,177,178
Q8CGU1	691	656,659,675,679
Q8K411	1036	104,108,205
Q8BGX0	574	411,412,413,414,415,416,417,418,454,455,456,457,458,513,514,515,516
O35604	1277	41,79
Q8BTZ7	360	110,218
Q923W9	797	134,346,350,356
Q8BH82	396	185,187,188,189,190,253,256,284,321,343,348
Q9DC51	354	43,44,45,46,47,48,150,151,175,176,177,178,179,180,181,200,201,202,203,204,269,270,271,272,326
P16277	499	241,242,243,244,245,246,247,248,249,263
O54885	114	52
Q91UZ1	1175	329,358,360,409
Q9ESK4	281	216,218,229,234,240,243,256,259
Q63959	769	159,165,186,187,504,505,506,507
Q9DAM2	216	60,62,69,149,153,160
Q8CFV9	155	15,21,27,29,82,84,91,104,107,109
Q8HWB0	341	27,42,61,112,170,171
Q8VDU5	748	22,23,24,25,26,27,28,29,30,45
Q6VVW9	501	250,448
P62821	205	18,19,20,21,22,23,24,25,26,36,37,38,39,40,41,42,43,66,67,68,69,70,124,125,126,127,154,155,156
Q571G4	749	525,527,532,537,539,546,549,551,554,599,601,606,611,613,620,624,626,629
Q8C6M1	916	8,10,30,33,43,48,53,60,64,70,83,86
Q91XB0	314	18,20,21,129,200
P23589	299	124,126,149
Q6PEB6	225	92,97,110,113,119,127,169,174
P97454	465	65,110,122,127
Q8K2Q2	248	59,72,85,86
Q3UHJ0	959	52,53,54,55,56,57,58,59,60,74
P56475	480	126,190,218
P35419	914	232,234,313,315,317,319,387,482
Q7M760	708	10,13,24,27,90,93,104,107,155,158,169,172
O88673	730	124,126,128,135,169,171,173,175,180
O54915	431	244,282,283,284,285
P48774	224	10,11,49,50,51,52,53,62,63,75,76,119
P05532	979	571,599,600,601,602,603,604,605,606,626,674,675,676,677,678,679,680,798,799,812
P0CB42	389	144,175,176,177,220,221,222,231,233,287,338,339,340,341,342,343,344
Q9JMC3	397	135,138,151,154,178,181,194,197
Q9ERD7	450	11,69,138,142,143,144,204,226
P50294	290	103,106,107,208
P23738	662	88,201
Q8BGN3	440	32,71,92,193,197,240,241,354
Q6NZB1	378	60,69,93,115,144
Q60855	656	23,24,25,26,27,28,29,30,31,45
Q9CRY7	314	72,74,87
Q8R519	336	6,8,47,174,291
Q9JHB3	224	30
Q78IQ7	660	520,521,524,549,550,553
Q921L8	608	191,222,245,246,247,350,378,381,386
Q9D0I9	660	200,201,202,211,384,388,412
P99024	444	11,69,138,142,143,144,204,226
Q8CAV0	164	118,122,128
Q8BGB5	128	41,44,62,65,68,71,89,92
B2RWS6	2412	348,352,365,370,379,383,389,394,403,407,412,415,1397,1398,1399,1409,1410,1456,1461,1465,1669,1672,1682,1685,1691,1694,1700,1702
Q04447	381	72,128,129,130,131,132,191,232,236,285,292,320,321,322,323,324,325,335
Q80SU7	2427	1495,1496,1497,1498,1499,1500,1501,1502,1548,1549,1550,1551,1625,1626,1627,1628
A2AUQ7	319	97,98,99,100,101,102,188,189,190,210,211,212,213
E9PYH6	1716	1693
Q05186	325	86,88,90,97,122,124,126,128,133,173,175,177,179,184,210,212,214,221,251,253,255,257,262,287,289,291,293,298
P97333	923	195,209,250
Q5NCY0	1641	1388,1390,1468,1573,1576,1600,1603
P53395	482	291,306,349,378,399,400,403,424,426
Q9JIW5	430	68,113,125,130
Q3T9E4	415	66,68,69,70,90,171,173,219
A2A259	760	643,645,647,654
Q9CQA3	282	95,100,103,115,188,191,194,198,203,245,251,255
Q8BYH3	481	59,65,75,79
Q9D136	315	226,228,284,294
Q5BKQ4	473	205,208,210,213
Q400C8	359	254,258,264,265,270,289,292
P52196	297	187,250
Q9CWR2	428	14,15,16,49,52,62,65,71,75,83,87,124,132,205,206,239,259
Q3THK7	693	244,245,246,247,248,249,250,337,522,610,685,691
Q91VR5	740	46,47,48,49,50,51,52,53
Q2NKH9	311	85,86,87,88,89,90,176,177,178,198,199,200,201
Q61772	998	639,640,641,642,643,644,645,646,647,665
Q9CW73	334	91,92,93,122,165,170,195,196,197,311,312,313
Q9JHH6	422	180,181,182,183,238,255,256,309,310,311,362
Q08189	693	222,225,227,228,230,302,304,306,308,325,394,416,444,449
Q8BW72	1064	132,188,190,198,206,234,240,241,276,306,308
Q9D1P4	331	5,10,24,27,42,43,59,64,157,162,176,179,194,195,211,216
Q3UJK4	602	179,180,181,182,183,184,185,186,260,261,262,263,264,316,317,318,319
Q0VGM9	1203	42,43,44,45,46,47,48,49,145,163,172,207
Q9D5H4	237	83,118,121,163,197
Q8BGD6	560	133
P34927	284	190,196,215,239,241,252,253,264,265,277
P56371	218	20,21,22,23,24,25,26,27,28,68,69,70,71,72,126,127,128,129,156,157,158
Q7TPQ3	1674	368,369,370,371,372,373,374,375
P42125	289	93,94,95,96,97,140,164
Q8CBH7	400	168,171,184,186,194,197,210,213
P41230	1554	514,517,602
Q8VDD5	1960	174,175,176,177,178,179,180,181
Q80X60	432	94,96,98,100,105
Q8VCH7	341	40,41,42,43,44,45,46,47,48,49,50,51,52,53,54,55,56,57,58,59,60,61,62,63,64,197
Q63871	58	19,22,36,39
Q9QXT8	256	175,177,179,181,186,223,225,227,234
Q9D0T2	339	115,116,117,118,119,120
Q6P8J7	419	162,163,164,165,166,225,270,326,354,355,356,357,358,359,369
Q9QZS2	194	136,139,158,160,163,166,177,180
Q8CJ91	325	285,287,289,292,303,304
Q6P9S7	603	185,214,237,238,239,342,370,373,378
O08529	700	89,91,96,175,229,230,292,299,319,323,542,545,547,552,585,587,589,591,596,615,617,619,621,626,658,661
P35290	203	14,15,16,17,18,19,20,21,22,63,64,65,66,67,120,121,122,123,154,155,156
Q9D4J1	240	104,108,115,140,142,144,146,151
Q91ZX1	238	198,200,202,205,216,217
Q9JLK3	173	41,43,45,52,118,120,122,124,129,155,157,159,161,166
Q68FH4	458	43,49,50,52,143,145,146,190,233,234
Q8BH59	677	65,67,69,71,76
Q8C5D8	621	362,364,385,388
P0C090	1187	14,17,33,35,38,50,53
Q91YL3	548	105,106,107,108,109,110,111,112
Q9QXX3	151	54,56,58,75
Q91WP0	685	67,75,120,122,123,138,141,158,162
Q9WVS8	806	61,62,63,64,65,66,67,68,69,84
P13541	1940	179,180,181,182,183,184,185,186
Q9DBB5	207	98,99,152,153,154,155,156,157
Q80U44	1528	741,744,757,760,765,768,785,788
Q99N18	534	480
Q03146	911	213,232,235,237,255,257,362,363,614,615,616,617,618,619,620,621,622,653
Q69ZN7	2048	390,396,444,446,452,1142,1148,1204,1206,1556,1562,1611,1613,1878,1881,1884
Q99LS3	225	20,21,22,52,53,109,110,111,158,179,182
Q9QYM5	227	14,15,16,17,18,19,20,21,61,62,63,64,65,119,120,121,122
P39039	239	179,183,203,205,211,212,223,224
P21278	359	46,47,48,49,50,51,52,53,180,181,182,183,186,274,275,276,277,331
E9PZM4	1827	509,510,511,512,513,514,515,516
Q9WV07	711	408,413,588,592,711
Q91W97	915	30,84,85,86,87,88,89,90,91,155,172,173,208,209,232,235,260,291,292,293,294,413,414,415,425,426,449,532,533,534,535,536,537,600,601,617,618,653,654,677,679,680,705,739,744,745,781,782,783,784,785,858,859,860,861,862,863,864,894
Q8CAM5	267	64,65,66,67,68,69,70,71,112,113,114,115,116,171,172,173,174
O35400	338	67,68,69,70,71,72,95,100,144,152,207,241,242,243,244,245,246,271,272,273
P28862	477	92,124,158,168,170,175,176,178,180,183,190,192,194,196,198,199,201,218,222,228,297,389,438
O08795	521	49,50,53,55,57,63,64,91,94,96,98,104,105,222,224,226,228,233
Q61909	577	488,491,499,502,508,512,520,524
Q99ML0	440	394,397,405,408,414,418,426,430
Q9Z1T6	2097	164,167,180,183,188,191,210,213
Q2HXL6	931	492
Q61488	396	90,91,96,126,127,130,132,141,148,183
O88866	714	68,69,70,71,72,73,74,75,76,91
Q91ZR4	698	10,11,12,13,14,15,16,17,18,33
O35929	297	87,88,89,90,91,92,93,94,194,195,196,197
P11688	1053	265,272,283,285,287,289,291,337,339,341,343,345,404,406,408,410,412,468,470,472,474,476
Q3TYU2	1216	848,852
Q3UGR5	259	13,14,15,46,47,179,204
Q61420	336	55,101,102,117,118,119,120,121,122,123,124,188,210,211,212,213,214,272
P35235	593	425,459,460,461,462,463,464,465,506
Q9CXV1	159	102,114
Q6ZQ29	1240	34,35,36,37,38,39,40,41,42,57
Q8CI15	382	22,23,24,54,55,56,57,58,79,80,81,82,86,111,112,113,178,185,191,340,341,342
Q8BJM7	721	77,78,79,80,81,168,169,170,171,172,173,174,175,176,177,178,179,180,181,182,183,184,185,186,187,188,189,190,191,192,193,194,195,196,197,198,199,200,405,409,412
Q9R0Y5	194	18,19,20,21,22,23,39,44,65,66,67,94,95,96,97,101,132,138,149,177
Q9CX98	530	476
P40749	425	246,249,252
Q60848	821	231,232,233,234,235,236,237,238
Q62167	662	200,201,202,203,204,205,206,207,224,225,226,227,228,229,230,231
P16331	453	285,290,330
Q9D4V7	236	16,17,18,19,20,21,148,149,150,179,180
Q640Q5	837	521,570,571,572,573,574,575,576,577,644,645
P86448	445	93,96,115,121
B9EKR1	2312	1898,1930,1931,1932,1933,1934,1935,1936,1974
E9PX57	802	97,98,99,100,101,102,103,104
P97449	966	351,352,353,354,355,387,391,410
Q3TIU4	608	350,495,497
Q91WL6	271	59,85,99
Q8VCR2	304	40,41,42,43,44,45,46,47,48,49,50,51,52,53,54,55,56,57,58,59,60,61,62,63,64,65,66,67,172,189
Q80XI4	416	202,203,204,214,369
O35231	824	526,527,528,529,530,531,532,533
A0A0M6L0J6	224	50,208
E9Q1F5	1742	161,162,163,164,165,166,167,168
P23780	647	84,130,188,334
E9PX39	1209	249,341,388,392,398,445,448
Q6PFQ7	802	21,27,74,76,79,82,149,155,202,204,207,210,682,693,694,704
O88310	313	86,87,89,92,97,98,133,260,262,263,274,282
Q9D9R0	233	37,40,52,54,57,60,73,76,101,104,116,120
Q9R061	275	26,27,28,29,30,31,32,33,200,203
Q06806	1134	841,842,843,844,845,846,847,848,849,866
Q8BX94	484	90,178,179,431,432,433,434,435
Q8VEK6	421	366,368,379,384,390,393,406,409
Q9R1J0	362	165
P15539	500	381,447
P07147	537	192,215,224,377,381,404
Q8R3F9	869	205,216,218,395,417,435,552
P16125	334	30,31,32,33,34,35,36,37,38,39,40,41,42,43,44,45,46,47,48,49,50,51,52,53,54,55,56,57,58,100,107,139,170,249
Q9CPS6	165	59,60,128,129,130
Q9JI91	894	766,770,777,802,804,808
Q3TZ87	348	110,113,126,128,136,139,152,155
Q99J95	372	25,26,27,28,29,30,31,32,33,48,104,105,106,167
Q91WF3	1077	278,279,280,281,282,283,320,321,322,366,927,1007,1008,1009,1014,1015,1016,1017,1018,1054
Q8BYC6	898	30,31,32,33,34,35,36,37,38,53
Q9JI39	715	492,493,494,495,496,497,498,499
P35363	471	155,343
Q3V3R4	1179	497,499,501,505,579,581,583,587,641,643,645,649
Q8BZ25	745	40,41,42,43,44,45,46,47,48,63
Q8JZS7	343	56,57,248,250,290
Q61576	581	509,511,513,515,520,554,556,558,560,565
P70166	561	514,517,526,531,536,539,544,552
Q03719	651	104,131,132
P23818	907	492,494,499,668,669,719
Q3TKR3	982	154,155,156,157,158,159,160,161
Q14BI7	1383	157,158,159,160,161,162,163,164
Q9WV04	790	12,13,14,93,94,95,96,97,98,99,100
Q6NWW5	1356	308,309,310,311,312,313,314,315
O88587	265	85,107,115,133,134,160,161,162,163,184,187,212,213,242
P59481	347	92,127,158,160,161,162,187,190,257,258,259
P62196	406	190,191,192,193,194,195,196,197
Q9D9N5	185	110,112,114,121
P00493	218	69,134,135,136,137,138,139,140,141,142,166,186,187,188,194
O54833	350	46,47,48,49,50,51,52,53,54,69
Q03145	977	620,621,622,623,624,625,626,627,628,647
Q8CE64	614	80,83,137,140
P61793	364	39,124,125,126,127,128,129,210
Q0VE82	557	168,174,230,232,238
Q10738	264	87,153,163,165,170,171,173,175,178,185,187,189,191,193,196,214,218,224
Q5SPL2	1003	59,61,62,79,82,274,277,289,292,297,300,315,318
O88736	334	8,9,10,11,12,13,14,15,171
Q01098	1239	509,510,511,516,687,688,729
P48962	298	80,92,235
Q80UW5	1551	77,78,79,80,81,82,83,84,85,100
Q9WVS6	464	237,240,252,256,259,262,288,292,331,336,351,359,364,367,372,376,417,420,435,440,445,448,456,460
O08796	724	295,296,297,298,299,300,301
Q8QZR7	341	14,15,16,17,18,19,20,21,22,37
Q9Z1T5	566	505,508,516,519,525,529,537,541
Q62226	437	90,91,96,126,127,130,132,141,148,183
Q61133	244	40,41,53,54,66,67,104,105,106,107
Q52KG5	1881	462,463,464,465,466,467,468,469
Q9QYK5	411	93,94,95,96,97,98,99,100,101,123,124,140,145,150,185,193,197,204,317,318,319,323,324
Q80Z19	2680	46,143,151,153,168,170,177,275,322,324,401,528,530,532,535,536,871,992,994,999,1000,1305,1308,1315,1316,1318,1375,1376
Q99N16	524	468
Q9JJ78	330	37,38,39,40,41,42,43,44,45,63
Q3U962	1497	1312,1314,1315,1320
Q8BUB4	400	287,290,314,317,322,325,344,347
Q61327	619	75,77,78,82,320,352,417,420,421
O08582	668	167,168,169,170,171,172,173,174,252,253,254,255,256,308,309,310,311
Q64462	511	315,453
Q9DAV9	292	118,122
Q99PT9	997	104,105,106,107,108,109,110,111
Q2KHI9	1134	352,353,354,355,356,357,358,359
P61226	183	10,11,12,13,14,15,16,17,57,58,59,60,61,116,117,118,119
Q7TNF0	405	125,131,186,188,287,293,347,349,355
P63330	309	57,59,85,117,167,241
O88522	412	390,393,406,410
Q9JHU3	346	10,11,12,13,14,15,16,17,18,33
Q8R5C8	602	258,261,277,281,563,566,574,575,581,585,594,598
Q9CXJ4	717	489,490,491,492,493,494,495,496
P70227	2670	266,269,270,503,507,510,567,568,569,743,1122,1125,1881,1945,1995,2148,2151,2537,2538,2540,2557,2559,2562,2563,2564,2580
Q91XU0	660	20,23,31,35,39,265,266,267,268,269,270,271
Q61907	199	98,99,100,180,181
Q5DW34	1296	1060,1062,1066,1071,1073,1103,1107,1109,1113,1134,1135,1136,1171,1198,1199,1201,1254,1255,1256,1261
Q8BVP5	415	52,53,54,55,56,57,58,59,60,75
Q02152	479	134,139,208
P13542	1937	181,182,183,184,185,186,187,188
P39054	870	41,43,44,45,46,59,60,206,208,211,236,237,239
Q63811	179	31,33,35,37,42,63,65,67,69,74,100,102,104,111,141,143,145,147,152
Q8CG70	732	580,582,652
P00687	511	115,173,182,210,216,313,352
O35674	920	133,346,350,356
Q9ESL4	802	22,23,24,25,26,27,28,29,30,45
P35293	206	15,16,17,18,19,20,21,22,23,63,64,65,66,67,122,123,124,125,151,152,153
Q6URW6	2000	194,195,196,197,198,199,200,201
Q9R0S3	578	109,247,251,257
P20917	627	65,66,67,118,124,125,126,127,128
Q8R2S1	544	151,152,153,154,155,156,157,158,159,177
Q61006	868	580,581,582,583,584,585,586,587,588,608
Q9R062	333	9,10,11,12,13,14,15,77,102,103,104,133,134,135,160,161,162,163,164,212,213,214,215,216,217,218
P21447	1276	423,424,425,426,427,428,429,430,1066,1067,1068,1069,1070,1071,1072,1073
Q02853	492	84,168,170,175,176,178,180,183,196,219,223,229
P54279	859	45,70,109,110,111
Q60715	534	429,431,500,510
Q80UG8	1193	716,722,723,744,745,746,747,757,758,759,783,804,805,806,807,828,888,901,903,919
Q923J1	1863	1622,1646,1718,1751,1767,1775,1792,1793,1794,1795,1796,1797,1798,1808,1810,1814
P63011	220	29,30,31,32,33,34,35,36,37,48,49,50,51,52,53,54,77,78,79,80,81,135,136,137,138,165,166,167
P46664	456	39,40,41,42,43,44,45,65,66,67,68,69,162,176,255,270,330,331,332,333,334,335,336,362,363,364,444,445,446,447
Q9QZC1	836	147,514,517,532,860,863,865,872
P52430	355	53,54,117,168,169,224,269,270
O70582	701	398,403,578,582,701
Q8K592	568	205,206,207,208,209,210,211,212,213,226
Q9CZW6	359	109,112,116,146,155,165,177
P0C5K1	362	68,69,70,71,72,73,74,75,76,91
Q8CDP0	1006	368,371,464
Q3KNK3	276	107,108,109,110,111,112,113,114,115,116,117,118,119,120,121,122,123,124,125,126,127,128,129,130,131,132,133,134,135,136,137,146,147,148,149,150,151,152,153,154,155,156,157,158,159,160,161,162,163,164,165,166,167,168,169,170,171,172,173,174,175,176,177,178,179,180,181
P62761	191	73,75,77,79,84,109,111,113,115,120,159,161,163,165,170
Q9JHE3	756	110,170,279,516,555,688,690,693
Q80XC2	290	87,114,115,116,135,140,163,164,181,279
Q69ZT1	1020	44,47,59,64,837,963,978,979
Q9R001	930	209,410,414,420
Q9D7H3	366	104,131,294,297,298,320
Q91WL8	414	131,132,133,134,135,136,137,260
Q8BGE5	2021	99,100,101,102,103,104,105,106
Q7TPZ8	419	179,180,181,182,237,254,255,306,307,308,358
Q78JN3	317	120,121,122,123,124
P16332	748	48,94,95,96,97,104,105,106,107,108,214,215,216,226,253,263,302,303,304,625
Q61271	505	213,214,215,216,217,218,219,220,221,234
Q9DBT5	798	364,366,435,436,437,438,439,440,633,636,710,711,712,713,714
P10518	330	122,124,131,132,209,221,223,279,318
Q80UG5	583	303,304,305,306,307,308,309,310,337,363,443,444,445,446,447,448,449,450,451,499,514
P97343	419	29,30,31,32,33,34,35,36,37,54
Q8K296	1196	326,351,352,414,415,416,417,418,419,455,459,1123,1126,1139,1142,1147,1150,1169,1172
Q8CEE6	1383	1065,1066,1067,1068,1069,1070,1071,1072,1073,1088,1142,1143,1144,1145,1146,1147,1148,1149,1206
Q9D4P7	240	40,53,54,66,67
Q80YV4	820	196,199,623,624,659
P08249	338	31,32,33,34,35,36,37,57,104,110,117,140,141,142,176,251
Q9D9X6	631	235,238,250,253,259,262,268,271
Q6P3A9	176	19,20,21,22,23,24,25,26,63,64,65,66,67,122,123,124,125
P18872	354	43,46,47,48,152,176,177,178,179,182,270,273,325
Q9WVC6	431	104,105,106,107,108,109,110,111,112,127
P52624	311	61,95,139,140,141,142,143,144,218,219,220
P31648	599	59,61,62,66,295,327,392,395,396
Q9JHI5	424	163,164,165,166,167,168,169,170,171,172,196,197,198,220,221,275,282,283,284,285,310,321,378,379,380,381,382,405,406,407,408,409
Q3UW12	575	348,349,350,351,352,353,354,355,356,357,358,359,360,361,362,363,364,365,366,367,368,369,370,371,372,373,374,375,376,377,378,379,380,381,382,383,384,385,386,387,388,389,390,391,392,393,394,395,396,397,398,399,400,401,402,403,404,405,406,407,408,409,410,411,412,413,414,415,416,417,418,419,420,421,422,423,424,425,426,427,428,429,430,431,432,433,434,435,436,437,438,439,440,441,442,443,444,445,446,447,448,449,450,451,452,453,454,455,456,457,458,459,460,461,462,463,464,465,466,467,468,469,470,471
O35593	310	113,115,126
Q80Y56	783	162,165,178,181,186,189,251,254
Q99MP8	591	316,319,328,331,336,343,347,353
Q8BVL3	470	36,38,62,75
Q9EQW8	872	604,605,606,607,608,702,823,824,825,826,827
Q9CPY0	246	83,84,85,86,112,129,130,154
Q9CW03	1217	32,33,34,35,36,37,38,39
P62897	105	15,18,19,81
Q3UVK0	898	199,211,246,272,348
Q8CHK4	513	370,371,372,377,378,379,380,381,382,383,407,416
Q3U214	1321	395,396,397,398,399,400,401,402,403,418
Q99LI8	775	166,169,182,185,190,193,212,215
P59511	1906	399,403,409
Q8CI75	870	381,390
Q91Y57	467	126
Q91WL5	508	319,455
Q8CIR4	2028	1786,1810,1882,1915,1931,1939,1956,1957,1958,1959,1960,1961,1962,1972,1974,1978
Q9QXD6	338	18,19,20,21,22,28,29,30,31,32,69,98,113,114,119,121,122,123,124,125,141,213,214,215,216,244,245,246,247,248,249,265,275,276,277,281
Q9D8G5	157	97,98,99,100,101,102,134,135,136
Q9ERI2	221	16,17,18,19,20,21,22,23,24,74,75,76,77,78,133,134,135,136,163,164,165
Q9Z2V4	622	87,235,236,237,244,264,286,287,288,289,290,291,292,311,403,404,405,436,530,531,532,533
Q8CEC5	192	11,12,13,14,15,16,17,18,61,62,63,64,65,120,121,122,123
Q8BFZ6	227	36,40,51,70,74,87,146,148
Q6P069	198	83,85,87,89,94,113,115,117,119,124
Q497M3	374	92,126,133
Q61578	494	51,72,80,116,187,188,189,190,231,232,243,401,408,409,410
Q91WQ3	528	39,166,170,173,188
Q8R2H9	267	32,34,43,123,203
Q62293	415	66,68,69,70,90,171,173,219
Q5SUF7	2381	354,923,1487
A0A1L1SR47	742	529,533
Q8BQ86	417	191,192,193,194,195,196,197,251,252,253,254,255,256,257,258,259
O88783	2183	138,139,1802,1804
Q922B1	323	157,158,159,170,171,172,177,178,179,180,181,182,265,266,267,268,269,270,271,304
O88878	213	14,18,30,33,154,157,168,170,175,178,184,186
D3YV89	551	105,135,169,191,213,214,221,230,232,234,236,239,257,261,267,275,327,329,373,420,467,469
Q61496	702	305,306,307,308,309,310,311,312
Q6DG52	112	2,5,30,33,59,61,64,66,71,88,91
Q2EMV9	1817	835,844,933,934,935,936,937,1034,1035,1045,1057,1058,1059,1060,1145,1146,1147,1148,1149,1187,1188,1189,1190,1246,1247,1258,1269,1343,1344,1345,1346,1347,1382
Q9JLJ0	161	96,99,148,151
C3VPR6	1915	229,230,231,232,233,234,235,236
Q8R151	1909	1840,1844,1860,1863
Q9JKJ9	470	415
Q9Z2G9	242	19,20,21,22,23,24,25,26,27,28,29,30,31,32,33,34,35,36,37,38,39,40,41,42,43,44,45,46,47,48,49,50,51,52,131
O09053	1401	76,78,210,535,536,537,538,539,540,541,542,873,900,901,904
A0A286YCV9	1847	103,104,105,106,107,108,109,110
Q8K4T3	418	64,65,66,67,68,69,70,71,72,89
Q3UT86	313	63
Q8R0I0	805	169,273,345,346,374,378,402,477,481,515
O35607	1038	209,210,211,212,213,214,215,216,217,230,280,281,282,337,338,351
Q9R0N8	511	261,267,319,320,321,324,327,393,399,453,455
Q8C7D2	445	326,329,381,383,389,394,397
Q80XR2	918	643,647
Q8K0L3	575	139,221,222,223,224,225,226,227,228,229,360,361,362,363,364,365,447,462,470,471,472,473,502,533,541,542,543,558
Q8CG03	865	607,643,644,754,807
Q9EQF5	519	67,69,159,164,192,248,326,347
Q6P5C5	279	86,100,165,241
Q91W89	1039	259,261,371,576
Q9JIM3	1537	147,148,149,150,151,152,153,154
Q91X72	460	79,149,235,291
Q9WV19	494	439
Q2VWQ2	810	434,435,437,453,454,457
Q9Z2A7	498	385,386,387,388,389,390,391,392,393,401,415,488
P97501	534	9,10,11,12,13,32,40,41,60,61,62,195,196,197,198
P61022	195	123,125,127,129,134,164,166,168,175
Q9CZJ0	294	65,67,86,117,118,213,225,226,252,253,254,255
Q922H4	420	85,247
Q9JJ06	363	94,138,139,140,146,169,171,285,309,310
Q9EPS3	618	180,185,186,187,202,210,213,216,238,240,269,270,393,430,431,432,433,500,501,511,515,561,564,573,574,575,576,577,578,579,580,581,582
Q3U435	615	145,287,291,297
D3Z2W7	503	442
Q8VCE2	372	29,30,31,32,33,34,189,190,191,192
O35379	1528	678,679,680,681,682,683,684,685,1324,1325,1326,1327,1328,1329,1330,1331
P36423	533	479
Q9R0N5	386	138,139,145,197,198,199,202,205,270,276,330,332
Q91XX6	912	39,40,91,93,125,126,127,128,129,144,159,161,165,201,203,216,234,235,236,237,238,253,268,270,274,306,308,321,337,339,340,341,356,371,373,377,409,411,424,442,444,445,446,461,476,478,482,519,521,534,552,553,554,555,556,593,595,599,646
P47738	519	264,265,266,267,268,269
A2RSG8	714	341,345,351
Q9EPU0	1124	118,121,132,135,140,150,154,160,178,181,204,208,481,501,502,503,504,505,671,708,839
P28741	701	100,101,102,103,104,105,106,107
Q8BXK8	857	78,79,80,81,82,83,84,85,122,123,124,125,126,178,179,180,181
Q8VCC1	269	12,13,14,15,16,17,18,19,20,36,37,63,64,65,91,138,148,151,152,153,154,155,186,187,188
Q9D6J6	248	134,139,175,179
Q8BGR6	204	39,40,41,42,43,44,45,46,82,83,84,85,86,142,143,144,145
O88816	205	122,123,124,130,131,132,133,134,135,157,166,167,168
Q3V3I2	354	40,41,42,43,44,45,46,47,175,176,177,178,179,180,181,200,201,202,203,204,269,270,271,272,326
P09411	417	24,25,26,39,63,64,65,66,123,171,220,313,344,373,374,375,376
Q62087	354	53,54,116,167,168,223,268,269
A0A140LIF8	407	72,73,74,75,76,77,78,79,97,98,99,100,101,179,180,181
Q8BMF5	956	500,502,507,674,675,723
Q00993	888	536,537,538,539,540,541,542,543,544,561
P10711	301	263,266,291,294
Q91Y47	624	547,548,549,550
P70302	685	76,78,80,82,87
Q5NCY3	228	83
Q91V14	1138	113,184,410,414,415,446,569
Q9CWT2	118	115
O88986	416	131,132,156,203,259,260,261,262,292,293,386
Q9WTI7	1063	88,96,139,140,141,142,143,144,145,146,147,148,192,193,194,195,196
P09581	977	586,587,588,589,590,591,592,593,594,614
P43346	260	28,29,30,31,32,33,34,35,36,53,86,97,128,133,188,189,190,191,192,197,240,241,242
P14234	517	257,258,259,260,261,262,263,264,265,279
P41233	2261	933,934,935,936,937,938,939,940,1946,1947,1948,1949,1950,1951,1952,1953
E9PW74	217	15,16,17,18,19,20,21,22,23,36,148,149,150
Q6PGC1	1365	594,595,596,597,598,599,600,601
Q8VI40	466	96,99,118,124
Q9QUK4	1447	315,318,335,342,520
Q6IMB1	242	34,35,36,37,38,39,40,41,81,82,83,84,85,86,87,88,147,148,149,150
Q8BGD5	798	551,552,553,554,555,556,557,558,559,560,561,562,563,585,587,598
Q9CWX9	455	68,69,70,71,72,73,74,75
P0DMN7	334	7,67,223,247
P46460	744	505,506,507,508,509,510,545,546,547,548,549,550,551,552
Q8BYN3	419	18,106,157,167,188,189,190,191,192,193,194,195,196,197,198,199,214,232,236,281,295,297
Q9CQG3	227	187,190,208,212
P84096	191	10,11,12,13,14,15,16,17,57,58,59,60,61,115,116,117,118
Q6TEK5	176	87,142,146
Q2VPA6	1069	318,319,320,321,322,323,324,325
Q61771	747	96,97,98,99,100,101,102,103
O54916	795	331,333,335,342
Q9QUG2	852	106,197,622,625,640,644,764,767,782,786
Q8BTJ4	456	37,73,94,157,192,196,240,241,339
Q5HZH2	323	74,122,145
P97457	169	38,40,42,49
P56476	465	105,169,197
Q60766	409	84,85,86,87,88,89,90,91,109,110,111,112,113,191,192,193,232,233,234
Q7M763	760	355,359,365
Q9Z2W9	888	502,504,509,680,681,731
O70250	253	10,11,12,13,14,15,16,17,23,24,62,89,90,91,92,100,116,117,187,188
P29477	1144	104,109,112,194,257,366,367,371,375,456,457,470,485,539,540,541,543,544,585,586,622,629,655,659,744,766,900,902,903,918,920,923,924,937,938,939,978,1011,1040,1041,1047,1049,1051,1084
Q5SGK3	1345	48,53,56,78,117,118,121,153,155,266,267,268,269,270,271,272,273,347,356,360,369,413,812,813,1094,1095,1096,1097,1209,1274
Q8R4K8	1624	559,563,569
Q8CF93	556	155,185,208,210,315,343,346,351
P40224	93	41,42,43,44,45,46,47,48,49,50,51,62,69,85
Q99PE9	201	28,29,30,31,32,33,34,35,76,77,78,79,80,135,136,137,138
Q810A7	929	297,298,299,300,301,302,303,304
P03958	352	15,17,19,184,214,295,296
Q7TN89	227	48,49,50,51,52,53,54,55,95,96,97,98,99,151,152,153,154
P58006	492	386,387,388,389,398,463
A2AWP0	285	130,133,150,157
Q62469	1178	496,498,500,504,560,562,564,568,624,626,628,632
Q01405	765	61,66,85,88
Q3UZW7	335	139,165,166,167,228,247
P63001	192	13,14,15,16,17,18,30,31,32,33,34,35,60,116,117,118,159,160
Q9JKV2	629	10,11,12,13,14,15,16,17,18,33
Q9CZP5	418	230,231,232,233,234,235,236,237
P21300	316	20,21,44,111,160,161,184,210,211,212,213,214,215,263,264,265,266,267,268,269,273
P14847	225	80,157,158,159,169
P26043	583	60,61,62,63,278
O88454	398	104,105,106,107,213,214,215,216
J3QK54	644	390,430,431,432,433,434,435
Q8R527	205	16,17,18,19,20,21,22,23,63,64,65,66,67,121,122,123,124
P53986	493	38,302,306
Q8BZS9	744	85,86,87,88,89,90,91,92
P56480	529	207,208,209,210,211,212,213,214,239
Q9WTL4	1300	985,986,987,988,989,990,991,992,993,1013
P98063	991	218,222,228
Q60790	834	687,698,699,709
Q9EST1	446	9,10,11,12,13
P34914	554	9,11,123,124,185,381
Q60738	503	43,47,246,250
Q9CR50	261	20,22,33,34,40,43,44,50,62,65,75,78,87,90,101,102,105,108,118,119,122,125,134,136
B1AR69	1938	179,180,181,182,183,184,185,186
Q6DFV5	1964	668,669,670,671,672,673,674,675
Q07832	603	59,60,61,62,63,64,65,66,67,82,131,178,179,180,181,194
Q8C5P5	467	16,18,323
Q924H5	366	116,117,118,119,120,121,122,123
Q3UNV4	503	449
O54983	313	142,143,144,145,146,147,167,168
P56389	146	54,55,56,65,99,102
Q8CCT7	348	139,140,141,142,143,144,145,162,193,211
A6H5Y3	1253	248,311,312,370,371,372,437,458,525,567,573,579,697,770,771,772,773,774,818,822,874,962,1160,1215,1216
Q8K007	870	51,52,87,316,317
Q99MX0	595	93,94,95,125,155,157,217,339,365,389,397,401
Q9WVG5	500	325,326,327,328,329,330,331,332,333,334,335,336,337
Q99JT2	416	30,31,32,33,34,35,36,37,38,53
Q920P5	562	142,143,144,145,146,147,168,191,192,193,219,220,221,222,226,257,263,274,386,387,388,389,390,391,407,412,433,434,435,462,463,464,465,469,500,506,517,545
Q9CXR1	338	60,62,190,203,207,239
Q8CIP4	752	65,66,67,68,69,70,71,72,73,88
Q8BP48	386	9,14,22,25,36,40,48,52,53,203,220,231,294,301,327,358
Q99MR8	717	159,201,207,208,251,278,318
P28649	503	309,374,437
Q91V24	2159	838,839,840,841,842,843,844,845,1841,1842,1843,1844,1845,1846,1847,1848
Q9D0L4	525	154,155,156,157,158,159,160,161,162,176
Q9CYK1	360	42,48,49,50,51,167,179,180,181,217,226,227,228,229,230
E9Q816	493	436
Q60866	349	26,28,169,201,230,298
P70126	412	228,250,251,252,336,337,338
O88623	613	439,442,490,493
P60324	178	57,60,73,84,92,95,103,108
Q5MJS3	579	264,280,301,384,385,386,387,458,473
P20664	417	109,110,111,121,122,128,131,160,161,162,163,164,165,166,305,314,315,316,317,323
Q9QYY8	614	380,381,382,383,384,385,386,387
J3QK59	301	56
P13439	481	257,259,281,282,283,314,317,321,372,430,431,432,450,451
P18894	345	8,9,10,11,36,37,42,43,44,48,49,50,52,162,163,180,222,226,281,310,311,313,314,315
Q9EPL5	464	89,155,165,167,172,173,180,187,189,191,193,195,198,215,219,225,283,376,425
P62812	455	93,156
Q9Z1J3	459	129,130,237,257,259,297,383
Q69Z98	735	26,27,28,29,30,31,32,33,34,49
Q9D662	767	61,66,85,88
E9Q236	1325	445,446,447,448,449,450,451,452,1075,1076,1077,1078,1079,1080,1081,1082
O08648	1597	1338,1339,1340,1341,1342,1343,1344,1345,1346,1361
B2RVI8	285	44,45,46,47,48,49,121,129,184,218,219,220,221,222,223,247,248,249
P12382	780	25,88,89,118,119,120,121,164,165,166,201,208,209,210,264,292,298,299,300,301,470,527,528,529,530,531,565,572,573,574,628,654,660,661,662,663,734
Q68SA9	1657	194,372,376,382
A0A140LI04	305	55
Q60805	994	588,589,590,591,592,593,594,595,596,610
Q8BHN0	360	128,129,302,342
Q8R1C0	628	120,126,147,148,440,441,442,443
P30115	221	9,45,54,55,67,68
Q6NZM9	1076	664,666,672,743
Q8K3A9	666	399,410,428,429,430,451,452,536,537,558
Q9CZU6	464	356,428,448
P97467	979	106,107,171,241,243,313,520,533,585,587,654,690,706,786,787
Q8R059	347	11,12,13,32,33,34,35,36,65,66,87,91,131,132,133,160,184,185,186,205,206,207,223,224,225,238,299,300,301,302
Q8CGV2	488	316,321,361
O88502	823	555,591,592,720
P0DM40	2038	1502,1508,1557,1558,1559,1565,1824,1827,1830
P47856	697	392,393,437,438,439,442,593
Q64442	357	45,51,70,71,156,184,204,209,273,274,275,297,298,299,300
Q02111	707	386,387,388,389,390,391,392,393,394,409
Q8C1R0	372	33,34,35,36,37,38,39,40,41,72
Q9D8U8	404	40,41,42,43,44,45,46,99,100,101,102,103,104,105,113,114,115,116
Q8K348	493	201,202,203,204,205,206,207,208,209,222
Q9CTY5	523	238,240,242,244,246,249,476,478,480,482,487
Q9DCS3	373	167,193,194,195,196,216,217,218,285,286,287,288,310,311,312,368
Q6XZL8	1540	136,137,138,139,159,160,161,162,163,164,165,166,167,168,186,222,223
P35278	216	28,29,30,31,32,33,34,35,36,47,48,49,50,51,52,53,76,77,78,79,80,134,135,136,137,164,165,166
Q8CDB0	459	90,91,92,93,94,95,96,97,98,113,160,161,162,209,299,311,314
P13011	358	74,119,124,147,154,155,156,159,160,187,188,261,268,297,300,301
P59114	706	234,264,552,553,554,555,557,587,588,589,590,591,613,614,615
Q68FL4	613	238,312,337,338,339,340,367,371,372,403,404,405,406,407,408,424,459,480,481,482,527
Q8VHQ4	281	21,22,23,24,25,26,27,28,69,70,71,72,73,126,127,128,129
O88848	186	24,25,26,27,28,29,30,31,50,69,70,71,72,73,130,131,132,133,164
Q9QZ23	255	210,213
Q9JM51	153	39,74,75,76,77,78,114,118,127,128,129,130,131
Q6NZQ2	687	148,149,150,151,152,153,154,155
Q9JLI0	323	117
Q922K9	512	247,248,249,250,251,252,253,254,255,269
Q8K441	1624	514,515,516,517,518,519,520,521,1320,1321,1322,1323,1324,1325,1326,1327
Q8CG50	210	23,24,25,26,27,28,29,30,71,72,73,74,75,129,130,131,132,161,162
Q9Z191	616	352,354,580
Q99KQ4	491	196,219,247,311,312,313,353,354,384,392
Q9Z139	937	479,480,481,482,483,484,485,486,487,506
A2A9T0	611	582,585,601,605
Q8BGQ6	484	466,468,470,472,477
O70497	314	250,252,254,256
O35969	236	20,42,46,50,69,70,71,72,73,74,90,91,92,117,118,135,171,172
O55229	394	75,76,77,78,79,80,81,104,146,147,148,149,150,151,152,244,264
Q8BT60	533	22,28,81,83,93,154,160,216,218,224
Q60930	295	24,32,254,255,256,272,273,274,275,276
Q9D7P6	168	72,96,139
Q5SUC9	284	152,156,243
P47708	681	94,97,111,114,119,122,137,140,409,410,416,471,472,473,479,526,568,574,628,629,630,636
Q8QZV4	488	100,101,102,103,104,105,106,107,108,123
Q04736	541	281,282,283,284,285,286,287,288,289,303
P0DPE0	255	26,30,41,66,88,89,113,114,130
A7UAK5	555	253,254,255,256,257,258,259,260
O55098	966	42,43,44,45,46,47,48,49,50,65
A2AJ88	1352	170,171,172,173,174,175,176,177,178,179,180,181,182,183,184,185,186,187,188,189,190,191,192,193,194,195,196,197,198,199,200,201,202,203,204,205,206,207,208,209,210,211,212,213,214,215,216,217,218,219,220,221,222,223,224,225,226,227,228,229,230,231,232,233,234,235,236,237,238,239,240,241,242,243,244,245,246,247,248,249,250,251,252,253,254,255,256,257,258,259,260,261,262,263,264,265,266,267,268,269,270,271,272,273,274,275,276,277,278,279,280,281,282,283,284,285,286,287,288,289,290,291,292,293,294,295,296,297,499,500,501,502,503,504,505,506,507,508,509,510,511,512,513,514,515,516,517,518,519,520,521,522,523,524,525,526,527,528,529,530,531,532,533,534,535,536,537,538,539,540,541,542,543,544,545,546,547,548,549,550,551,552,553,554,555,556,557,558,559,560,561,562,563,564,565,566,567,568,569,570,571,572,573,574,575,576,577,578,579,580,581,582,583,584,585,613,614,615,616,617,618,619,620,621,622,623,624,625,626,627,628,629,630,631,632,633,634,635,636,637,638,639,640,641,642,643,644,645,646,647,648,649,650,651,652,653,654,655,656,657,658,659,660,661,662,663,664,665,666,667,668,669,670,671,672,673,674,675,676,677,678,679,680,681,682,683,684,685,686,687,688,689,690,691,692,693,694,695,696,697,698,699,700,701,702,703,704,705,706,707,708,709,710,711,712,713,714,715,716,717,718
O35423	414	382
Q8BPM2	847	26,27,28,29,30,31,32,33,34,49
P31750	480	14,15,16,17,18,19,23,24,25,53,86,156,157,158,159,160,161,162,163,164,179
Q920F6	1248	32,33,34,35,36,37,38,39
S4R2K0	231	59,157,159,160,202,206
Q9DAR7	338	174,184,204,206,267,268,269,270,271,272,273,274,275,276,277,278
Q3TG86	501	382,448
Q9WUE4	380	78
Q8BSY0	741	100,102,104,106,111,608,651,662,671,672,673,708,718
Q8VHQ9	594	93,94,95,122,123,124,183,272,273,274
Q8R0F6	392	152,153,326,381
P34884	115	33,65,98
Q60953	885	62,65,77,79,82,85,93,96,134,137,156,160,193,198,219,226
P15655	154	35
Q8CHH9	429	51,52,53,54,55,56,57,58,106,187,188,189,190,191,192,193,194,195,241,256
Q9WVL0	216	14,15,16,17,18,19,45,59,71,72,111,115,116,117
P54869	508	80,204,258,380
Q8BMD8	475	32,34,36,38,43,68,70,72,74,79,99,101,103,105,110,135,137,139,141,146
P39655	663	360,365,540,544,663
Q3THE2	172	42,44,46,53
D0G895	737	180,218,377,381,405,479,483,516
P27786	507	441
P97477	395	134,153,201,202,203,204,251,252,265
P56394	63	23,24
Q8K3J1	212	113,116,119,123,152,155,158,162
Q8BZT7	504	154,156,158,181
P16406	945	215,349,350,351,352,353,385,389,408,878
P70697	367	37,38,39,40,41,55,85,86,164,219,339
P50516	617	250,251,252,253,254,255,256,257
P11087	1453	1266,1268,1269,1271,1274
Q9DCD0	483	10,11,12,13,14,15,33,34,35,75,76,77,103,129,130,131,187,188,192,261,288,447,453,478,479,480,481
G5E895	316	111
Q62159	193	12,13,14,15,16,17,18,19,59,60,61,62,63,117,118,119,120
P22518	483	166,167,168,169,170,171,172,173,174,190
Q8K203	606	193,272,508,511,534,542,555,557,580,588
Q8K2U2	238	103,104,105,114,116,182,218,219,220,221,222,223,224
Q3UR97	363	161,163,188,202
Q3TDX8	528	89,112,372,373,374,375,376,377,378,379,380,381,382,383,384,385,386,387,399,400,401,402,403,404,405,406,407,408,409,410,411,412,413,414,415,416,417,418,419,420,421,422,423,424,425,426,427,428,429,430,431
Q9D3U0	527	21,24,107,110
Q8JZV7	409	143,154,155,211,232,235,236,243,269,270,271,272,328,329,330
P60334	200	86,88,140
Q9Z2Y2	369	147,148,149,150,151,186,187,188,214,215,275,277,278,279,280,308,309,310,320
Q7TMM9	445	11,69,138,142,143,144,204,226
Q61526	1339	713,714,715,716,717,718,719,720,721,740,786,787,788,832,833,834,835,836,837
O35887	315	81,83,85,92,117,119,121,128,164,166,168,175,201,203,205,212,242,244,246,248,253,278,280,282,284,289
Q9DAI2	185	10,11,12,13,14,15,16,17,63,64,65,66,67,123,124,125,126
Q9JIS8	1085	131,132,216,429,432,433,434,435,589,697,699,707,708,730,794,795,797
P24622	196	123,125,130,177
Q9WVJ3	470	288,300,335,362,432
Q8CFX1	789	29,30,31,32,33,34,35,36,146,171,201,202,203,204,205,240,259,357,362,367,615
Q61036	559	289,290,291,292,293,294,295,296,297,312
P70426	219	28,29,30,31,32,33,34,35,75,76,77,78,79,134,135,136,137
Q91Y09	1006	49,50,105,107,139,140,141,142,143,158,173,175,179,215,217,230,248,249,250,251,252,282,284,288,338
Q8K1A0	209	28,31,59,62,64,81,108,109
Q91XF0	261	42,43,44,45,95,96,97,98,100,110,111,116,117,139,157,161,165,174,175,219,225,226,227,229
P56399	858	199,202,209,219,221,222,223,224,232,259,261,264
Q6DFW5	1175	407,408,409,530,571,594,625,705,706,707,793,799,820,823,824
Q9WTK7	436	55,56,57,58,59,60,61,62,63,78
Q5XG73	508	55,56,57,58,59,60,61,62,63,64,75,76,77,78,79,101,120
P70158	445	42,44,107,111,148,149,249,257,290,292
Q8BFY6	275	118,120,122,124,129,185,187,189,191,196
Q5RI75	627	438,439,440,441,442,443,541,542,543,544,578,579
Q3TL26	396	74,123,149
P97310	904	530,531
Q9DCH6	223	14,18,30,33,164,167,178,180,185,188,194,196
Q810I2	483	89,92,111,117
Q8R554	926	890,895,907,910
Q8BMD5	523	110,135,138,399,427,430
Q99LJ8	297	295,296
P97930	212	16,17,18,19,20,21,97,182,192
Q8BKW4	512	39,41,63,72,124,127,139,142,171,172,173,174,201,223,241,242,274,378,381,391,392,395,398,408,409,412,415,422,423,426,429,434,436
O88444	1118	307,308,309,310,311,312,349,350,351,395,919,996,997,998,1003,1004,1005,1006,1007,1043
P54754	993	634,635,636,637,638,639,640,641,642,660
Q61093	570	101,115,209,222,338,339,340,341,342,343,344
Q8VDQ8	389	85,86,87,88,89,95,96,97,167,168,169,170,195,200,221,224,262,263,286,287,288,324
Q921N6	760	228,229,230,231,232,233,234,235
P48281	422	24,27,41,44,60,66,76,79,143,232,269,273,300,392
A6H6J2	491	436
P51880	132	127,128,129
P63084	93	28,33,61,63,65,67,72
Q61241	365	18,19,20,21,22,23,24,25,26,41
Q8K3F7	373	62,63,64,65,66,67,88,89,90,106,107,195,199,225
Q9JJG7	261	91,93,95,102,127,129,131,133,138
Q497H0	227	18,20,32,35,157,160,174,176,181,184,190,192
Q9CZX0	547	99,109,112,164,474,475,476,477,497,498,499,530
Q3UR32	397	63,64,65,172,275,279,280,281,299
Q2TPA8	490	17,18,19,20,21,22,23,42,74,172
P16879	822	567,568,569,570,571,572,573,574,575,590
Q80X95	313	16,17,19,20,21,22,36,42,65,127,130,148,164
Q9CWJ9	592	12,13,14,34,35,36,37,64,65,66,67,101,102,125,126,207,208,267,316,339,431,451,452,541,546,565,566,588
Q02956	592	258,259,260,261,262,263,264,265,266,281
Q9WVP6	641	101,102,103,110,114,115,116,168,229,238,247,248
E9Q5G3	953	112,113,114,115,116,117,118,119
Q8CFB4	590	45,46,47,48,49,50,51,52,67,68,69,182,183,246
A4Q9F1	832	397,403,404,435,436,437,438,448,449,450,492,493,495,570,583,585
Q9JJ26	767	444,447,467,473
Q9ER38	385	155,156,157,158,159,160,161,162
Q8BIJ6	1012	664,667
Q91Z46	422	334,335,336,337,338,339,340
Q14AX6	1484	729,730,731,732,733,734,735,736,737,752,810,811,812,813,814,815,1036
D3Z1A5	1117	207,253,351,403,407,413,463
P06801	572	155,245,246,269,301,302,303,304,305,306,307,308,309,310,311,312,313,314,315,316,317,318
Q8BRK8	552	22,23,24,25,26,27,28,29,30,45
P48999	674	17,18,19,44,45,47,79,80,368,373,551,555,674
P15626	218	7,8,43,44,45,46,50,59,60,72,73,116
Q8BH04	640	104,255,262,282,305,306,307,308,309,310,329,355,421,423,454,534,543,548,551
Q8BTX9	330	74,75,76,77,78,79,80,125,222
O54750	501	447
Q9WUB7	687	259,261,278,281
P28271	889	86,205,206,207,437,503,506,536,541,699,779,780
O55239	264	20,25,63,69,85,87,90,142,143,163,197,213
P04627	604	99,112,115,125,128,133,136,144,314,315,316,317,318,319,320,321,322,334
Q01063	747	401,405,441,442,559,562,610,613
Q5QNQ9	1845	1693,1695,1698,1701
A6H690	825	572,573,574,575,576,577,578,579
Q9D9M5	241	8,10,19,99,179
Q9CWF2	445	11,69,138,142,143,144,204,226
O09010	378	128,200,201,313
B1ARD6	910	280,282,319,599,600,601,602,603,604,605,606
Q9ER35	309	89,90,91
Q8BHY3	960	425,651,654,702,705,734,738,883,888
Q923S9	203	16,17,18,19,20,21,22,23,64,65,66,67,68,122,123,124,125
Q8BGV8	463	187,189,201,340,342,368
Q9Z1W8	1035	728,732
Q5XPT3	690	172,174,492,494
Q9Z129	648	113,114,115,116,117,118,119,120,453,471,475,478
Q8C102	930	526,555,578,579,580,685,713,716,721
Q8VCM7	436	343,345,349
Q6PE54	779	76,77,78,79,80,81,82,83
Q9D020	331	83,85,130,151,198,199,200,247,272
Q91X52	244	11,12,13,14,15,16,17,18,19,20,21,22,23,24,25,26,27,28,29,30,31,32,33,34,35,36,37,38,39,136
Q9D819	289	116,121,153
Q64338	706	232,268,269,376
O08760	345	149,154,204,266,268,270,287,315,319
P31786	87	14,29,30,31,32,33,51,55,74
P14901	289	18,25,134,183
Q8VDG6	1002	116,117,118,119,120,121,122,123,124,137
P43081	202	64,66,68,70,75,100,102,104,106,111,144,146,148,150,155
Q9QWR8	415	78,79,154,188,213,217
Q8BNJ2	833	190,357,361,367
Q8K2I9	1042	462,463,464,465,466,467,468,469
Q3V3A7	635	98,101,127,132
Q91ZW9	178	138,140,145,156,157
O55234	264	108
G3UW82	1942	179,180,181,182,183,184,185,186
O88533	480	82,148,149,192,246,300
Q91VD9	727	64,75,78,92,124,128,131,137,176,179,182,226
P63321	206	21,22,23,24,25,26,27,28,68,69,70,71,72,127,128,129,130
P70236	334	59,60,61,62,63,64,65,66,67,82
Q9R0N9	491	251,257,309,310,311,314,317,383,389,443,445
Q4KWH5	1682	155,157,159,166,315,344,346,393,442,444,628,655,759,761,785,814,815,816
Q04859	622	10,11,12,13,14,15,16,17,18,33
Q99PU8	1217	480,481,482,483,484,485,486,487
Q3UV55	615	419,603
Q9WV18	960	246,269,286,366,465
Q80W21	218	7,8,46,47,48,49,50,59,60,72,73,116
Q8BXK4	403	93,170,188,200,201,242
P61237	119	23,26,79,82
Q6UQ17	1335	407,408,409,504,545,568,601,681,682,683,831,837,857,860,861
Q9DC53	577	52,58,112,114,117,122,124,186,192,248,250,256
Q9QZR0	456	134,137,152,154,157,160,195,198
Q9D5T0	361	133,134,135,136,137,138,139,140
Q8BHW9	410	264,265,266,267,268,269,270,271
Q3U0B3	260	18,19,20,21,22,23,43,44,49,70,71,97,151,166,170,201,202,203,204,208
P13020	780	90,91,122,134,139,141,160,161,162,163,164,165,166,167,170,186,187,188,189,190,191,192,193,194,211,212,234,284,327,328,352,469,470,500,512,517,519,549,589,590,612,694,695,717
Q148W0	1251	454,455,456,555,596,619,652,732,733,734,867,873,893,896,897
Q8BGT9	576	171,200,223,225,330,358,366
O88879	1249	154,155,156,157,158,159,160,161,265
O35936	677	15,17,39,40,42,44,86,87,374,379,554,677
Q9WTU0	1096	193,246,249,251,259,266,321,323
Q8BG18	352	39,41,43,45,50
P0DOY1	740	469,470,471,472,473,492,514,515,516,719,720,721
Q9DBE9	838	56,58,76,92,117
P35282	222	24,25,26,27,28,29,30,31,32,72,73,74,75,76,130,131,132,133,160,161,162
Q01815	2139	363,706,1115
Q71RI9	455	72,219,430
Q9D708	124	67,69,71,73,78
E9PZJ8	2198	500,501,502,503,504,505,506,507,1350,1351,1352,1353,1354,1355,1356,1357
Q61645	1182	1000,1002,1118
P62141	327	63,65,91,123,172,247
O35375	931	197,211,252
Q91VH2	595	286,288,327
Q8CGY8	1046	849,852,906,907,908,911,912,913,914,930,931,932,935
Q9DBC7	381	137,138,139,140,141,142,143,144,145,146,147,148,149,150,151,152,153,154,155,156,157,158,159,160,161,162,163,164,165,166,167,168,169,170,171,172,173,174,175,176,177,178,179,180,181,182,183,184,185,186,187,188,189,190,191,192,193,194,195,196,197,198,199,200,201,202,203,204,205,206,207,208,209,210,211,212,213,214,215,216,217,218,219,220,221,222,223,224,225,226,227,228,229,230,231,232,233,234,235,236,237,238,239,240,241,242,243,244,245,246,247,248,249,250,251,252,253,254,255,256,257,258,259,260,261,262,263,264,265,266,267,268,269,270,271,272,273,274,275,276,277,278,279,280,281,282,283,284,285,286,287,288,289,290,291,292,293,294,295,296,297,298,299,300,301,302,303,304,305,306,307,308,309,310,311,312,313,314,315,316,317,318,319,320,321,322,323,324,325,326,327,328,329,330,331,332,333,334,335,336,337,338,339,340,341,342,343,344,345,346,347,348,349,350,351,352,353,354,355,356,357,358,359,360,361,362,363,364,365,366,367,368,369,370,371,372,373,374,375,376,377,378,379,380,381
Q6P8K8	420	69,71,118,122,123,126,162,180,183,307
E9PV86	951	275,281,328,330,336,438,444,491,493,499,594,600,646,648,654
Q6PHZ8	250	133,135,137,144,169,171,173,175,180,217,219,221,228
Q62086	354	53,54,116,167,168,223,268,269
P28740	705	312,313,314,315,316,317,318,319
Q9CWD3	296	142,146
P47739	453	188,189,190,191,192,193
Q91XX7	928	252,307,309,338,339,340,341,342,357,372,374,378,410,412,425,443,444,445,446,447,462,477,479,483,520,522,535,553,554,555,556,557,594,596,600,647
Q9R0N4	523	262,268,320,321,322,325,328,394,400,454,456
Q99PU5	721	279,280,281,282,283,284,285,286,287,469,470,471,472,473,474,547,562,698
Q3V1N9	370	138,139,140,141,142,143,229,230,231,251,252,253,254,363,364,365,366,367,368,369
Q811B3	1600	212,396,400,406
Q8BWD2	396	206,207,208,209,210,211,212,213,214
P47791	500	72,73,74,75,76,77,78,79,80
Q99L13	335	39,40,41,42,43,44,45,46,47,48,49,50,51,52,53,54,55,56,57,58,59,60,61,62,63,64,65,66,67,68,102,103,107,133,283
A2AE42	229	55,93,127,166
P50171	259	13,14,15,16,17,18,19,20,21,40,41,72,73,74,154,167,168,169,170,171,200,201,202
P0C027	164	9,17,18,19,38,39,40,49,65,69,89,90,91,115,133
Q9CQW2	186	29,30,31,32,33,34,35,71,72,73,74,75,130,131,132,133
Q8C0D7	249	199,201,212,217,223,226,239,242
P16858	333	11,12,33,78,120,149,150,151,180,209,210,232,314
P47809	397	106,107,108,109,110,111,112,113,114,129
Q9CRC0	161	80,135,139
Q8BND5	748	404,411,415,454,458,481,482,483,484,485,486,487,488,503,506
P97500	1187	31,36,49,55,507,512,525,531,551,556,569,575,906,911,924,930,955,960,973,979,1008,1013,1026,1032
P08923	888	512,513,514,515,516,517,518,519,520,540
Q03137	986	627,628,629,630,631,632,633,634,635,653
Q8K5A4	203	11,12,13,14,15,16,17,18,59,60,61,62,129,130,131,132
Q9CQG2	553	82,110,114,133,164,184
Q8VEJ9	437	167,168,169,170,171,172,173,174
Q9Z1E4	738	39,205,211,291,292,294,297,301,331,501,510,512,513,515,582,586
Q3UXZ9	1690	409,483,485,491,493,501,571
Q921L7	340	168,169,170,171,172,191,241,242,243,244
P10820	554	428,429,432,433,435,454,467,483,484,485,488,489,490,491
Q91V76	315	266,268,278
Q5STE3	841	186,188,190,192,197,225,227,229,231,236
P54775	418	206,207,208,209,210,211,212,213
P97490	1249	417,418,419,420,421,422,459,460,461,505,1032,1107,1108,1109,1114,1115,1116,1117,1118,1154
Q02566	1938	178,179,180,181,182,183,184,185
Q6P1G2	1309	208,211,213,228,283,586,589,592,597,600,603,619,624,635,638,661,664,669,672,692,695
Q9DCL4	406	100,101,102,119,146,169,176
P97352	98	32,37,64,66,68,70,75
P61922	500	163,164,165,166,220,381
P97438	426	157,158,159,160,266,267,268,269
Q9ES89	330	72,76,101,130,135,151,152,153,245,246,293
Q9Z247	570	501,503,505,507,512,546,548,550,552,557
P54265	631	77,78,79,80,81,82,83,84,85,100
Q924M7	423	110,112,137,276
Q9Z2Q6	369	51,52,53,54,55,56,57,58,85,111,190,191,192,193,194,195,196,197,198,248,263
G5E872	720	321,322,323,324,325,348,352,371
P09528	182	28,63,66,108,142
Q05915	241	132,135,203
P50592	291	240
P09242	524	60,110,173,235,290,291,306,332,337,341,378,379,454
Q8BGB7	257	16,18,150,151,184,209
P21180	760	269,271,344
P58069	847	714,725,726,736
Q9WVD4	816	238,525,628,666,687,688,689,794,795,796,797
P20693	331	272,292,293
Q8BMF4	642	456,470,561,562,586
Q8VCS0	530	390,502,510
Q9CWT3	201	53,79,94
Q8BVM2	641	84,86,150
Q91VT4	236	11,12,13,14,34,35,56,83,84,85,134,147,151,180,181,182
Q9QY96	1079	66,67,68,69,70,81,84,87,88,100,145,147,168,170,231,234,297,415,416,417,557
Q8BYB9	392	177,212,218,274,275,276,277,278,279
P26011	806	161,163,166,167,198,254,256,258,259,289,373
Q62406	710	218,219,220,221,222,223,224,225,226,239,342,343,344,345,358
Q60857	630	94,96,97,98,101,336,368,434,437,438,439,494,495,556,559
P50296	290	106,107,208,214
Q9DCL9	425	332
B2RXZ1	531	28,30,271,365
Q8VHB5	437	205,207,230,311,312
Q922R0	355	52,53,54,55,56,57,58,59,60,75
Q8C2S0	711	4,6,26,29,38,41,46,53,57,63,76,79
P53351	682	85,86,87,88,89,90,91,92,93,108
Q5NC05	1138	6,9,32,37,572,573,574,575,576,577,578,579
Q9Z0V1	655	104,110,131,132,367,368,369,370
Q8VD65	1358	32,33,34,35,36,37,38,39,40,53
Q8BMJ2	1178	54,56,596,599,721
Q3TZZ7	845	324,325,337,384,385,386,388,390,391
E9Q264	1925	175,176,177,178,179,180,181,182
Q9DAK3	695	21,22,23,24,25,26,27,28,84,85,86,87,88,140,141,142,143
P61406	1418	1250,1352,1391
Q61074	542	60,61,438,493
Q99PE8	652	87,88,89,90,91,92,93,94
Q6PEB4	414	147,151,169,170,171,172,173,202,222,226,329,330,357,358
P23249	1004	525,526,527,528,529,530,531,532
P62823	227	37,38,39,40,41,42,43,44,45,56,57,58,59,60,61,62,85,86,87,88,89,143,144,145,146,173,174,175
Q8C078	588	171,172,173,174,175,176,177,178,179,194
P54071	452	115,116,117,122,134,135,136,137,138,139,140,149,172,291,299,314,349,350,351,352,353,354,367
Q9JHD2	830	572,573,574,579,580,581,582,583,584,585,610
Q8K093	1025	446,447,448,449,450,482,486,505
Q8BP74	359	25,26,27,28,29,30,31,32
Q99J87	678	24,25,26,27,28,29,30,31,556,559,612,615
O35544	561	385,386,387,416,418,420,424,465,466,467,468,469,498,505,509
O35286	795	160,161,162,163,164,165,166,167
P48776	406	72,73,74,75,76,144,328,342
Q8R1J9	321	93,94,95,96,97,98,99,100
P70174	488	107,112,198,432
A2AUQ8	332	98,99,100,103,189,190,191,211,281,304
Q9D5N8	744	601,602,665,667,668,669,675,676,677,678,679,680,699,700,701,725
Q9Z2W8	902	500,502,507,676,677,727
Q7M762	756	355,359,365
Q9JME2	352	124,125,126,127,128,129,130,186,187,188,189,190,191,192,193,194
Q8VHD6	536	242,243,428
Q32KI9	573	55,56,93,147,239,297,298,315
Q9WV66	693	554,557,572,574,582,585,606,609
Q99ML2	666	122,123,124,125,126,127,128,129,130,148
Q9QVN7	299	261,264,289,292
E9PUN6	1931	223,296,383,434,438,444,494
P48320	585	181,182,183,558
P62965	137	132,133,134
Q9WVS7	448	172,173,174,175,176,177,178,179,180,195
Q3TZA2	342	10,11,12,13,14,15,16,17,18,33
Q9EPR2	192	91,93,95,114
P22935	138	133,134,135
Q8C196	1500	1391,1394,1410,1437,1440,1449
Q9QYK4	470	151,152,153,154,155,156,157,158,159,181,182,198,203,208,244,252,256,263,376,377,378,382,383
Q0PD08	215	16,17,18,19,20,21,22,23,24,40,41,42,43,44,68,69,70,71,72,127,128,129,130,156,157,158
Q9CRB0	169	38,40,61,74
P22315	420	195,402,405,410
Q91ZT5	766	565,568,582,585,590,593,611,614
P34057	202	74,76,78,80,85,110,112,114,116,121
Q8BGS7	416	86,133,151,154,158
Q9WUA6	479	154,155,156,157,158,159,160,161,162,177
O70374	594	498,501,509,512,518,522,530,534
Q8CIB5	680	383
Q504M2	532	144,145,415,511
Q8VDN2	1023	487,717,721
Q9EQG9	624	472,493,530,579
P36916	607	225,226,227,228,367,368,369,370,371,372,373,374,411,412,413,414,415
Q3U1V8	1077	143,144,145,146,147,148,149,150,151,164
G3UW78	524	468
P35292	214	26,27,28,29,30,31,32,33,73,74,75,76,77,132,133,134,135
Q3TBT3	378	165,166,237,238,239,240,262
P35550	327	178,179,197,198,222,223,242,243,244,245
Q8BXL7	201	24,25,26,27,28,29,30,31,75,76,77,78,79,134,135,136,137
P59384	950	174,361,365,371
P97767	591	327,329,555
P52843	285	44,45,46,47,48,49,121,129,184,218,223,247,248,249
Q8CG71	703	575,577,647
Q63810	170	31,33,35,37,42,63,65,67,69,74,100,102,104,106,111,141,143,145,147,152
Q9QYK9	343	21,22,23,24,25,26,27,28,29,44
Q61655	478	118,137,138,139,140,141,142,143,144,428,431
Q9R0E1	741	47,48,49,115,116,117,118,256,259,260,261,262,602,659,670,672,679,722,732
Q7TT16	396	58,65,114,115,116,127,129,143,144,145,146,147,148,149,150,179,365
Q9CY64	295	18,19,76,77,78,79,97,167,279,280,291,292
Q3UES3	1166	1081,1084,1089,1092
Q91YJ2	450	106,108,132,154
P33609	1465	1287,1290,1314,1319,1352,1357,1375,1378
P97857	968	206,262,345,352,402,406,412,463,466
Q5SUA5	1024	108,109,110,111,112,113,114,115
P52019	572	131,132,151,152,159,232,248,406,419
Q99N17	524	468
Q9D5U0	516	400,402,404,406,411,437,439,441,443,448
O35945	501	246,247,248,249,250,251
D3Z6H8	334	7,67,223,247
Q9JM13	491	19,23,35,38
P45448	560	535,539
Q925I1	591	351,352,353,354,355,356,357,358
Q05421	493	298,299,300,301,302,303,437
P08226	311	154,155,156,157,221,222,223,224,225,226,227,228
Q8VCX5	477	233,235,237,239,244,423,425,427,429,434
Q9EQW4	504	443
O08992	299	251,252
Q3TTA7	982	221,223,225,227,232,286
Q7TN98	729	667,675,684,689,694,697,702,710
Q9R000	350	5,10,24,27,42,43,59,64,150,155,169,172,187,188,204,209
Q62371	854	569,570,571,572,573,574,575,576,577,608
P0C5K0	361	49,50,51,52,53,54,55,56,57,72
O70583	680	119,122,134,137,142,145,150,159,175,178,198,204
P52431	1105	1010,1013,1024,1027,1056,1059,1069,1074
Q7TQE7	519	330,335,366
Q8BTK5	799	112,113,114,296,299,309,312,318,322,331,335,535,536,569,591
P63073	217	56,57,102,103,157,158,159,160,161,162,205,206,207
Q60714	646	246,247,248,249,250,251,252,253,254,255,256,257
Q9DBT9	869	52,53,73,74,80,81,82,83,84,85,86,87,88,212,244,390,391,392,393,394,395,573,574,575,669,676,677,678,737
A2ARP1	1436	64,65,145,198,205,224,225,248,249,250,251,257,258,259,273,275,320,332,333,334,337,338,339,340
Q8VHC5	271	138,140,142,144,149,215,217,219,221,226,252,254,256,258,263
P97425	156	62,63,64,65,66
P33242	462	342,437,441
Q6DFX2	487	52,54,118
P50544	656	215,216,217,218,219,220,221,222,223,224,250,251,252,462,463,464,465,466,467,563
Q9JMH9	2050	498,499,500,501,502,503,504,505
Q64028	1012	806,809,825,829
P19096	2504	647,648,671,773,1664,1665,1666,1667,1668,1669,1670,1671,1672,1673,1674,1675,1676,1677,1678,1679,1680,1681,1879,1880,1881,1882,1883,1884,1885,1886,1887,1888,1889,1890,1891,1892,1893,1894
Q8BWY4	260	118,120,122,123,173,196,235
Q9JHI9	570	39,43,326,506
Q62312	592	250,251,252,253,254,255,256,257,258,277
Q71KT5	418	311,315,338,343,350,351,390,394,395,396,397,398,405
Q9QXB9	364	69,70,71,72,73,74,75,76,94,95,96,97,98,115,116,117,118,246,247,248,249,269,270,271
Q9R0S2	618	112,255,259,265
P62069	366	182,185,229,232
Q8BLR2	557	170,176,232,234,240
Q9Z2V5	1149	1047,1049,1067,1070,1079,1082,1087,1094,1098,1104,1117,1120
P14246	523	192,313,314,319,348,411,419
Q6P068	179	23,24,25,26,27,28,29,30,66,67,68,69,70,125,126,127,128
P70169	412	157,163,218,220,297,303,357,359,365
P41241	450	201,202,203,204,205,206,207,208,209,222
P97321	761	203,204
P70313	1202	93,98,101,183,246,355,356,360,445,446,459,474,525,526,527,529,571,572,653,660,686,690,775,797,937,939,940,955,957,961,974,975,976,1015,1048,1077,1078,1084,1086,1088
Q5EG47	559	33,34,35,36,37,38,39,40,41,56
Q80XI6	850	124,125,126,127,128,129,130,131,132,145
Q99LI9	425	22,62,124,125,126,127,128,129
Q9Z1B7	366	31,32,33,34,35,36,37,38,39,54
Q80WJ6	1366	514,515,516,517,518,519,520,521,1161,1162,1163,1164,1165,1166,1167,1168
Q91VS7	155	38,73,74,76,81,121
Q69ZX6	1030	39,87,88,89,99,100,101,102,103,104,105,427,499,502,525,536
Q9QWG7	299	48,49,50,51,52,53,107,108,109,131,139,194,228,229,230,231,232,233,258,259,260
Q6P3A8	390	150,176,178,179,226,229,231
Q9CWS0	285	30,73,78,79,98,145,268,274
Q99KI0	780	99,192,193,194,385,448,451,474,479,607,670,671
Q03265	553	213,214,215,216,217,218,219,220,473,474,475
P46471	433	216,217,218,219,220,221,222,223
Q8K045	878	554,555,556,557,558,559,560,561,562,577
Q9CWY8	301	34,35,142
Q8VC12	676	126,127,204,251,252,253,271,317,318,343,344,345,346,347,354,355,403,594
Q8VCT3	650	298,299,300,301,302,325,329,348
Q99JP0	894	22,23,24,25,26,27,28,29,30,45
Q6HA09	435	182,186,192
Q8BRX9	218	71,74,87,89,97,100,113,116
Q8CEE7	334	45,46,47,48,49,50,51,174
Q9ESV0	857	238,239,240,241,242,243,244,245
P08032	2415	2280,2282,2284,2286,2291,2323,2329,2334
D3YYI7	515	236,239,256,259,356,359,364,369,396,399,414,417,422,425,438,447
P97480	510	246,248,474
Q6P6J0	191	71,107,110
A0A087WPC3	509	456
Q8CGA0	452	195,196,357,401
Q9D6T1	475	148,149,150,151,152,153,154
P05063	363	56,147
Q91Y08	818	37,38,91,93,125,127,128,129,144,159,161,165,201,203,216,234,235,236,237,238,268,270,323
Q3TXU5	369	105,106,107,108,109,131,132,133,136,137,238,243,283,288,308,309,314,315,316,323,324,325,326,327,328,329,342,343
Q9WU19	370	26,79,80,81,108,130,132,158,167,236,258,260,263,291,292,293,294,295,314,315
Q62158	513	96,99,118,124
Q75N62	688	55,56,57,58,59,60,61,62,63,76,173,174,175,209
Q8BGL1	404	96,97,267,310
Q64018	457	220,222,230,231,232,233,234,235,243
Q3UHD9	1186	407,408,409,410,411,412,413,414,451,452,453,454,455,509,510,511,512
Q9D2L1	553	40,80,128,249,311,312
Q7TMM8	322	152,182,254
Q61527	1308	724,725,726,727,728,729,730,731,732,751,797,798,799,843,844,845,846,847,848
D3Z6W3	317	12,13,14,15,16,17,18,19,20,21,22,23,24,25,26,27,28,29,30,31,32,33,34,35,36,37,38,39,40,66,143,160
P32848	110	52,54,56,63,91,93,95,97,102
P56395	134	44,68
P32883	189	10,11,12,13,14,15,16,17,18,29,30,31,32,33,34,35,59,60,116,117,118,119
Q80TQ2	952	784,787,795,798,813,816,821,829
P34152	1052	428,429,430,431,432,433,434,454,500,501,502
Q8CBF3	984	625,626,627,628,629,630,631,632,633,651
O35074	501	107,113,288,359,360,383,442
Q9D6R2	366	115,125,146,233,257,261
Q91WE1	337	51,53,87,96
Q91YY2	395	132,133,134,135,136,171,172,173,198,199,228,260,262,263,264,265,293,294,295,305
Q8BW96	385	29,30,31,32,33,34,35,36,37,52
P58044	227	36,40,51,70,74,87,146,148
Q9QWH1	850	634,637,653,657
P39654	663	361,366,541,545,663
Q8K3F6	873	244,260,367
P05214	450	11,71,140,144,145,179,206,228
Q9R224	128	125
P63085	358	29,30,31,32,33,34,35,36,37,52
Q6T707	353	69,114,119,142,149,150,151,154,155,182,183,256,263,292,295,296
P51881	298	80,92,235
O88697	305	26,27,28,29,30,31,32,33,34,49
Q9WTM5	463	77,78,79,80,81,82,83,84
Q3TL44	975	166,167,168,169,170,171,172,173
Q673U1	367	124,125,126,127,128,146,147,148,149,150,151,152,177,178,179,180,205,213,245,246,330,331,332,333,334
Q02284	366	103,107
P51829	1099	286,287,288,289,290,291,328,329,330,374,950,1029,1030,1031,1036,1037,1038,1039,1040,1076
P70340	465	64,109,121,126
Q6VV64	394	127,128,129,130
Q7TSG3	421	352,355,370,375,380,383,388,393
P29352	802	227,228,229,230,231,232,233,274
Q8VEB1	590	192,193,194,195,196,197,198,199,200,215
O88445	276	22,23,24,25,26,27,28,29,30,45
S4R2P9	928	409,445,470,471,473,475,478,525,526,527,543,579,605,673
F8VPZ3	1604	241,243,245,247,252,277,279,281,288
Q64505	503	444
Q8BP92	320	77,79,81,88,113,115,117,124,167,176,202,204,206,213,243,245,247,249,254,279,281,283,285,290
Q5RJF7	1116	276,278,280
Q9D114	179	35,61,62,122
Q01320	1528	90,119,147,148,149,160,161,162,163,164,165,166,167,375,376,377,460,540,542
Q1EG27	1305	21,22,23,24,25,26,27,28,29,44
Q8K0T7	2210	1232,1238,1284,1286,1303
O54992	473	28,29,30,31,32,33,34,35,36,51
Q9JL16	300	11,13,90,93
Q499X9	586	343
P35436	1464	44,128,266,282,511,512,513,518,689,690,730,731
Q8BTH8	459	50,51,52,53,54,55,56,57,58,73
P97311	821	359,399,400,401,402,403,504,619,622
Q61161	821	22,23,24,25,26,27,28,29,30,45
B1AWC9	736	406,407,408,409,410,446,447,564,615
Q8BWF2	308	33,34,35,36,37,38,39,40,41,54,151,152,153,188
Q9WV35	224	60,98,128,131
A2A5N8	826	628,633,646,652
O55042	140	2,50
Q3V1F1	546	468
E9Q5K9	736	362,363,364,378,429,477
A2A8L1	1946	727,728,729,730,731,732,733,734
Q8BH05	703	27,30,43,49
P59108	548	39,45,97,99,102,109,170,176,232,234,240
Q8K354	277	10,11,12,13,14,15,16,17,18,19,20,21,22,23,24,25,26,27,28,29,30,31,32,33,34,38,39,40,41,42,63,64,90,140,194,195,196,197,198
Q9WUB6	687	121,259,261,278,281,426
Q8K3P5	557	240,276,361,366,412,414,481,486
Q60989	496	299,302,319,326
O08575	532	268,270,496
Q9ER39	333	103,104,105,106,107,108,109,110
Q8BH66	558	74,75,76,77,78,79,80,81,118,119,120,217,218,276,277,278,279
O35648	167	38,40,42,49,147,149,151,153,158
Q8BUM3	359	257,290,291,292,293,294,295,296,334
Q6AXC6	906	44,45,46,47,48,49,50,51,265,283,312,347
O54732	657	107,255,259,265
Q8BRK9	1152	175,177,289,569
P06800	1293	810,842,843,844,845,846,847,848,886
Q9CRA0	300	185,219
Q6WKZ8	1755	99,112,115,124,127,133,136,148,149,150,151,153,163,166,1108,1111,1168,1170,1173,1176,1210,1213
Q8VHP8	278	21,22,23,24,25,26,27,28,69,70,71,72,73,126,127,128,129
Q60611	764	390,400,401,402,403,404,405,406,407,408,409,410,425
Q8JZL3	224	7,9,11,55,57,65,125,145,157,159,193
Q8K337	993	355,383,459,460,582,583,596,597,598
Q8BIJ7	712	652,655,668,671,676,679,696,699
Q9R1S7	1498	661,662,663,664,665,666,667,668,1294,1295,1296,1297,1298,1299,1300,1301
Q6P4T2	2136	503,504,505,506,507,508,509,510,1350,1351,1352,1353,1354,1355,1356,1357
Q9EQH2	930	172,306,307,308,309,310,342,346,365
Q61102	752	315,316,317,318,319,378,379,380,381,428,481,505,506,507,508,509,510,511,512,513,514,515,516
Q8R5F7	1025	907,910,962,964
P60843	406	76,77,78,79,80,81,82,83
Q69ZK6	2350	2146,2148,2276
O35626	280	31,32,33,34,35,36,37,38,78,79,80,81,82,145,146,147,148
P69744	723	535
Q01705	2531	432,435,452,453,455,469,470,490,491,493,507,508,1457,1460,1475,1478
Q8K3Z0	1020	219,232,233,282,283,284,285,286,287,583
Q8BNJ3	307	16,17,24,92,95,200,202,212,213,232,271,272,273,274
O70423	765	520,522,529,530,531,572,641,663,667,673,674,684
P06795	1276	426,427,428,429,430,431,432,433,1068,1069,1070,1071,1072,1073,1074,1075
Q6PFD6	834	111,112,113,114,115,116,117,118
P05480	535	275,276,277,278,279,280,281,282,283,297
Q8VH37	377	101,151,178,180,267,306
Q91ZW8	237	196,198,203,214,215
O35975	289	98,146,164,202
Q9WV38	501	31,166,287,295,296,297,386,418,419
Q66X19	978	154,155,156,157,158,159,160,161
Q3V1L4	560	52,54,144,154,202,206,215,249,250,251,292,351,453,456
O08832	578	175,204,227,229,334,362,370
Q6PB97	674	19,22,25,30,33,36,52,57,68,71,94,97,102,105,125,128
Q99PW8	1038	91,92,93,94,95,96,97,98
Q8BMT9	499	454,455,456,457,458,459,460,461
P15392	494	439
E9Q5K4	494	439
Q64430	1491	18,19,22,182,185,288,291,388,391,490,493,566,569,1072,1292,1296
Q9Z1W9	556	81,82,83,84,85,86,87,88,89,104
Q80WS3	314	166,167,185,186,210,211,230,231,232,233
Q8CIM3	535	400,404,415,448,455,457,489,490
Q91W63	195	10,11,12,13,14,15,16,17,18,36,37,38,39,55,56,128,129,132,133,134,135,172,173,174
Q91WS2	869	200,201,202,203,204,205,206,207
Q80VJ3	173	16,18,19,20,87,89,93,117
P50636	840	132,135,150,152,155,158,176,179,219,224,241,246,251,254,259,264,301,304,321,324,329,332,340,347
G3X8U3	338	51,235,237,311,312,316
Q3UFB2	460	211,214,223,226,231,235,239,245
Q9DCT1	301	35,102,175,246,247,248,249,250,251,252,253,254,255,256,257,258
Q8R4H4	436	196,197,198,199,254,271,272,323,324,325,375
Q811Q3	732	337,341,347
Q8C0Q4	628	36,37,38,39,40,41,42,43,44,62
Q91WN4	479	19,37,38,39,40,57,85,99,111,136,172,304,317,318,363,398
O08644	1014	669,670,671,672,673,674,675,676,677
A2AKX3	2646	1939,1940,1941,1942,1943,1944,1945,1946
P61458	104	61,62,63,78,79,80,81
Q60809	285	40,42,161,230,278
P08071	707	78,110,135,139,141,142,210,271,413,451,477,481,483,484,544,613
Q3TXX3	415	354,357,370,373,378,381,406,409
Q6P1B1	623	77,395,415,426,489,498,523,537
P61148	155	33
Q5SX40	1942	179,180,181,182,183,184,185,186
Q61233	627	22,24,26,28,33,62,64,66,68,73
Q3UFY7	300	41,43,88,156,157,205,230
Q3TL54	445	93,96,115,121
O54949	527	144,145,146,147,148,149,150,151,152,167
P46978	705	49,167,169,405,530
Q9Z2R6	240	131
Q61592	674	326,328,437,652
P55284	784	56,57,107,109,141,142,143,144,145,175,177,184,229
Q9CWQ0	281	9,84,87,112,113,163,225,250
Q80Y14	152	55,63,93,94,95,96,97,105,118,119
O88455	471	354,358,391,396,403,404,443,447,448,449,450,451,458
Q5ND52	418	354,378,387
P58750	326	46,47,48,49,50,51,52,53,54,69
Q9JI75	231	12,18,19,20,21,104,105,106,107,127,128,129,148,149,150,151,156,174,178,194,201,223
Q14DH7	682	222,223,224,225,420,421,422,441,442,443,444,445,446,534,549,560,619
P53612	339	198,199,200,240,241,242,243,246,248,249,250,251,252,298
Q8BIW1	454	28,30,106,179
Q6GQS1	467	22,24,26,28,33,89,91,93,95,100
Q9QZA0	317	130,132,155,235,236
Q8BFR2	847	188,190,192,199,226,228,230,232,237
A2A825	258	64,65,67,68,69,70,82,84,87,176,178,206
Q924H9	718	67,68,69,70,71,72,73,74
Q8R4H9	761	449,453,591,595
Q810B6	1169	1110,1113,1126,1129,1134,1137,1156,1159
Q9D0L8	465	165,166,169,194,216,250,273,278
Q9QXL2	1672	88,89,90,91,92,93,94,95
Q8R2Q0	587	225,228,247,252
Q64518	999	304,305,307,309,351,353,442,489,515,560,625,626,627,678,684,703,706,768,771,796,799,800,908
Q69ZP3	385	172,174,176,177,229,253,291,292,293,376,377,378,379
B2RR83	1445	231,232,233,234,235,236,237,238,1309,1310,1311,1325,1375
Q9Z1F9	638	24,25,26,27,28,29,48,56,57,58,59,72,95,96,117,118,119,120,121,122,158,161,439,442
Q921E2	194	13,14,15,16,17,18,19,20,61,62,63,64,65,119,120,121,122
Q02789	1880	292,614,1014
P12658	261	24,26,28,30,35,111,113,115,122,155,157,159,161,166,199,201,203,205,210
Q9QYY9	377	47,49,68,98,101,104,112,179,204,205,206,207,208,209,228,233,297,298,299,320,321,322,372
Q9JI78	651	247,250,280,283
F8VPQ6	554	62,173,175,331,336,340,377,378,452
Q8BHH2	201	14,15,16,17,18,19,20,21,22,33,34,38,39,65,124,125,126,127,155,156
Q62148	518	184,185,186,210,211,212,213,264,265,266,366,367,368,369,370,417
P08775	1970	67,71,74,81,84,111,114,154,184,346,358,460,493,495,497,499,1416,1421
Q3U6B2	357	83,108,112,256
G3X982	1335	47,52,55,77,116,117,120,152,154,264,265,266,267,268,269,270,271,354,358,367,411,802,1043,1199
Q769J6	1426	85,175,184,186,189,214,226,230,236,281,289
Q91X88	660	129,179,207,307,308,309,310,311,338,371,394,395,500,506,507
Q8BPG6	308	201,202,215,217,236,239,241,243
Q8CAE2	395	79,115,133,136,137,182
Q8CHU3	595	8,11,25,30,63,73
P54923	362	59,60,61,90,129,135,307,309,310
Q8K0C9	372	30,31,32,33,34,35,55,56,57,58,86,87,108,109,110,111,112,123,183,209,214
Q3UM18	644	212,213,214,215,379,380,381,382,383,384,385,386,423,424,425,426
Q8BXN7	372	127,128,298,337
Q6P5F7	524	110,113
Q62070	370	97,98,99,100,101,102,103,104,105,120
O35655	650	175,177,204,236,288,404,497,499,501,503,508,580,582,584,591,620,622,624,626,631
Q9DBL1	432	174,175,176,177,178,179,180,181,182,183,207,208,209,229,283,291,292,293,294,319,330,387,388,389,390,391,416,417,418
Q8K440	1620	515,516,517,518,519,520,521,522,1321,1322,1323,1324,1325,1326,1327,1328
Q6Q477	1205	786,790
Q3UUG6	561	36,40,238,242,293,294,295,296,297
Q8K349	305	110,111,112,113,114,115,116,117,118,131,226,227,228,263
Q9QZ41	663	295,298,308,314
Q08297	339	127,128,129,130,131,132,133,134
Q9JJ59	762	535,536,537,538,539,540,541,542
Q8BSU7	217	83,88,165,170
Q8C460	337	150,152,249,307,312
Q64691	821	662,665,667,672,705,707,709,711,716,735,737,739,741,746,800,802,804,806
Q80UY2	381	9,12,24,27,33,36,46,50
P35279	208	20,21,22,23,24,25,26,27,28,68,69,70,71,72,126,127,128,129,156,157,158
Q3TNA1	551	114,185,295,296,370,456,457,460
P11416	462	235,287
Q3V0T4	1168	474,476,478,482,538,540,542,546,601,605,609
Q9D099	267	19,20,22,24,33,81,217,221
Q8C170	2542	239,240,241,242,243,244,245,246
A2AQP0	1941	177,178,179,180,181,182,183,184
P47857	780	25,88,89,118,119,120,121,164,165,166,201,208,209,210,264,292,298,299,300,301,471,528,529,530,531,532,566,573,574,575,629,655,661,662,663,664,735
P36993	390	60,61,243,286
O88844	414	75,76,77,82,94,95,96,97,98,99,100,109,132,212,252,260,275,279,310,311,312,313,314,315,328
Q06180	406	182,216,217,218,219,220,221,222,260
Q50L41	855	60,66,116,118,123
P70268	946	625,626,627,628,629,630,631,632,633,648
Q64347	994	189,484,578
Q9R0K7	1198	775,779
Q99PP6	485	96,99,118,124
Q6ZPV2	1559	545,546,547,548,549,550,551,552
Q9CWK8	519	183,185,211,235
Q61112	361	110,112,114,116,121,149,151,153,155,160,212,219,245,247,249,251,256,290,292,294,301,326,328,330,332,337
Q91YD4	1506	840,843,866,1070
Q8K0C4	503	449
Q8CFE6	504	82,383
Q99K82	555	35,55,63,79,80,261,519,528,529
Q6PCN3	1308	40,41,42,43,44,45,46,47,48,63
Q9R1T4	434	49,50,51,52,53,54,55,56,104,185,186,187,188,189,190,191,192,193,239,254
Q9D805	690	81,83,88,167,284,291,312,314,316,574,576,578,580,585,604,606,608,610,615
Q9DAT5	417	10,11,12,13,14,15,16,17,36,126
P15327	259	10,11,12,13,14,15,16,17,23,24,62,89,90,91,92,100,116,117,189,190
P60898	125	17,20,39,42,86,89,114,119
O70496	803	202,512,600,656,657,658,781,782,783,784
Q8BGQ7	968	77,95,176,214,215,216,239,243,605,609,723,727
E9Q612	1226	1112,1146,1147,1148,1149,1150,1151,1152,1190
Q60931	283	242,243,244,260,261,262,263,264
Q80TJ7	1023	244,247,249,264,319
Q8CB87	973	792,793,794,795,796,797,798,799,840,841,842,843,844,898,899,900,901
Q9EQ06	298	40,41,42,43,44,45,46,47,48,49,50,51,52,53,54,55,56,57,58,59,60,61,62,63,64,172
P28184	68	6,8,14,16,20,22,25,27,30,34,35,37,38,42,45,49,51,64,66,67
Q91WD2	767	581
Q9D0F3	517	96,129,160,162,164,186,189,259,260,261
Q7TSJ6	1042	632,633,634,635,636,637,638,639,640,655
Q91YR9	329	152,153,154,155,178,193,217,239,240,241,242,243,244,245,270,271,272,321
P11247	718	234,236,308,310,312,314,382,383,476
Q9D6Y9	702	62,63,91,92,93,118,119,120,121,333,334,335,336
Q9Z0S1	308	74,117,119,120,195,198,220,224,247
P00756	261	231,236
Q9CZU4	437	120,121,122,123,124,125,126,127,167,168,169,170,171,236,237,238,239
Q64702	925	18,19,20,21,22,23,24,25,26,41
P60487	292	25,27,58,59,60,178,209,234
O09159	1013	72,74,196,446
Q9DCI9	187	109,112,122,125
O70201	140	57,60,76,77,80,84
Q8C2P3	475	23,24,25,79,147,175,208,209,210,232,233
Q60737	391	45,46,47,48,49,50,51,52,53,68
Q80ZJ1	183	10,11,12,13,14,15,16,17,57,58,59,60,61,116,117,118,119
Q924D1	502	448
Q8CD10	432	182,184,186,188,190,193,372,374,376,378,383
Q8C080	344	144,146,184
Q61024	561	49,50,51,52,53,75,76,77,97,256,288,363,364
P54818	684	109,151,197,396
Q9D8C9	305	48,79,99,100,101,131,216,235,258
Q9QYS2	879	151,172,173,174,222,301,389
Q60759	438	138,139,177,178,179,180,181,182,183,184,185,186,212,213,214,287,288,289,290,291,292,293,294,319,330,387,388,389,390,391,415,416,417,418,434
Q9ERK0	786	28,29,30,31,32,33,34,35,36,51
Q01149	1372	1187,1189,1190,1192,1195
P51859	237	19,21,72,75,79,80
P56960	887	313,315,371,440
Q8R4H7	527	394,437,467,468,469,470,471,472
O08914	579	191,217,238,239,240,241
Q99MX2	176	27,107,141
Q6ZPL9	600	53,54,55,56,57,58,59,60
Q9CWQ3	201	125,129
O88456	269	109,112,114,119,137,152,154,156,158,163,182,184,186,188,193,225
Q9JI76	729	178,345,349,355
Q9CW42	340	70,71,95,214,241,243,274,275,276,320
Q64516	559	20,21,22,24,94,95,148,252,265,266,287,332,433,437,501
Q99J72	440	82,116,119,299,327,330
Q6V5K9	347	94,97,109,113,165,168,180,184,221,224,236,240,284,287,299,303
Q05306	680	626,627,633,634
Q9CQD1	215	27,28,29,30,31,32,33,34,35,46,47,48,49,50,51,52,75,76,77,78,79,133,134,135,136,163,164,165
Q6PD10	433	220,221,222,223,224,225,226,227,228
Q68ED2	915	159,180,181,182,230,314,407
P37040	678	86,87,88,89,90,91,138,139,140,141,173,174,175,176,177,178,179,180,181,182,208,298,424,454,455,456,457,472,473,474,478,488,489,490,491,535,596,597,602,603,604,605,606,639,677
Q8C025	398	64,111,114,119,132,136
Q9CPW9	335	161,178,189,252,259,284,315
Q91YT7	579	416,417,418,422,432,433,462,486,491
Q924N4	1150	147,148,151,283,443,444,446,447,448,497,603,654
P27038	513	198,199,200,201,202,203,204,205,206,219
Q923B6	470	27,28,29,30,49,50,67,81,82,83,84,85,106,139,140,148,171,217,269,290,304,307,366,383,397
P68368	448	11,71,140,144,145,179,206,228
B2RQC6	2225	44,222,224,253,256,294,296,297,515,555,561,562,592,599,625,626,627,668,682,684,1088,1127,1129,1134,1159,1160,1161,1162,1202,1214,1216,1471,1473,1475,1505,1556,1590,1613,1614,1637,1661,1686,1690,1702,1975,1976,2003,2024,2052,2055,2085,2146,2185,2186
Q99MN1	595	275,299,321,322,323,329,330,337,339,492,493,495,499,548,549,550,551
P21550	434	158,167,245,293,318,370,371,372,373,394
Q9D8S4	237	47,49,147,199
Q8BMS4	370	125,155,176,223
Q50L42	875	97,103,153,155,161
O70624	490	366,414,415,463,464
Q99L20	241	53,54,66,67
P59178	703	90,93,110,114
P59941	334	53,57,64,65,71,113,133,141,144,166,177,214,216,240,242,258
Q8JZM0	345	38,63,85,86,111,112,141
Q9JJ57	227	146,148,150,152,157,194,196,198,205
Q61462	192	94
Q60932	296	25,33,255,256,257,273,274,275,276,277
Q9ERQ8	264	96,98,121,201,202
Q5SV80	963	132,133,134,135,136,137,138,139
F7BJB9	942	413,416,435,446
Q5DU02	525	23,25,63,66,76,79,84,89,93,99,112,115
Q924X7	491	117,118,119,120,121,122,123,124,125,140
Q00899	414	298,303,316,320,327,330,343,347,355,360,373,377,385,390,403,407
Q6J9G1	429	125,126,127,128,129,130,131,132,133,152
O54784	448	19,20,21,22,23,24,25,26,27,42
Q99N57	648	139,152,155,165,168,173,176,184,355,356,357,358,359,360,361,362,363,375
Q9ESN6	744	118,121,141,146
Q62073	579	42,43,44,45,46,47,48,49,50,63
Q8R100	309	32,37,121,202
Q9QZW0	1129	409,410,411,498,540,563,594,674,675,676,789,795,816,819,820
Q9D051	359	89,142,190,191,193,195
P83510	1323	31,32,33,34,35,36,37,38,39,54
Q9R0A1	908	170,467,561
P05622	1098	605,606,607,608,609,610,611,612,613,633
A2ADA5	291	130
P70266	471	49,50,51,52,53,54,55,56,57,82,105,133,139,170,171,172,173,174,175,196,200,258,265,271,308,339,350,351,352,353,357,368,394,395,396,397,398,430
Q8R5K2	909	8,10,30,33,43,48,53,60,64,70,83,86
Q8BLF2	595	10,11,12,13,14,15,16,17,18,33
Q3V016	616	17,18,19,20,21,22,23,24,25,40
Q80X41	440	43,44,45,46,47,48,49,50,51,71
Q68FL6	902	598
Q9WTZ8	129	126
Q80UY1	400	155,158,199,220,286,287,303,307,315,338,389
Q64692	359	147,170,279,280,281,301
Q9DBJ1	254	10,11,12,13,14,15,16,17,23,24,62,89,90,91,92,100,116,117,187,188
Q8K2B3	664	69,72,91,92,98,100,105,221,275,296,340,407,440,451,454,456,457
Q62010	721	71,72,98,99,100,101,142,211,212,213,214,355
Q8BG48	372	39,40,41,42,43,44,45,46,47,62
Q3U0K8	545	155,157,169,218,230
Q6Q783	468	32,92,95,114,115,116,117,121,141,160,169,182,183,185,229,230,231,234
Q9CPV9	347	99,103,111,162,163,164,165,181,182,183,184,185,193,197,262,263,264,265,269,286
Q8CIW5	685	416,417,418,419,420,421,422,423
Q99J62	364	78,79,80,81,82,83,84,85
O08967	399	273,274,275,276,277,278,279,280,284,295,305,354
Q61753	533	78,155,156,175,207,234,235,236,260,283,284,285,286
P29351	595	419,453,454,455,456,457,458,459,500
Q61091	685	71,72,73,74,75,76,77,78
O09127	1004	640,641,642,643,644,645,646,647,648,666
P24457	504	446
P53994	212	13,14,15,16,17,18,19,20,21,61,62,63,64,65,119,120,121,122,149,150,151
Q8C5W4	1022	39,87,88,89,99,100,101,102,103,104,105,427,499,502,525,536
Q8BHC4	231	8,9,10,11,12,13,14,15
Q6P1E1	1072	765,767,788,791
Q8BGF7	1200	977,979,1086,1138
Q9DB26	291	102,141,156,157,158,174,246,248,257
Q0VBD0	767	154,156,193,249,251,253,254
P46638	218	18,19,20,21,22,23,24,25,26,66,67,68,69,70,124,125,126,127,154,155,156
P48758	277	10,11,12,13,14,15,16,17,18,19,20,21,22,23,24,25,26,27,28,29,30,31,32,33,34,63,64,90,95,96,97,106,140,193,194,195,196,197,198,231,232,233
O35710	429	193,217,218,219,261,284,285,286,287,322,323,324,412
Q61288	502	207,208,209,210,211,212,213,214,215,228
Q9JL15	316	68,78,88,248,249,250,251,252,253,254
Q9JKX6	218	27,45,46,83,95,97,111,115,132,165
Q61220	819	443,444,446,462,463,466,558,559,561,577,578,581,605,606,608,624,625,628
P97478	217	60,90,93,142,178,181
Q9QXG4	701	219,220,221,222,363,439,440,441,463,464,465,466,467,468,552,567,575,636
Q8BMD7	928	426,429,450,461
Q8K0T4	488	246,247,248,249,250,251,252,253
Q9WVF7	2283	2155,2158,2184,2187,2218,2221,2233,2235
O88425	189	19,68,96,102,116,126
Q8BL86	279	83,85,87,88,170,189,231
P60122	456	70,71,72,73,74,75,76,77
Q9Z0X4	1141	752,756,836,837,950,1001
Q3UX10	446	11,78,147,151,152,186,213,235
G3X939	829	133,136,137,393,492,493,495
Q99104	1853	163,164,165,166,167,168,169,170
Q9JMA2	403	105,106,107,108,109,159,202,229,317,319,322,348
O08691	354	120,143,145,146,147,148,149,156,157,158,202,251,253,265,296
P70424	1256	727,728,729,730,731,732,733,734,735,754
Q9QXK2	509	204,207,219,223
Q00977	226	42,45,47
Q64261	326	19,20,21,22,23,24,25,26,27,43
P70385	305	44,45,46,47,48,49,50,51,52,53,54,55,56,57,58,59,60,61,62,63,64,65,66,67,68,69,70,71,72,73,181
Q91V93	728	21,22,23,24,25,26,27,28,84,85,86,87,88,140,141,142,143
P02340	390	173,176,235,239
O88428	621	53,54,55,56,57,58,80,81,82,83,92,97,98,99,100,123,124,162,175,176,198,415,416,417,418,517,518,519,520,521,559
Q6ZPK7	905	841,844,857,860,865,868,887,890
Q99PM3	378	345,346
Q4VGL6	1130	14,17,33,35,38,50,53
Q8R4C2	606	546,549,562,565,570,573,590,593
Q3UP24	1024	135,172,173,174,175,176,177,443
Q3UGM2	1111	525,526,527,528,529,530,531,532,533,548
P23881	347	309,312,337,340
P70695	339	18,28,29,30,31,32,69,98,113,114,119,121,122,141,213,214,215,216,245,246,247,248,249,265,275,281
Q62190	1378	1065,1066,1067,1068,1069,1070,1071,1072,1073,1091,1138,1139,1140,1141,1189
Q61285	741	512,513,514,515,516,517,518,519
Q4VC17	1219	436,440,446
Q9WTK8	396	224,277
P46656	188	110,116,119,156
C0HKC8	504	34,35,36,37,38,39,40,41,42,57
P27046	1150	174,176,288,568
Q5HZJ0	1373	535,537,548,560,608,675,679,968,1025,1041,1044,1146,1218,1221
P35438	938	516,517,518,523,688,732
P34968	459	140,210
P45952	421	158,159,160,161,162,163,164,165,166,167,191,192,193,216,278,281,306,307,308,316,317,349,351,374,375,376,377,378,401,402,403,404,405
Q9Z1Q9	1263	864
Q8CH72	655	101,104,124,129
Q9QXW9	531	52,133,245,394
Q8C163	368	171
Q9Z148	1263	1027,1029,1033,1038,1040,1070,1074,1076,1080,1101,1102,1103,1138,1165,1166,1168,1221,1223,1228
Q8BG58	503	199,201,203,205,210,238,240,242,249,329,331,375,452
Q9D258	88	15,30,31,32,33,34,56,75
O55236	597	299,315,343,344,345,458,459,460,528,529,530,531,532,533
A2CI98	653	228,231,243,246,252,255,265,269
Q9DC70	224	99,100,164,194
O88839	864	179,349,353,359
A0A1D5RLD8	333	11,12,33,78,120,149,150,151,180,209,210,232,314
Q6P9P6	1052	104,105,106,107,108,109,110,111
Q8R0K2	507	94,97,116,122
Q8BGZ1	191	73,75,77,79,84,109,111,113,115,120,159,161,163,165,170
Q8CE90	535	142,143,144,145,146,147,148,149,150,165
Q640N2	427	28,29,30,31,32,33,34,35,71,72,73,74,75,130,131,132,133
P15919	1040	266,270,290,293,295,305,307,310,313,325,328,355,360,372,376,600,708,962
Q8BUG5	550	466,468,470,477
O70443	355	40,41,42,43,44,45,46,47,176,177,178,179,180,181,182,201,202,203,204,205,270,271,272,273,327
Q9Z2I0	738	675,677,679,681,686
Q9DBM2	718	99
Q8BG93	170	62,66
Q9Z183	666	153,155,165,168,176,179,349,351,353,369,370,374,407,410,411
Q99JI6	184	10,11,12,13,14,15,16,17,18,57,58,59,60,61,116,117,118,119,147,148,149
Q3UWM4	940	279,282,284,299,354
P97807	507	142,143,144,173,174,175,176,183,184,185,231,363,368,369,370
Q8BY35	655	464,467,481,484,489,492,510,513
Q811L6	2618	574,575,576,577,578,579,580,581,582,597
Q9QWT9	674	411,412,413,414,415,416,417,418
Q8CHT0	562	207,232,285,286,287,288,289,446,512
P51436	387	77,119
P07724	608	27,30,37,91,268,271,273,276,279
Q99246	2179	364,725,1121
A2AQW0	1331	662,663,664,665,666,667,668,669,670,685
P00920	260	94,96,119,198,199
P11672	200	72,73,74,128,147,156,160
Q69ZM6	1316	10,11,12,13,14,15,16,17,18,33
A2AV25	459	391,393
Q5SS80	376	46,48,170,197,201,232
Q64337	442	128,131,142,145,151,154,160,163
Q8CHX6	515	167,171
Q8VE10	237	85,127,128,129,138,140,141,142,148,149,150,151,152,153,174,179,197,211
P70218	827	23,24,25,26,27,28,29,30,31,46
Q9D816	490	435
Q920A7	789	302,303,344,345,346,347,348,482,566,570,641
P28700	467	140,143,157,160,176,182,192,195,321,332
Q08AT1	266	27,28,29,30,31,32,33,34,74,75,76,77,78,134,135,136,137
Q91X96	123	23,26,94,97
Q99ME9	634	175,176,177,178,179,180,181,182,221,222,223,224,225,289,290,291,292
Q6P4T1	997	587,634
Q8R367	199	13,14,15,16,17,18,19,20,60,61,62,63,64,118,119,120,121
Q9Z126	105	96,97,98,99,100,101,102
P06240	509	251,252,253,254,255,256,257,258,259,273
O55022	195	113
P20029	655	37,38,39,40,97,228,229,230,294,295,296,297,298,299,300,301,365,366,367,368
Q6J756	714	599,601,603,605,610,629,631,633,635,640
Q91ZQ5	533	180,241,313,527
P06803	313	44,45,46,47,48,49,50,51,52,67,121,128
Q9DBG7	636	423,424,425,426,427,428,429,430,518,519,520,521,522,586,587,588,589
P04184	233	26,27,28,29,30,31,32,33,58,59,60,97,98,99,100,128,153,156,172,173,174,175,176,181,185,188
Q9Z2C5	603	288,313,314,376,377,378,379,380,381,417,421
Q9D5Z5	446	104,107,123,126,132,136,144,148
P17751	249	12,14
P13707	349	10,11,12,13,14,15,120,153,269,270,296,298
Q61411	189	10,11,12,13,14,15,16,17,57,58,59,60,61,116,117,118,119
Q01768	152	12,60,88,94,105,115
O88704	910	528,529,531,538,539,579,582
Q6PFH3	600	193,196,211,214
Q3U3Q1	472	20,21,22,23,24,25,26,27,28,44
Q8QZX0	417	59,60,61,62,63,64,65,66,67,82
Q8VCN5	398	61,113,118,338
Q91YL2	313	13,16,29,32
Q8CG72	370	47,82,83,84,152,153,154,155,156,157,158,188,241,277,320,322,323
Q9R158	697	161,329,333,339
Q9WV68	292	35,36,37,38,39,40,60,61,62,63,64,86,88,118,126,127,128,182,208,209,210,211,212,213,214,219
Q99K67	926	488,512,516,554,576,577,578,603,604,605,703,724,725,726
Q9Z0G2	565	84,85,86,87,88,89,90,91,92,107
Q99KS6	340	25,27,74,110,241,278,280
Q8C2B3	938	520,522,528,605
Q8CE08	381	42,46,110,288
Q9WTR0	607	101,183,193,195,200,201,203,205,208,215,217,219,221,223,226,246,250,256
O08528	917	30,84,85,86,87,88,89,155,156,172,173,208,209,232,235,260,291,292,293,294,413,414,415,425,426,449,532,533,534,535,536,537,603,604,620,621,656,657,680,682,683,708,739,740,741,742,747,748,784,785,786,787,788,861,862,863,864,865,866,867,897
Q9ER64	874	383,384,385,386,387,388,445,446,447,448,477,478,503,669,673,677
O35615	995	257,260,273,278,592,595,608,613,698,701,714,719,838,841,854,859,965,968,981,986
P51175	477	9,10,11,12,13,14,34,35,42,57,58,59,60,257,449,454,455,456
Q8BPC6	396	117,133,164,251,321
Q9CQZ7	108	5,8,25,28,69,72,98,102
Q8VCH6	516	163,164,165,166,167,168,169,170,171,172,173,174,175
B1AVY7	1312	102,103,104,105,106,107,108,109
Q9EQG7	477	36,72,191,195,238,239,339
Q8CFG8	688	60,68,113,131,132,134,149,150,153
Q9D6A1	958	105,106,107,108,109,110,111,112
Q91XS1	1190	320,345,346,408,409,410,411,412,413,449,453,1115,1118,1131,1134,1139,1142,1161,1164
Q7TT15	598	192,223,246,248,378,381,386
O35305	625	134,135,138,161,163
P30275	418	162,163,164,165,166,225,270,326,354,355,356,357,358,359,369
Q9R0E2	728	657,659,709
P56726	793	99,398
Q80WV3	530	173,174,175,176,177,178,179,332,333,334,335,336,337,338,339,340
Q64674	302	49,79,80,104,124,155,156,173,174,175,176,241
Q0P523	160	89,91,93,95,100,130,132,134,136,141
P20263	352	150,157
Q9CRB3	118	11,51,115
Q3URE1	583	202,203,204,205,206,207,208,209,210,455,469,561
P04925	254	60,61,62,68,69,70,76,77,78,84,85,86
Q3U1V6	471	191,192,193,194,195,196,197,198,199,200,201,202,203,204,205,206,207,208,209,210,211,212,213,214,215,216,217,218,219
P13864	1620	359,362,420,424,656,659,662,667,670,673,689,694,1149,1153,1154,1171,1172,1193,1194,1582
B2RXA7	518	455
O35980	300	278,285,288,294
P59158	1002	146,149,351,352,353,462,465,466,538,646,653,675,739,778,779
Q3UUI3	230	175,196,197
P00688	508	115,170,179,207,213,310,349
Q8BKD6	301	30,33,53,56,121,126,145,148,153,156,161,166,191,194,209,212,217,220,232,238
P21570	145	64,65,66,67,68
P61588	244	30,31,32,33,34,35,36,37,77,78,79,80,81,135,136,137,138
Q9CXF0	464	137,138,165,166,167,168,221,250,253,275,305,333
Q9WVS4	420	10,11,12,13,14,15,16,17,18,33
P21279	359	50,51,52,53,54,156,180,181,183,186,274,275,277,331
Q7TS72	678	426,466,467,468,479,481,502,503,504,505,506,507,508,529,530,531,532,533,534,535,536,553,633,636
A2AQX6	640	53
Q69ZN6	1235	449,464,467,516,531,534,997,999,1001,1008
Q9Z175	754	608,610,612
Q8VCB3	704	40,205,211,291,292,294,297,301,331,501,510,512,513,515,582,586
O55071	492	437
Q8C0C7	508	329,372,373,374,412,414,438
Q9QX15	902	155,159,166
P24815	373	10,11,12,13,14,15,155,159
B7ZWN4	290	129,132,135
Q61152	453	197,229,230,231,232,233,234,235,276
Q9D826	390	9,10,11,12,13,14,15,16,17,18,19,20,21,22,23,24,25,26,27,28,29,30,31,32,33,34,35,36,37,38,39
Q9WUA5	330	32,86,102,103,104,105,106,196,234,240,266,267,268,269,270,271,303
Q60641	488	347,377,385,463
Q03147	346	18,19,20,21,22,23,24,25,26,41
Q99N19	523	467
Q62095	658	199,200,201,202,203,204,205,206,223,224,225,226,227,228,229,230
Q571F8	602	219,268,314,321,347,399,417
Q2TBE6	479	131,132,133,134,135,136,137,152,261,262,263,264,346
Q8BVF9	502	262,266,273,278,297,300
O35298	574	183,185,187,189,204,206,207,209,212,222,226,228,230,232,244
P08228	154	47,49,64,72,81,84,121
P59279	216	13,14,15,16,17,18,19,20,21,61,62,63,64,65,119,120,121,122,149,150,151
P0C605	671	167,168,169,170,177,178,282,291,292,293,294,301,302,336,366,367,368,369,370,371,372,373,374,390
F6R3P9	224	50,208
Q99J99	297	188
P86449	446	93,96,115,121
O09174	381	36,54,55,56,57,120,121,122,123,124,125
Q8BHF7	553	121,122,123,124,125,126,127,128
O54909	317	33,34,35,36,37,38,39,40,41,42,43,44,45,46,47,48,49,50,51,52,53,54,55,56,57
P51879	109	52,54,56,58,63,91,93,95,97,102
Q8BGC4	377	185,205,209,224,247,269,275,303,304,305,361
P06151	332	29,30,31,32,33,34,35,36,37,38,39,40,41,42,43,44,45,46,47,48,49,50,51,52,53,54,55,56,57,99,106,138,169,248
Q9DB75	208	142,145,194,197
P67871	215	109,114,137,140
Q9JMH7	418	25,45,179,181,223,243,339
Q8VHI3	429	53,54,55,56,57,292,293,294,371,388,389
O70546	1401	1146,1148,1226,1331,1334,1358,1361
Q5SYL1	278	106,107,108,109,110,111,112,113,114,129
Q9WTN6	564	218,219,220,221,222,223,224,225
P16330	420	252,331
P70663	650	621,623,625,627,632
P54276	1358	1132,1133,1134,1135,1136,1137,1138,1139
Q8BGE7	488	97,100,119,125
P70419	633	277,279,415,519,522,536,541
Q5RKZ7	636	73,80,84,86,87,123,127,154,178,215,249,312,315,317,318,319,329
P84084	180	24,25,26,27,28,29,30,31,67,68,69,70,71,126,127,128,129
O35253	426	125,180,192,197
Q9EQQ9	916	67,98,174,219,278,279,280,285,313
P15535	399	184,185,186,187,188,223,224,225,250,251,311,313,314,315,316,344,345,346,356
P10833	218	36,37,38,39,40,41,42,43,44,83,84,85,86,87,142,143,144,145,172,173,174
Q9JK42	407	251,252,253,254,255,256,257,258,290,309,310,325,326,327,328,329,330
Q32M21	443	9,10,11,12,13
Q8CJF9	860	598,638,670,808
P97445	2368	320,670,1411
Q80TR1	1466	42,117,118,119,120
K7N6C2	491	435
Q9JI90	485	221,224,239,241,244,247,266,271,310,315,330,333,338,341,346,351,405,408,423,426,431,434,446,454
Q8BQJ6	493	312,362,412
Q9D0D3	585	107,108,109,244,245,246,248
Q9CYC6	422	144,148
Q8K0W9	82	26,28,48,51
Q9JI38	481	196
F8VPU6	2556	1729,1731,1773,1776
Q99PN3	545	102,105,124,130
Q9R060	320	8,22,25,31,62,63,64,65,66,67,68,69,235,238
Q9Z1N2	840	479,513,514,515,516,517,518,519,520,521,599,600,633,699
P62700	121	17,20,73,76
P07146	246	75,77,80,85
O89112	399	276,317,322,323,364,365,366,367
Q8VDR7	355	142
Q8BMK1	389	78,82,181,206,232,233,253
Q78DX7	2340	1944,1945,1946,1947,1948,1949,1950,1951,1952,1973
P50285	532	9,10,11,12,13,32,40,41,60,61,62,195,196,197,198
Q3KNM2	278	14,17,33,35,43,46,65,68
P11714	504	446
Q80TT2	1134	174,180,258,260,1003,1004,1010,1068,1070,1073,1076
Q9JJN0	694	13,14,61,115,116,616,619,631,635
P97426	155	33,62,63,64,65,66
P43006	572	361,362,363,392,394,396,400,441,442,443,444,445,474,481,485
Q9D6J4	353	40,42,44,46,51
Q5NCC9	485	95,98,117,123
P62915	316	15,18,34,37,152,154,189,196,248,272,281,284,286,290
Q9Z0J4	1429	334,415,478,587,588,592,677,678,691,706,761,762,763,765,766,807,808,812,886,891,893,919,923,1010,1032,1173,1174,1175,1176,1191,1193,1196,1197,1210,1211,1212,1251,1284,1313,1314,1320,1322,1324,1357,1398,1400
Q9CWD0	151	9,15,25,29,43,49,59,63
A0A1B0GSD2	748	296,328
E9Q4Z2	2448	434,435,436,437,438,439,440,441,442,443,444,445,446,447,448,449,450,451,452,453,454,455,456,457,458,459,460,461,462,463,464,465,466,467,468,469,470,471,472,473,474,475,476,477,478,479,480,481,482,483,484,485,486,487,488,489,490,491,557,570,572,1924,2228,2230
Q9R0N7	403	166,172,225,227,230,233,297,303,357,359,362,365
O35608	496	429,431,433,435
Q9JJS6	566	172,237,308,514
Q60902	907	172,174,176,178,183
Q3TYX8	563	513,516,529,532,537,540,551,554
Q03157	653	174,206,209,210,565
P49443	382	60,61,239,282
Q9JJ04	344	129,130,131,132,133,168,169,170,195,196,224,256,258,259,260,261,289,290,291,301
P09470	1312	236,395,399,423,534,796,834,993,997,1021,1095,1099,1132
P51661	386	82,83,84,85,86,87,88,89,90,91,92,93,94,95,96,97,98,99,100,101,102,103,104,105,106,107,108,109,110,111,219
Q9JKL5	214	123,125,127,129,134
P50172	292	41,42,43,44,45,46,47,48,49,50,51,52,53,54,55,56,57,58,59,60,61,62,63,64,65,66,67,92,93,119,120,121,170,183,184,185,186,187,218,219,220,221,222
Q8VBV8	201	66,68,70,72,77,102,104,106,108,113,155,157,159,161,166
Q6P3Z3	569	436,559
P10648	222	9,45,54,55,67,68
Q6YGZ1	535	54,55,56,89,150,151,152,153,154,262,263,264,265,266,267,268,269,270,271,272,288,295,340,341,342,381,382,383
Q9QX66	387	274,277,293,296,301,304,322,325,328,331,343,346,351,354,369,372
Q3UMW7	384	52,53,54,55,56,57,58,59,60,75
P26149	373	159
Q8BLI4	958	452,470,481
Q64374	299	18,101,103,121,154,204
Q8BKE6	462	409
Q9JIA7	617	153,154,155,185,186,187,188,189,210,211,212,213,217,242,243,244,309,316,322,586,587,588
P63158	215	1,2,3,4,5,6,7,8,9,10
Q8K4T1	398	214,236,237,238,322,323,324
O70400	327	258,261,278,281,284,287,305,308
Q03963	515	248,249,250,251,252,253,254,255,256,271
Q6PIC6	1013	707,711
Q9JJY3	655	362
Q9DC50	612	406,410,411,412,413,414,415,416,417,439,441,452
O88819	359	75,137,168,192,194,195,202,226,241,246,252,255,256
Q8BGR9	318	143,145,253
O08811	760	42,43,44,45,46,47,48,49,116,134,155,190
Q9QYF1	316	45,46,47,48,49,50,51,174
Q9CYR6	542	64,276,278,280,370,371,372,496,497,498,499,500,505
Q6ZPY7	1562	1561,1563,1690
P42208	361	44,45,46,47,48,49,50,51,52,78,104,183,184,185,186,241,256,258
Q91XX9	932	38,39,92,94,126,127,128,129,130,145,160,162,166,202,204,217,235,236,237,238,239,254,269,271,275,309,311,324,340,341,342,343,344,359,374,376,380,412,414,427,445,447,448,449,464,479,481,485,522,524,537,555,558
Q91VH1	375	191,337,341
Q9D061	282	69,70,71,72,73,95,114
Q91YM2	1499	28,33,34,35,36,37,52,56,95,96,97,201,202,203,229,230,231
Q8R420	1704	566,567,568,569,570,571,572,573,1416,1417,1418,1419,1420,1421,1422,1423
Q8C0N1	668	303,304,305,306,307,308,309,310
P52850	883	613,614,615,616,617,711,832,833,834,835,836
Q6PIE5	1020	714,718
P07214	302	273,275,277,279,284
Q91ZS8	711	394,400,401,451,526,529,532,639,672,682,700
P29754	359	15,17,167,182,183,184,199
Q64669	274	12,18,19,67,104,105,106,107,126,127,128,148,149,150,151,156,201
Q9QZ11	837	30,78,150,152,171,173,225
Q9JM63	379	210,211,212,213,214,215,216,217
Q9ESM6	539	257,259,272
Q3UCQ1	651	301,302,304,307
Q9R0R1	738	78,107,132,136,138,139,210,279,451,556,625
Q5RJH2	878	210,216,263,265,270,525,531,577,579,585
Q9R1A9	236	14,16,17,122,193
P09055	798	152,154,157,158,189,244,246,248,249,362
P70404	393	120,133,136,167,254,312,313,324
Q8C0T9	1614	47,48,49,50,51,52,95,99,144,167,176,337,406,412,413,414,415,416
Q9Z0V2	630	105,111,132,133,370,371,372,373
B2RXZ2	492	437
Q8BIX9	458	234,316,317,318,319,367,368,369,370,371,372,373,374,399,400,407
P36895	532	240,241,242,243,244,245,246,247,248,261
P27005	89	17,27,33,59,61,63,70,83
Q6IMH6	699	329,333,339
P50295	290	103,104,106,107,208
Q8K4B2	609	184,185,186,187,188,189,190,191,192,205,308,309,310,311,324
O70299	359	23,24,63,64,65,66,73,75,248,252,253,254,255
O70252	315	44,153,198,202
Q9ET26	229	92,95,107,111
Q7M761	609	119
P31324	416	152,153,154,155,156,157,158,159,160,161,162,163,164,165,166,167,168,169,170,171,172,173,174,175,176,177,178,179,180,181,182,183,184,185,186,187,188,189,190,191,192,193,194,195,196,197,198,199,200,201,202,203,204,205,206,207,208,209,210,211,212,213,214,215,216,217,218,219,220,221,222,223,224,225,226,227,228,229,230,231,232,233,234,235,236,237,238,239,240,241,242,243,244,245,246,247,248,249,250,251,252,253,254,255,256,257,258,259,260,261,262,263,264,265,266,267,268,269,270,271,272,273,274,275,276,277,278,279,280,281,282,283,284,285,286,287,288,289,290,291,292,293,294,295,296,297,298,299,300,301,302,303,304,305,306,307,308,309,310,311,312,313,314,315,316,317,318,319,320,321,322,323,324,325,326,327,328,329,330,331,332,333,334,335,336,337,338,339,340,341,342,343,344,345,346,347,348,349,350,351,352,353,354,355,356,357,358,359,360,361,362,363,364,365,366,367,368,369,370,371,372,373,374,375,376,377,378,379,380,381,382,383,384,385,386,387,388,389,390,391,392,393,394,395,396,397,398,399,400,401,402,403,404,405,406,407,408,409,410,411,412,413,414,415,416
Q9DCJ9	320	51,52,175,199,201,202,218
Q9D7C9	195	9,10,11,12,13,14,15,16,17,35,36,37,38,54,55,130,131,134,135,136,137,174,175,176
Q9JHD1	813	555,556,557,562,563,564,565,566,567,568,593,594,595,596
Q9JIW9	206	21,22,23,24,25,26,27,28,29,68,69,70,71,72,128,129,130,131,158,159,160
Q8BVG4	862	729
Q810A5	467	276,281,312
Q9QY30	1321	455,456,457,458,459,460,461,462,1113,1114,1115,1116,1117,1118,1119,1120
Q8BLU2	248	76,104,105,106,125,156
Q9JL56	331	97,99,174
P36898	502	210,211,212,213,214,215,216,217,218,231
Q61263	540	127,405,408,411,415,423,435,446
Q9CQM9	337	161,263
Q9JI46	168	10,18,19,20,39,40,41,50,66,70,89,90,91,115,133
O55192	617	71,73,74,78,318,350,415,418,419
Q8CFP6	273	23,24,25,26,27,28,29,30,71,72,73,74,75,134,135,136,137
Q8C015	719	455,456,457,458,459,460,461,462,463,478
Q9CQG1	178	3,4,5,6,7,8
P17433	272	219,232,235,245
Q61820	216	17,18,19,20,21,22,23,24,65,66,67,68,69,122,123,124,125
B1AVD1	674	116,430,450,461,524,533,555,569
Q99LN9	302	56,89,90,208,241,242
P07901	733	51,93,112,138,401
Q9Z0Z4	1157	70,73,126,128,134,152,153,186,188,265,304,347,352,416,425,428,616,655,698,703,708,768,777,999,1002,1004,1044,1045,1046,1050,1055
Q99LB2	279	37,38,39,40,41,42,43,44,45,46,47,48,49,50,51,52,53,54,55,56,57,58,59,60,61,170,187
Q9JIW4	496	241,243,330,332,420
Q3U2U7	461	334,340,351,408
Q80Y44	875	89,90,91,96,113,114,115,116,117,118,119,120
Q7TSC3	627	10,11,12,13,14,15,16,17,18,33
Q8C0R7	736	307,310,322,325,331,335,349,353
Q8BWT1	397	224,227,251
Q6PDQ2	1915	744,745,746,747,748,749,750,751
Q8BW10	403	261,264,276,279
Q8VCS3	409	107,123,142,222,223,224,225,294,309
Q9DBS4	632	376,377,378,379,380,381
Q60769	775	387,392,404,407,470,475,487,490,506,509,521,524,592,597,609,612,642,647,659,662,701,706,718,721,747,752,764,767
Q80TY4	1045	366,371,384,390,410,415,428,434,722,727,740,746,766,771,784,790,814,819,832,838,867,872,885,891
O09164	251	128,130,145,153,156,159,195
A2A7Q9	732	116,119,139,142,203,208,225,230,235,238,243,248,284,287,304,307,312,315,323,330
B2RXV4	560	207,476
Q8K1B9	622	194,251,253,397,400,405
P32233	367	71,72,73,74,75,76,77,78,96,97,98,99,100,117,118,119,120,248,249,250,251,271,272,273
Q9Z1N9	1602	628,634,680,682,699
Q00175	926	759
P70375	446	379
P15533	496	96,99,118,124
P97347	1118	27,32,62,64,66,68,73
P28474	374	45,67,97,100,103,111,174
Q922Y0	586	214,215,216,217,218,219,220,221,222,237,287,288,289,290
Q9WTN0	300	25,28,57,64,68,73,74,151,152,185,202,212
Q4LDG0	689	292,293,294,295,296,297,298,299,300,301,302,303
Q922S8	721	260,344,345,346,347,348,349,350,351
Q9D2E1	268	16,17,18,19,20,21,22,23,24,39
P30966	357	121
P17156	633	13,14,15,16,72,205,206,207,271,272,273,274,275,276,277,278,342,343,344,345
Q9DB73	305	136,137,138,139,140,141,142,143,144,145,146,147,148,149,150,151,152,153,154,155,156,157,158,159,160,161,162,163,164,165,166,175,176,177,178,179,180,181,182,183,184,185,186,187,188,189,190,191,192,193,194,195,196,197,198,199,200,201,202,203,204,205,206,207,208,209,210
Q9ERI6	334	51,52,53,54,55,56,57,190
Q9QUL3	142	41,43,45,47,49,66,130,132
Q61216	706	20,22,60,128,217,245,247
Q64729	503	211,212,213,214,215,216,217,218,219,232
P49717	862	470,496,515,516,617,642,731,734
Q91YP2	704	497,501,504
Q9R008	395	13,55,104,135,140,141,142,143,144,145,146,193
Q8K023	323	20,21,22,23,24,50,117,166,167,190,216,217,218,219,220,221,270,271,272,273,274,275,276,277,278,279,280
Q9WU84	274	22,25,147,155,164,167,244,246
A0A087WS15	508	455
Q8BHJ7	463	101,164
Q99NH8	227	67,88
Q6PGB8	1046	212,213,214,215,216,217,218,219
Q05AA6	957	610,613,634,637
A2A863	1818	140,142,145,146,177,229,231,233,234,351
Q00612	515	38,39,40,41,42,43,44,45,72,147,171,201,202,203,204,205,239,258,357,360,365,366,370,393,395,401,402,403,421,422,423,487,503,509
Q8BLR7	232	23,24,25,26,27,28,38,39,40,41,42,43,44,45,67,68,69,70,71,125,126,127,128,169,170
Q5RJI4	492	144,145,146,147,148,149,150,151,152,166
Q91XE4	318	21,24,63,70,71,116,177,287
Q921G7	616	70,71,72,73,74,75,76,77,78,79,80,81,82,83,84,304,305,560,585,588,591
Q8R3J5	223	36,37,38,39,40,41
Q61768	963	85,86,87,88,89,90,91,92
Q9QXH4	1169	158,160,162,260,467,469,471,475,531,533,535,539,594,598,602
Q9D0D5	440	129,132,154,157
Q8VCR8	613	308,309,310,311,312,313,314,315,316,331
P0DP28	149	21,23,25,27,32,57,59,61,63,68,94,96,98,100,105,130,132,134,136,141
Q8R2U6	179	9,17,18,19,38,39,40,49,65,69,88,89,90,114,132
Q9EQ20	535	183,185,209,212,213,262,417
O08997	68	12,15
Q99LC9	981	471,472,473,474,475,476,477,478,745,746,747,748,749,750,751,752
Q8BNY6	190	73,75,77,79,81,84,109,111,113,115,120,157,159,161,163,168
Q6PGN3	756	399,400,401,402,403,404,405,406,407,422
P97329	887	159,160,161,162,163,164,165,166
Q8K596	921	407,443,468,469,471,473,476,518,519,520,536,598,599,600,665
P97443	490	17,18,19,52,55,65,68,74,78,86,90,135,205,206,208,270,271,272,274,276,279
Q8VCH0	424	249,252,276
Q8BQP8	635	62,64,68,73
P52825	658	452,453,454,455,456,457,458,459,460,461,462,463,464,486,488,499
O35469	373	159
P61222	599	110,111,112,113,114,115,116,117,379,380,381,382,383,384,385,386
P62137	330	64,66,92,124,173,248
Q99MJ9	734	178,179,180,181,182,183,184,185
P10630	407	77,78,79,80,81,82,83,84
Q8BH95	290	98,99,100,101,141
Q9QZS5	367	41,42,43,44,45,46,47,48,49,64
Q6IQX7	774	616
Q9WTR6	502	135,244
P23927	175	83,104,106,111,119
P58459	1104	392,396,402
Q60629	876	520,521,522,523,524,525,526,527,528,546
Q9DCW4	255	9,39,40,41,42,66,123,124,125,126,127,128,129,130,131,132,133,134
P15116	906	170,226,228,259,260,261,262,263,293,295,301,353
Q3TPE9	440	320,323,332,335,341,345,353,357
Q8BS40	216	56,60,108,112,152
P04117	132	127,128,129
O70475	493	11,12,13,14,15,16,36,41,89,90,91,92,93,130,131,132,161,162,163,164,165,220,221,222,223,224,260,267,268,269,270,271,272,273,276,277,278,279,338,339,346,442
Q9WUM5	346	64,65,66,67,90,143,144,145,207
Q96EQ9	843	205,208,216,219,256,257,258,288,289,290,291,292,293,294,320,321,357,390,393,406,411,707,710,723,727,735,738,751,755,763,766,779,783,791,794,807,811
Q9JHS4	634	106,109,128,131,295,296,297,298,299,300,301,302
Q9R1Z7	144	23,48,50
A4Q9E8	822	174,180,181,202,203,204,205,215,216,217,241,263,264,265,266,283,346,359,361,362,377
Q9QXX4	676	66,68,70,72,77
P26638	512	271,302,303,304,318,319,320,321,325,391,392,393,394,427
P47811	360	30,31,32,33,34,35,36,37,38,53
O89084	844	419,423,459,460,577,628,631
O70165	334	270,272,290,291,292
Q9WUA3	784	33,96,97,126,127,128,129,172,173,174,209,216,217,218,272,300,306,307,308,309,480,537,538,539,540,541,575,582,583,584,638,664,670,671,672,673,743
Q9Z309	187	116,118,120,127,157,159,161,163,168
Q8R1Q9	323	26,27,28,54,55,56,57,58,155,200,236,237,238,239,240,241,257,264,266,269,270,296,302,305,307,311
P0CC03	303	65,66,67,68,69,70,140,148,203,237,238,239,240,241,242,259,260,261
Q9JJX8	414	29,30,31,32,33,34,35,36,37,52
P62482	367	56,57,63,85,158,188,189,214,243,244,245,246,247,248,254,262,264,323,325,329,332,333
Q8K2J0	785	191,193,195,197,202,227,229,231,233,238,349,378,380,427,476,478,553,580,679,681,705,734,735,736
Q03141	753	62,63,64,65,66,67,68,69,70,85
P63143	401	90,91,97,119,192,222,223,248,277,278,279,280,281,282,288,298,357,359,363,366,367
Q9D5U8	673	206,207,208,209,210,211,212,213,214,215,216,217,218,219,220,221,222,223,224,225,226,227,228,229,230,231,232,233,234,235,236,237,238,239,240,241,242,243,244,245,246,247,248,249,250,251,252,253,254,255,256,257,258,259,260,261,262,263,264,265,266,267,268,269,270,271,272,273,274,275,276,277,278,279,280,281,282,283,284,285,286,287,288,289,290,291,292,293,294,295,296,297,298,299,300,301,302,303,304,305,306,307,308,309,310,311,312,313,314,315,316,317,318,319,320,321,322,323,324,325,326,327,328,329
P62192	440	226,227,228,229,230,231,232,233
Q8R4P9	1501	634,635,636,637,638,639,640,641,1289,1290,1291,1292,1293,1294,1295,1296
Q61696	641	12,13,14,15,71,202,203,204,268,269,270,271,272,273,274,275,339,340,341,342
Q9Z0M1	255	41,92
A4Q9E5	927	476,482,483,514,515,516,517,527,528,529,571,572,649,662,664
Q3UDF0	497	173,284,285,408
Q8R3P0	312	20,23,62,69,70,115,163,167,287
D3YZG8	338	89,90,91,92,93,136,137,138,205,206,207,238,314,315,316,317,318
Q9Z110	795	117,223,246,266,267,305,306,307,308,309,310,311
P83741	2377	231,283,299,301,302,303,304,351,369,371
P02798	61	5,7,13,15,19,21,24,26,29,33,34,36,37,41,44,48,50,57,59,60
Q9DC28	415	15,16,17,18,19,20,21,22,23,38
Q9DBN9	619	247,248,249,250,251,252,253,254
Q07174	467	144,145,146,147,148,149,150,151,152,167
Q9EPE9	1200	530,531,532,623,681,746,861,862,863,864,865
P79621	1155	445,446,447,448,449,450,451,452
Q9CPX9	84	23,26,34,37,44,51,53,56,58,59,73,76
Q9CQK1	151	11,14,22,25,30,34,38,42
Q8VEL2	648	332,333,334,335,381
Q99LH1	728	317,318,319,320,321,322,323,324,361,362,363,364,365
Q9D0E5	162	140,142,144,146,151
Q9CYB0	407	94,97,117,123
Q9CQA9	190	9,10,11,12,13,14,15,16,109,110,111,112,113,114,115,116
A2A8T1	509	456
P35374	363	103,104,182,204,215,279,297
P32037	493	159,280,281,286,315,378,386
Q7TQD2	218	60,71,79,82
Q9D3W4	284	13,14,15,16,17,18,174,175,176,177
Q05685	251	95,99,116,117,118,119,120,149,150,151,152,153,154,188
Q80SY6	360	23,25,27,73,105,106,107,108,147,180,207,210,292,293
Q3UTA8	301	56
Q8C2S5	690	15,57,58,61,80,126,130,661,675,685,686
Q9R1K7	455	143,144,145,146,147,148,149
Q99KH8	431	30,31,32,33,34,35,36,37,38,53,100,101,102,149,162
Q3UMM4	360	45,46,47,48,49,50,51,52,53,68
P18052	829	437,469,470,471,472,473,474,475,513
Q9EQP2	541	68,69,70,71,72,73,74,75,223,261,492,494,496,498,503
Q91XD4	541	163,164,165,166,167,168,169,170,171,172
P68181	351	50,51,52,53,54,55,56,57,58,73
Q80Y84	1544	425,499,501,507,509,517,587
Q8VEJ1	310	19,20,21,22,23,24,178,179,180,181
Q8BL66	1411	1358,1361,1374,1377,1382,1385,1402,1405
Q9Z2W0	473	92,168,262,299,300,344,347,372,379,438
Q8BZ97	687	130
Q64739	1736	1589,1591,1592,1594,1597
Q05910	826	329,333,339
Q8BSL7	181	24,25,26,27,28,29,30,31,67,68,69,70,71,126,127,128,129
Q8BHG1	1161	244,248,325
Q91VT1	247	185,187,210,215
Q3V1T4	739	590,592,662
Q9QY93	170	38,47,48,49,50,51,63,66,73,95,98,102
Q9CWT6	540	172,173,174,175,176,177,178,179
Q04692	1021	516,517,518,519,520,521,522,523,524,892,893,894,895,896,897,898,899
Q8BML9	775	271,272,273,277,278,279,280,281,282,283,303,438,457,486,487,494,495,496
Q9QXE2	573	384,415,416,417,418,424,425,426,427,488,511
Q9D8F1	300	167,169,252,263
Q80YW0	393	268,269,270,271,272,273,274,275,279,290,300
Q9R0X2	467	351,355,361
Q7TSE6	464	96,97,98,99,100,101,102,103,104,119
Q6IR42	630	250,255,276,287
D3Z4R1	1434	302,303,304,305,306,307,308,309
P62071	204	21,22,23,24,25,26,27,28,29,68,69,70,71,72,127,128,129,130,157,158,159
P54823	483	140,141,142,143,144,145,146,147
O35245	966	761,763,765,767,772
Q80XN0	343	60,61,62,63,64,65,66,67,68,69,70,71,72,73,74,75,76,77,78,79,80,81,82,83,84,196
Q80V72	448	229,230,231,238,239,240,241,242,243,244,245,246,258,259,260,261,262,263,264,265,405,408
Q9EQZ7	1530	132,135,148,151,156,159,174,177
Q8BJL0	910	417,418,419,420,421,422,423,424
Q8VDY4	628	415,417,419,426
Q64520	198	14,15,16,17,18,19,37,38,39,40,41,42,43,44,45,46,47,48,49,50,51,171,172
Q80VR3	304	56,57,58,59,60,61,115,116,117,139,147,202,236,237,238,239,240,241,264,265,266,267,268
P47934	626	419,423,424,425,426,427,428,429,430,452,454,456,465,504,555
B2RUR8	840	799,804,816,819
Q9WUV0	435	37,38,39,40,41,42,43,44
Q9QUK0	568	10,11,12,13,14,15,16,17,18,33
G3X912	497	112,116,131,465,468,480,484
Q9Z100	722	349,352,487
Q8VCE6	220	33,35,41,67,68,69,88,122,157,168
Q9QX60	277	45,46,47,48,49,50,51,52,53,70,100,111,118,142,147,206,207,208,211,254,255,256
P12032	205	25
Q9CQ26	424	335,337,348,350,390,396,398
Q91VB2	477	29,30,31,32,33,34,35,36,37,52
Q9D6F9	444	11,69,138,142,143,144,204,226
P24549	501	167,168,169,170,193,194,195,196,226,227,246,247,269,270,271,349,350,351,352,353,400,401,402
Q60967	624	62,63,64,65,66,67,89,90,91,92,101,106,107,108,109,132,133,171,184,185,207,212,419,420,421,422,521,522,523,524,525,563
Q3TMP8	298	74,122,126
Q08EN7	331	18,23,45,56
Q9D3G9	191	11,12,13,14,15,16,17,18,58,59,60,61,62,116,117,118,119
P51667	166	37,39,41,48
P83093	746	80,82,84,91
P40935	295	46,51,90,91,96,112,117,169,170,192,230,278
O54827	1508	431,432,433,715,757,781,824,904,905,906,1019,1025,1045,1048,1049
Q9JJ61	558	163,188,211,212,213,317,345,348,351,353
P62492	216	18,19,20,21,22,23,24,25,26,37,38,39,40,41,42,43,66,67,68,69,70,124,125,126,127,154,155,156
Q9D273	237	54,55,56,57,62,63,72,184,185,186,187,188,208
Q9Z2G0	627	185,186,218
Q07417	412	152,153,154,155,156,157,158,159,160,161,185,186,187,269,270,271,272,297,308,365,366,367,368,369,393,394,395,396
Q6NVE9	310	84,85,229
P11344	533	180,202,211,363,367,390
Q9D009	231	85,86,87,88,89,90,91,92,154,155,156,167,168,169
Q91YA2	424	104,105,106,107,108,109,110,111,112,127
Q8CHP8	321	34,36,260
O35474	480	119,120,122,136,137
O08749	509	71,72,73,74,75,76,77,78,79,80,89,154,183,184,185,220,221,222,223,224,225,226,227,243,278,314,355,361,362,363,364
P06880	216	45,198
Q78J03	175	83,86,139,142
O35660	218	7,8,46,47,48,49,50,59,60,72,73,116
Q8C436	228	43,75,76,77,96,126,142,147
P29752	143	99,102,107,108
Q3UTQ8	938	19,20,21,22,23,24,25,26,27,42
A2AQ07	451	11,69,138,142,143,144,204,226
Q6KAQ7	910	830,833,845,848,857,860,870,874
P97772	1199	74,165,186,187,188,236,318,409
Q8CHV6	443	17,20,31,34,42,45,55,59
Q9R0B7	294	75,78,91,97,136,139,152,158
Q9Z0F4	191	116,118,120,122,127,161,163,165,167,172
P11440	297	10,11,12,13,14,15,16,17,18,33
Q8CG64	494	289,296,317,318,345,352,360,362,364
Q8VDC1	1437	1138,1141,1154,1157,1162,1165,1182,1185
P97821	462	301,303,346
Q9D6F4	552	100,163
E9Q4P1	410	287,290,314,317,322,325,344,347
Q8VCC8	918	311,312,313,314,321,322
A6H611	711	493,497,500
Q8BPB0	216	79,84,161,166
Q8BYR1	686	59,89,114,161,162,188
Q3TYX3	416	350
P24527	611	135,136,137,267,268,269,270,271,272,296,300,319,564,565,566
Q9ER72	831	138,139,179,431,456,460,492
Q3U8K7	883	99,204,205,206,207,211,258,273,274,276,320,321,322,325
Q9QZR5	1196	205,206,207,208,209,210,211,212,213,228
Q8R4X1	273	22,23,25,27,36,86,215,219
Q9CQR4	140	46,50,81,83,90,91,92,93,94,95,108,109,110,111,112,113,137
P60766	191	10,11,12,13,14,15,16,17,57,58,59,60,61,115,116,117,118
Q8C7M3	817	168,171,193,198,229,232,252,258
Q91VM9	330	159,164,196
Q69ZF8	577	44,47,62,64,67,70,81,84
Q66X01	1004	149,150,151,152,153,154,155,156
Q5GIG6	834	468,469,470,471,472,473,474,475,476,489
P97784	606	252,289,355,387,388,389
O35386	338	120,157,175,176,177,193,264,266,275
Q91WT9	561	49,62,146,253,254,255,256,257,346
P00375	187	10,16,17,18,19,20,21,22,31,32,33,34,35,36,55,56,57,65,71,77,78,79,117,118,119,120,121,122,123,124
A7L9Z8	944	330,331,333,335,672,676,766,770
Q80U63	757	106,107,108,109,110,111,258,259,260,261,305,307
Q9QZQ8	372	203,204,226,275,312,313,314,316
O35696	375	162,185,294,295,296,316,329,330
Q569Z6	951	549,550,551,552,553,554,555,556
Q9JJZ8	631	489,490,492,505,506,550
Q925K9	273	18,19,20,21,22,23,24,25,26,41
Q8K341	421	124,125,126,127,128,129,130,131,132,133,134,135,136,137,160,161,162,163,164,165,166,167,168,169
P24270	527	194,201,203,213,237,303,305,306,358
P21784	527	419,423,446,452,455,458,478,481
Q925G2	290	50,70,79,83,86,108,115,116,117,118,120,152,159,180,225
O88712	441	100,180,181,182,183,184,185,204,237,238,239,240,241,242,243,264,265,266,290,315,316,317,318
Q9QZ82	526	458
O09009	332	75,148,149,262
Q8BH73	383	187,227,352
Q9NYQ2	353	77,78,79,106,128,130,156,165,224,251,279,280,281,282,283,302,303
Q8K448	1642	514,515,516,517,518,519,520,521,1333,1334,1335,1336,1337,1338,1339,1340
Q9DCU9	321	71,72,192,216
A2ASQ1	1950	1822,1839,1889,1891
Q9DBF1	539	192,193,194,218,258,259,274,275,276,277,278,279,296,297,331,427,489,490
Q60604	715	112,113,114,115,116,117,118,119,138,139,140,141,142,143,144,145,146,538,539,562,643,644,666
Q0VB07	374	275
Q8BGW1	502	96,108,202,228,229,230,231,292,304,313,314,315,317,319
P16054	737	414,415,416,417,418,419,420,421,422,437
Q8C9W3	1213	409,413,419
Q8BMS2	330	140,159,187,191
Q9R1R2	744	115,118,138,143
Q91XW9	944	37,38,91,93,125,126,127,128,129,144,159,161,165,201,203,216,234,235,236,237,238,253,268,270,274,309,311,324,342,343,345
O89001	1377	138,141,256,563,566,670
P14142	509	177,298,299,304,333,396,404
P23440	856	561,597,598,718
Q9WTP6	239	25,26,27,28,29,30,46,51,72,73,74,100,101,102,103,107,142,151,152,175,186,214
Q60991	507	447
O54749	501	447
P98199	1209	411,412,413,515,556,579,613,693,694,695,807,813,833,836,837
P43247	935	669,670,671,672,673,674,675,676
Q8CB27	343	261
Q6PFE3	886	304,305,306,307,308,309,310,311
P18653	724	68,69,70,71,72,73,74,75,76,94,413,414,415,416,417,418,419,420,421,436
P04444	147	64,93
E9Q4S1	865	599,635,636,761
O70126	345	88,89,90,91,92,93,94,95,96,111
Q64446	1462	79,82,164,167,278,281,372,501,504,577,580,1264,1268
P97872	533	10,11,12,13,14,33,41,42,62,63,196,197,198,199
Q8VDF2	782	468,469,474
P16092	822	484,485,486,487,488,489,490,514,562,563,564,568,627,641
Q9WV85	169	29,105,111,122,129,132
P26618	1089	599,600,601,602,603,604,605,606,607,627
P50149	354	40,41,42,43,44,45,46,47,175,176,177,178,179,180,181,200,201,202,203,204,269,270,271,272,326
Q7TT50	1713	82,83,84,85,86,87,88,89,90,105
P97742	773	555,556,557,558,559,560,561,562,563,564,565,566,567,589,602
Q8K387	813	38,40,62,65,85,88,93,101,105,114,127,130
A0A0U1RNF2	332	71,96,169,170,196
Q924T7	1066	693,696,711,713,716,719,738,741,793,796,811,814,819,822,830,835,865,868,884,887,892,895,910,919
Q9Z2H6	219	172,194,195
P33435	472	97,129,163,173,175,180,181,183,185,188,195,197,199,201,203,204,206,223,227,233,241,292,294,336,338,384,386,433,435
O54782	1018	36,38,151,420
P19123	161	65,67,69,71,76,105,107,109,111,116,141,143,145,147,152
Q8CBQ5	469	121,136,245,246,247,248,259,260,332
Q8K2D6	178	84,110,113
Q99MT2	958	702,703,704,705,706,707,708,709
E9Q593	491	436
Q8BVH9	282	45,49,87,110,136,137,157
Q9CWQ8	331	110,111,273,279,280,299,300,301,302,303
Q9QXJ4	243	83,84,85,86,87,88,89,90,127,128,129,130,131,184,185,186,187
Q9CPW2	174	96,102,105,142
G3X987	291	17,18,19,20,21,22,23,37,133,134,135,169
P33267	491	436
Q9CZS1	519	264,265,266,267,268,269
P00860	461	200,237,274,275,276,277,331,332,361,389
G5E829	1220	475,477,797
Q6PFY8	580	135,138,158,162,191,194,214,219
Q5GLZ0	490	435
Q61532	720	26,27,28,29,30,31,32,33,34,49
Q32M07	479	67,68,69,70,71,72,140,141,142,143,147,203,278,279,280,281,282,283,325,326,327,354,355,356,357,361,392
P21981	686	398,400,437,447,452,476,477,478,479,480,481,482,483,538,579,580,581,582
P97463	195	147,156,158
Q8K274	309	89,90,91
Q7M757	291	122,124,135
Q8BR93	349	149,199,225,261
Q6P1H1	242	47,67,76,80,83,112,113,114,115,117,149,156,177,224
P35486	390	92,118,119,157,165,167,196,197,198,225,227,292
P58283	853	503,506,525,528,593,596,611,616,621,624,631,636,663,666,681,683,688,691,704,712
Q80XA6	647	314,316,318,325
Q9QVP4	175	45,47,49,56
Q9JHG7	1102	829,830,831,832,833,834,835,836,837,838,864,865,866,867,868,869,870,871,872,961,962,963,964,965,966,967,968,969
Q8VCP8	172	13,15,16,17,18,109
Q9D7J7	247	88,91,93,131,133,135,137,142,161,163,165,204
Q8BVD2	504	446
P70451	823	570,571,572,573,574,575,576,577,578,592
Q8K4K1	168	37,39,41,43,48,146,148,150,152,157
Q8BN21	503	35,36,37,38,39,40,41,42,43,61
Q9JL60	562	103,129,133,136,147,160,164,168
Q9DCE9	423	92,93,94,95,96,97,98,99,117,118,119,120,121,200,201,202
P68404	671	186,187,193,246,247,248,251,252,254,348,349,350,351,352,353,354,355,356,371
Q923B0	149	7,8,9,10
P05201	413	39,141,195,387
Q9DB30	406	30,31,32,33,34,35,36,37,38,53
Q6PA06	583	101,102,103,104,105,106,107,108,145,146,147,244,245,303,304,305,306
Q6P1D7	1565	120,123,138,142,160,163,176,180
P63038	573	75,111,112,113,114,115,440,520
Q9JJF3	603	302,304,367
P25911	512	253,254,255,256,257,258,259,260,261,275
P49586	367	84,85,92,122,151,168,169,173,195,196,197,200
Q7TPR4	892	759,761,763,765,770
O09131	240	59,72,85,86
F8VQB6	2062	104,113,160,161,162,163,164,165,215
Q9JI70	570	192,193,194,195,196,197,198,199
Q8BWQ4	767	148,167,235
Q80V42	443	83,86,190
E1AZ71	1325	1105,1106,1108,1118,1119
P62878	108	42,45,53,56,68,75,77,80,82,83,94,97
Q9CXT6	414	236,270,273,316,319,321,325,334,398,412
A2RSX7	315	106,160,162,166,175,235
P07607	307	44,169,170,189,190,209,210,211,212,220,250,251,252,306
P56656	490	435
Q921I1	697	82,114,139,143,145,146,207,268,410,448,474,478,480,481,537,605
Q9QVP9	1009	431,432,433,434,435,436,437,438,439,457,503,504,505,506,507,508,509
P06467	142	59,88
Q9Z0Y2	146	50,52,54,71
Q91WD9	276	25,31,36,73,75,77,82,118,120,122,129,162,164,166,168,173,210,212,214,221,254,256,258,260,265
P62748	193	73,75,77,79,84,109,111,113,115,120,157,159,161,163,168
Q8BYK4	316	46,47,48,49,50,51,52,175
P51576	399	68,70,140,186,286,290,292,309
O08912	559	156,186,209,211,316,344,347,352
Q02819	459	252,254,256,263,304,306,308,315
Q91ZF0	148	114,116,135,138
O35855	393	169
Q8R050	636	221,222,223,224,225,226,357,358,359,360,399,400,401
A2AI05	598	12,13,14,15,16,17,59,60,61,62,97,98,99,100,101,102,103,104,105,106,132,350,382,383,384,385,416,417,418,419,461,516,517,522,523,524,525,526,559,597
Q8K3K8	584	562,565,578,582
Q9D411	328	31,32,33,34,35,36,37,38,39,54
O70503	312	50,51,52,53,54,55,56,57,58,59,60,61,62,63,64,65,66,67,68,69,70,71,72,73,74,75,76,77,78,79,189
Q3UHC2	2014	647,648,650,651,652,653,670,758,760,806,807,1248,1249,1250,1251,1252,1253,1254,1255,1256,1270
P08074	244	11,12,13,14,15,16,17,18,19,20,21,22,23,24,25,26,27,28,29,30,31,32,33,34,35,36,37,38,39,136
Q8VCM3	234	50,53,66,69,74,77,96,99
P70270	747	183,184,185,186,187,188,189,190
Q9Z185	662	153,155,157,164,175,178,350,352,363,370,371,374,408,411
O35350	713	109,114,318,323,597,599,601,603,608,627,629,631,633,638
P48318	593	189,190,191,566
Q3ULF4	781	312,352,353,354,355,356,357,574,578,650
O35492	638	162,163,164,165,166,167,168,169,170,186
Q99K51	630	25,27,29,36,65,67,69,71,76
Q8CE96	497	349,377
Q5XF89	1219	494,495,496,624,680,746,879,880,881,882,883
P83887	451	142,143,144,145,146,147,148
Q3UFB7	799	519,520,521,522,523,524,525,526,527,547
O35182	495	206,248,261,266
P17809	492	161,282,283,288,317,380,388
O35640	327	266,268,270,310
Q01853	806	247,248,249,250,251,252,253,348,384,521,522,523,524,525,526
P40142	623	37,40,77,123,124,125,155,156,185,187,244,258,318,345,392,416,424,428,474
O35149	430	146,150,278,282
O55230	329	107,108,109,110,111,112,113,114
Q9ERP3	366	126,129,149,155
O35459	327	115,116,117,118,119,173
E9PUA5	672	409,410,411,412,413,414,415,416
Q811J3	963	512,578,581
Q9CXI0	327	117,171,199,200
Q61603	456	236,237,238,239,240,241
Q3TRM8	922	93,94,95,96,97,98,99,100,101,102,166,183,184,219,220,243,246,271,302,303,304,305,424,425,426,436,437,540,541,542,543,544,545,608,609,625,626,661,662,685,687,688,713,747,752,753,789,790,791,792,793,866,867,868,869,870,871,872,902
Q3UV70	538	144,145,418,516
P0DPD9	881	26,30,41,66,88,89,113,114,130,718,722,778
Q8C165	503	125,157,192,218,465
Q9D0W5	166	54,55,56,57,58,59,60,61,62,63,64,65,70,71,99,100,101,102,103,104,109,110,111,112,113,119,125
Q9CRA5	298	81,90,171,174
Q60614	332	174,254,279,280
Q9DBG1	533	479
Q923Y8	332	102
Q3TB82	279	158,161,175,178,183,186,204,207
F6YQT7	476	213,218
P31254	1058	477,503,514,527,575,576
O54864	412	181,183,186,194,195,222,226,228,232,254,255,256,297,323,324,326,400,402,407
P14152	334	11,12,13,14,15,16,17,42,92,98,105,112,129,130,131,162
P30285	303	12,13,14,15,16,17,18,19,20,35
Q9Z188	629	117,118,119,120,121,122,123,124,125,140,190,191,192,193
Q80WY3	267	189,192,205,216,224,227,235,240
Q9Z0N1	472	51,52,53,54,55,56,190,191,192,193,225,226,227
Q8CIG3	826	53,58,65,73,84,90,92,95,142,147,169,185,389,390,391,392,393,394,395,396,397,398,399,400,401,402,403,404,405,406,407,408,409,410,411,412,413,414,415,416,417,418,419,420,421,422,423,424,425,426,427,428,429,430,431,432,433,434,435,436,437,438,439,440,441,442,443,444,445,604,799,807,808,809
Q9QXQ1	446	177,213,214,323
Q9CXE6	349	107,108,109,110,111,112,113,114
Q9Z120	268	78,101,103,134,135,154,232,234
Q9D6N1	262	95,97,120,200,201
Q64438	145	32,64,65,66,67,68,106,137
Q61107	620	39,40,41,42,43,44,45,46,61,62,63,91,92,93,94,95
O08859	275	183,191,232,234,235
E9Q3T6	561	355
O35454	870	157,490,577,631,632,633,850,851,852,853
P35822	1457	1068,1100,1101,1102,1103,1104,1105,1106,1144
Q8K183	312	12,47,113,118,148,150,151,152,153,186,187,226,227,228,233,234,235
Q64331	1265	151,152,153,154,155,156,157,158
Q8BQS5	386	202,348,352
P24823	529	60,110,173,234,287,288,303,329,334,338,375,376,450
Q9D6H2	143	29,32,37
Q9CQ65	283	18,60,61,93,94,196,197,220,221,222
Q3UWA4	246	69,72,91,97
O55047	718	414,415,416,417,418,419,420,421,422,437
Q99P21	515	261,268,271,277
Q5DU14	1919	496,497,498,499,500,501,502,503
Q60677	1167	514,516,518,522,578,580,582,586,646,648,650,654
Q9ERZ6	759	489,529,530,531,532,533,534
Q3UG20	1868	121,123,135,138,143,146,160,163
Q8K3P0	313	29,30,31,32,33,34,35,36,37,38,39,40,41,42,43,44,45,46,47,48,49,50,51,52,53,160
Q9WUB3	842	43,76,310,311,312,313,314,315,316,317,318,319
Q9JM83	148	21,23,25,27,32,57,59,61,63,68,93,95,97,99,104
Q64689	380	167,190,300,301,302,322,336,337
Q8BH00	487	231,232,233,234,235,236
P86547	95	62,66,69,75
Q8CE50	437	132,134,162,176
Q8K013	366	155,156,157,158,159,160,161,162,202,203,204,205,206,278,279,280,281
Q8CHB8	1328	180,186,187,208,209,210,211,221,222,223,247,268,269,270,271,293,353,366,368,384
E9Q287	1204	259,351,398,402,408,455,458
Q8C050	863	54,55,56,57,58,59,60,61,62,80,431,432,433,434,435,436,437,438,439,440,454
P35123	962	461,464,798,801
B0V2N1	1907	1516,1548,1549,1550,1551,1552,1553,1554,1592
Q91ZM8	215	46,48,50,57,82,84,86,88,93
Q6GV12	332	39,41,42,43,64,68,93,186,190
Q1PSW8	855	265,268,288,293
Q6PGG6	577	166,167,168,169,253,254,255,256,257,258,259,260,297,298,299,300
Q9JLT2	576	165,172,173,209,218,219,220,283,284,285,316,526
Q4JK59	1912	1048,1106,1132,1134,1174,1184,1186,1202,1211,1271,1287,1293,1295,1297,1300,1329,1795,1810,1811,1812,1816,1817,1818,1826
Q8R040	150	62,65,92,95
Q8VHJ5	795	66,67,68,69,70,71,72,73,74,89
Q922Z0	341	36,37,43,44,50,307,311,312
Q9DCN1	462	284,287,302,307,318,354,355,356,370,374,415
Q6P8U6	465	204,207,209,212
Q6P1E7	537	76,114,115,116,165,166,167,168,169,270,271,272,273,279,401,408,428,433
Q80UN9	467	32,33,34,35,36,37
P97377	346	10,11,12,13,14,15,16,17,18,33,81,82,83,86,129,130,131,132,145
Q1XH17	477	86,89,108,114
Q3UHN9	882	614,615,616,617,618,712,817,833,834,835,836,837
Q3V384	480	136,137,138,139,140,141,142,143,209,210,211,212,213,214
Q91ZA3	724	173,205,206,207,208,209,210,211,212,213,214,215,216,217,218,219,220,221,222,223,224,225,226,227,228,229,230,231,232,233,234,235,236,237,238,239,240,241,242,243,244,245,246,247,248,249,250,251,252,253,254,255,256,257,258,259,260,261,262,263,264,265,266,292,332,345,347,405
Q9QUI0	193	12,13,14,15,16,17,18,19,30,31,32,33,34,35,36,37,59,60,61,62,63,117,118,119,120,160,161,162
Q61245	1804	1623,1625,1626,1628,1631
Q6P9L6	1387	109,110,111,112,113,114,115,116
P63080	473	122,180,181,182,227
Q02053	1058	478,504,515,528,576,577
Q9Z0T9	787	140,142,144,147,148,179,235,237,239,240,271,355
Q9EPA7	285	15,16,17,23,24,55,57,58,92,95,157,158,159,169,170,216,220,225,226,227,228
Q8VEB4	412	46,198,199,355,392
Q61097	873	334,346,349,359,362,367,370,377,569,570,571,572,573,574,575,576,577,685,700
Q8BVI4	241	11,12,13,14,15,16,17,18,19,20,21,22,23,24,25,26,27,28,29,30,31,32,33,34,35
Q00493	476	114,117,248
Q8C4B4	251	142
Q6R0H7	1133	786,787,788,789,790,791,792,793,794,936,937,938,939,940,941,942,943,962,963,964,965,966,1031,1032,1033,1034,1105
G3UYQ4	1894	41,42,43,44,45,46,117,118,119,120,230,985,986,987,988,989,990,1034,1035,1036,1063,1064,1065,1066,1404,1405,1406,1407,1408,1409,1430,1482,1483,1484,1485,1489
O70274	167	102,103,104,105,106,107
P27040	536	220,221,222,223,224,225,226,227,228,241
O35071	1100	97,98,99,100,101,102,103,104
O88907	651	351,353,374,377
P37242	461	107,110,124,127,145,151,161,164,282,331,435
Q9CQC9	198	34,35,36,37,38,39,40,58,75,134,135,137,180,181
Q9JHF7	199	8,14,39,49,50,51,63,64
P35917	1363	851,852,853,854,855,856,857,858,859,879
P28650	457	42,43,44,45,46,47,48,68,69,70,71,72,163,177,256,271,331,332,333,334,335,336,337,363,364,365,445,446,447,448
Q5SUR0	1337	322,323,324,325,326,327,328,329,330,331,332,333,402,403,404,705,706,745,749,908,910
P23506	227	57,58,59,60,65,89,110,111,142,143,217,222
Q8BMN4	681	261,265,367
Q8BK84	215	145,146,147,148,149,150,151,152
P58022	776	551,552,628,630,632,724,726,729,730
Q9EPK2	347	95,96,112,113,114,115
Q64267	272	104,107,125,128
P70348	436	76,82,86,113,116,125,152,154
P98200	1148	388,389,390,488,529,552,585,665,666,667,755,761,781,784,785
Q9D8H7	521	323,327,388
Q9Z1M4	485	73,74,75,76,77,78,79,80,81,99
Q8VDQ1	351	99,100,165,166,167,168,192,208,231,253,254,255,256,257,258,259,287,288,289,290,337
Q8R086	546	119,144,146,148,216,217,218,219,220,265,323,362,367,378,379,380
P68373	449	11,71,140,144,145,179,206,228
Q9DB85	457	282,317,335,347,348,364
P50571	474	122,181,182,227
Q6PFX8	380	154,189,190,191,192,193,194,195,196,197,198,199,215,260,273,275
B1AR13	137	70,72,81,85,108,110,119,123
P13634	261	95,97,120,200,201
Q91YE2	419	309,311,370,379
Q9R160	761	174,342,346,352
A4Q9F6	804	202,208,209,230,231,232,233,243,244,245,269,291,292,293,311,376,389,391,392,407
P10107	346	59,60,62,97,100,105,127,129,131,132,134,171,210,213,215,253,255,256,261,286,288,290,328,330,331,336
Q8C0L9	675	70,88,89
Q9Z0N2	472	51,52,53,54,55,56,190,191,192,193,225,226,227
Q9Z2I8	433	58,91,92,93,147,244,258,309,366,367,368
Q9ER97	151	64,96
Q9JLB2	675	486,487,488,489,490,491,492,493
P23188	793	115,154,162,174,179,181,191,192,205,208,210,212,236,253,254,255,256,257,258,264,292,293,294,295,301,306,308,331,368
O54804	453	113,114,115,116,117,118,119,142,203,204,205,206,207,208,209,304,326
Q149F3	632	217,218,219,220,221,222,353,354,355,356,395,396,397
Q9JLN9	2549	2165,2167,2185,2187,2190,2225,2238,2239,2240,2245,2343,2345,2356,2357
Q8K2I3	535	9,10,11,12,13,32,40,41,60,61,62,195,196,197,198
P58467	439	271
Q9Z2E3	911	514,515,516,517,518,519,520,521,522,536
Q60674	576	381,565
Q91ZW3	1051	204,205,206,207,208,209,210,211
Q8C4X2	424	49,50,51,52,53,54,55,56,57,72
Q9WUB0	508	280,283,298,300,303,306,321,330,369,374,389,392,397,400,404,409,445,448,463,466
P56564	543	363,364,365,394,396,398,402,443,444,445,446,447,476,483,487
Q3B7Z2	805	115,116,117,118,119,120,312,491,492,493,494,520,521
Q91X58	257	10,15,25,28,33,36,42,44,100,105,115,118,123,126,132,134
Q64458	490	435
O70138	465	91,157,167,169,174,175,177,179,182,189,191,193,195,197,200,217,221,227,286,378,425
Q9Z140	557	167,173,229,231,237
Q9D7Q1	464	70,71,97,98,99,100,210,211,212,213
Q1HKZ5	959	173,174,175,176,177,178,179,180,181,194
P35821	432	181,215,216,217,218,219,220,221,262
Q91VF2	295	28,60,89,94,120,143,284
Q9D9M2	370	186,189,233,236
Q99N42	471	102,188,203,207
P45377	316	111,211,212,213,214,215,216,217,218,219,220,221,222,223,224,225,226,227,228,229,230,231,232,233,234,235,236,237,238,239,240,241,242,243,244,245,246,247,248,249,250,251,252,253,254,255,256,257,258,259,260,261,262,263,264,265,266,267,268,269,270,271,272,273
Q61419	577	54,56,75,78
E9PV66	2605	700,701,702,703,704,705,706,707
Q7TMW6	476	24,71,74,77,190,246,395,399
Q99KP3	319	16,17,36,97,102
Q64436	1033	339,340,342,344,386,388,727,731,796,821
Q91VJ4	465	95,96,97,98,99,100,101,102,103,118
P59470	1133	186,195,213,432,438,692,753,896,904,1019,1039,1040,1046,1080,1083,1092,1095
Q9JII7	171	10,15,25,28,33,36,42,44,100,105,115,118,123,126,132,134
Q3THS6	395	29,31,57,70,113,179,180,181,247,248,249,250,258,264,265,281,285,289,291
O35491	499	168,169,170,171,172,173,174,175,176,192
Q8CG47	1286	111,112,113,114,115,116,117,118
O55082	426	329,359,360,361,362,363,364,365,403
Q76N33	436	347,349,360,362,402,408,410
Q9Z186	355	79,168
Q91WS4	363	208,290,291
Q9CY52	298	58,59,60,61,62,63,104,105
P13516	355	71,116,121,144,151,152,153,156,157,184,185,258,265,294,297,298
Q11011	920	181,317,318,319,320,321,353,357,376
Q8C166	536	21,27,79,81,91,152,158,213,215,221
Q8CHR6	1025	79,82,87,91,129,130,136,140,156,194,195,196,197,198,218,219,220,221,222,223,224,225,226,235,261,340,341,342,343,364,365,371,437,438,439,480,481,482,483,484,485,486,487,488,489,550,574,575,609,668,669,670,709,736,737,767,793,794,795,816,817,953,956,959,963,986,989,992,996
P07742	792	5,6,11,12,13,14,15,16,17,53,57,202,217,226,227,228,243,256,263,264,427,431,604,605,606,607
P61211	181	24,25,26,27,28,29,30,31,45,46,47,48,67,68,69,70,71,126,127,128,129,160,161
Q9CXI3	613	235,236,307,389,391,464
Q8VCK3	451	142,143,144,145,146,147,148
P19639	218	7,8,46,47,48,49,50,59,60,72,73
Q8VGS3	310	203,256,261
Q64687	355	142,165,273,274,275,295,309
Q9WUH5	489	99,102,121,127
P70700	1135	180,367,755,890,1020,1036,1070,1073,1098,1101
Q8K2C6	310	58,59,60,61,62,63,64,65,66,67,68,69,70,71,72,73,74,75,76,77,102,105,140,141,142,143,166,169,207,212,249,250,251,275,276,277,293
P35505	419	126,128,142,199,201,233,240,244,253,257,350
Q6PDY2	256	100,102,179
Q6P3D0	195	24,50,57,59,76,80,99,170,173
Q9Z0R4	1714	66,68,70,72,77,267,269,271,273,278,1660,1663,1666
Q9QY15	484	144,145,146,147,148,149,150,151
P36552	443	233,249,250,251,400,401,402,403,404,405
Q5SVL9	228	56,212
P28481	1487	1301,1303,1304,1306,1309
P97470	307	54,56,82,114,164,238
O88904	1210	196,197,198,199,200,201,202,203,204,219
Q5SWU9	2345	300,301,302,303,304,305,306,307,308,309,310,311,312,313,314,315,316,317,318,319,320,321,322,323,324,325,326,327,328,329,330,331,332,333,334,335,336,337,338,339,340,341,342,343,344,345,346,347,348,349,350,351,352,353,354,355,356,357,423,436,438,1822,2126,2128
P43406	1044	260,262,264,266,268,314,316,318,320,322,379,381,383,385,387,443,445,447,449,451
Q9JMA7	504	443
O88967	715	283,325,326,327,328,329,541,545,619
Q9CZR2	740	200,247,259,262,367,377,414,415,423,426,443,507,508,524,525,526,542,543,689,690
Q8BI55	632	225,226,227,228,229,230,231,232,233,248,298,299,300,301
P07309	147	35,74,137
Q9QXK7	684	71,73,75,76,158,179,418
Q64264	421	116,120,314,345,346,352,403,404,405
Q99JY3	328	37,38,39,40,41,42,43,44,45,58,155,156,157,191
Q14BV6	310	14,134
Q9Z1M7	756	242,244,563,565
Q8VCW8	615	263,264,265,266,267,268,269,270,271,493,508,599
E9Q4D1	1122	200,233,335,387,391,397,445
Q62130	1189	1123,1124,1125,1126,1127,1128,1129,1167
Q9CR24	210	85,89
Q641K1	1218	912,915,1009
P34960	473	96,128,162,172,174,179,180,182,184,187,194,198,200,202,203,205,222,226,232,293,385,434
Q3TC72	313	159,161,190
Q6XUX1	927	656,657,658,659,660,661,662,663,664,679
P29974	684	537,540,553,554
Q3UHB1	546	100,102,249,250,251,252,253,254,255,256,257,387
Q9Z0X1	612	137,138,139,140,141,163,164,171,176,195,232,284,307,308,309,310,335,341,398,437,452,453,454,482,492,582
Q9D0M3	325	121,124,125,244
P15209	821	543,544,545,546,547,548,549,550,551,571
Q6NXK9	625	605
Q920Q2	1249	355,421,422,423,424,425,508,509,510,511,512,513,514,520,568,569
Q62443	432	280,358,359,360,370
P14069	89	28,33,61,63,65,67,72
Q99LF4	505	119,122,226,227,228,229,230,259,353,354,402,403,404,405,409,428,429,430,431,504
Q8BX05	534	33,34,103,280,281,302,345,445
F8VPZ5	1481	528,529,530,531,532,533,534,535
Q8BYL4	472	72,76,116,216,220,223,242,269,279
Q8CHD8	1047	509,511,513,520,541,543,552
O88329	1043	101,102,103,104,105,106,107,108
Q8CGK3	949	512,513,514,515,516,517,518,519
Q9EQX4	150	60,62,64,66
Q9WUT3	733	65,66,67,68,69,70,71,72,73,91,421,422,423,424,425,426,427,428,429,444
Q8K209	687	26,27,28,29,30,31,32,33,190,191,192,193,194,195,196,197,198,199,200
P16305	453	84,147
Q8BHI9	436	80,81,82,83,84,85,86,87,88,103
Q8R088	285	67,76,157,160
A2AUU0	281	89,93,194,220,246
Q9JMK2	416	15,16,17,18,19,20,21,22,23,38
Q9QZL0	486	28,29,30,31,32,33,34,35,36,51
Q9DCN2	301	92,93,94,109,111,114,126,127,128,185
Q8BHC1	213	15,16,17,18,19,20,21,22,23,64,65,66,67,68,123,124,125,126
Q9CQX2	146	55,79
Q8BJ64	596	44,45,46,47,48,49,50,51,52,53,54,55,56,57,58,59,60,61,62,63,64,65,66,67,68,69,70,71,72,73
Q91WT7	323	117
Q66L42	940	104,105,106,107,108,109,110,111,112,125
Q9JHW4	583	19,21,22,48,78,135,173
P54615	95	62,66,69,75
P28828	1452	1063,1095,1096,1097,1098,1099,1100,1101,1139
O35963	229	39,40,41,42,43,44,45,46,88,89,90,91,92,148,149,150,151,178,179,180
Q05816	135	43,56,109,129,130,131
P27601	377	58,59,60,61,62,63,173,197,198,199,200,203,291,292,293,294,349
P17879	642	12,13,14,15,71,202,203,204,268,269,270,271,272,273,274,275,339,340,341,342
Q9ER41	336	109,110,111,112,113,114,115,116
P56213	198	92,93,94,95,96,97,98,99,100,104,133,164,165,166,167,168,169,170,171,172,173,174,175,176,187,188
P08680	587	163,258,259,280,299,332,360,388,420,421,508
Q8BIG7	262	108,110,111,116,134,135,163,185,187,194
P51150	207	15,16,17,18,19,20,21,22,34,35,36,37,38,39,40,63,64,65,66,67,125,126,127,128,156,157
P22437	602	390
O55240	318	32,33,34,35,36,37,38,39,40,41,42,43,44,45,46,47,48,49,50,51,52,53,54,55,56,163
P35576	357	83,170
Q8K4Q7	531	138,139,140,170,171,172,173,174,195,196,197,198,202,239,240,241,304,310,502,503,504
Q9DBL7	563	364,365,366,367,368,369,370,371
P08121	1464	1278,1280,1281,1283,1286
Q9EQC1	369	163
P97812	411	94,95,100,130,131,134,136,145,152,187
A2A4P0	1244	612,613,614,615,616,617,618,619
Q9D1I5	178	52,124,174
O70146	627	58,59,60,61,62,63,64,65,66,81
E9Q5F9	2537	1473,1475,1490,1494,1503,1507,1513,1534,1535,1536,1577,1578,1579,1602,1603,1605,1650,1652,1653,1654,1659
Q8VID5	982	52,53,54,55,56,57,58,59,412,428,432,435
P98197	1187	414,415,416,513,555,578,609,689,690,691,801,807,828,831,832
Q569Z5	1032	416,417,418,419,420,421,422,423
Q924X2	772	555,556,557,558,559,560,561,562,563,564,565,566,567,589,602
B1AUE5	324	271,274,286,288,291,294,305,308
Q6PHS6	957	601,603,628,642
O35385	757	179,181,208,240,292,492,585,587,589,596,669,671,673,680,709,711,713,715,720
O88508	908	637,638,639,640,641,660,682,683,684,887,888,889
P28776	407	350
Q9JHW9	512	204,207,257,258,259,260,261,262,361,411
Q8CGV8	520	91,180,190,192,199,200,207,217,219,222,240,244,250,258,329,331,376,421
A0A1B0GSG7	984	130,131,132,133,134,135,136,137
P35831	775	199,231,232,233,234,235,236,237,278
B1AY15	661	151,153,192,195,205,208,213,218,222,228,241,244
P28825	747	154,158,164
P35762	236	219
A2APC3	461	149,155,156,218,219,220,221,231,232,233,257,276,277,294,348,361,363,379
Q91X83	396	24,30,58,71,114,180,181,182,248,249,250,251,259,265,266,282,286,290
B1AWN4	1474	433,434,435,722,764,788,833,913,914,915,1027,1033,1053,1056,1057
Q8QZZ8	211	16,17,18,19,20,21,22,23,65,66,67,68,69,127,128,129,130
Q8C0M9	326	213,214,215,216,236,237,238,239
Q80VA0	657	247,277,301,303,412,440,443
Q5GFD5	342	100,101,102,103,104,122,123,124,125,126,127,128,153,154,155,156,181,189,220,221,305,306,307,308,309
Q9D0P8	186	12,13,14,15,16,17,18,19,64,65,66,67,68,123,124,125,126
A0A140LJ87	301	56
Q9WUE3	222	48,86,120,159
O35134	1717	64,67,74,77,104,107,205,208,431,436,443,559,595,597,599,1256
Q7M6U3	1450	205,206,207,208,209,210,211,212,213,267
P06745	558	159,160,210,211,212,213,214,215,354,358,389,519
Q8K5B2	145	80,82,84,91,128,130,132,134,139
B2RXC2	942	669,670,686,725,726,727,728,739,741,893
Q9D3N2	212	78,80,82,84,89,114,116,118,125,159,161,163,165,170
Q6NZQ8	289	80,83,97,99,107,110,123,126
Q8VC34	614	100,105,136,140
Q80VQ0	468	188,189,190,191,192,193
P56655	490	435
Q99JR6	245	14,15,22,56,90,93,134,136,139,146,147,166,197,202,203,204,205
Q3U2P1	1090	428,431,449,452
Q61084	626	368,369,370,371,372,373,374,375,376,391
P55050	132	83,107
P35329	862	130
Q6NSQ9	346	79,161
Q6S5I3	108	66,68,70,72,77
P98064	704	73,81,126,128,144,145,147,164,165,168,240,250,287,289
Q9JJL8	518	299,300,301,330,331,332,345,352,418,419,420,421,453
P05202	430	65,162,215,407
Q9ES74	302	40,41,42,43,44,45,46,47,48,63
P63058	492	53,56,70,73,91,97,107,110,228,277
Q62120	1132	855,856,857,858,859,860,861,862,863,882
O54984	348	45,46,47,48,49,50,51,52,251,278,289,292
Q91XA9	473	70,71,97,98,99,100,141,210,211,212,213,360
B2RSH2	354	43,44,45,46,47,48,150,151,175,176,177,178,181,200,201,202,203,204,269,270,271,272,326
P62818	101	26,63,65,67,69,74,83,86,87,93
O08911	367	33,34,35,36,37,38,39,40,41,56
Q9JI10	497	33,34,35,36,37,38,39,40,41,56,151,164
P70335	1354	82,83,84,85,86,87,88,89,90,105
P07934	388	26,27,28,29,30,31,32,33,34,49
P55249	662	360,365,540,662
P97369	339	58,59,60,92,93,94
P41209	172	41,43,45,47,52,150,152,154,156,161
Q6B966	993	87,88,89,90,91,92,93,94
Q8CD15	465	179,181,240
Q91ZJ5	508	113,114,115,116,127,190,222,223,251,252,253,396
Q8BGM7	489	225,240,241,242,243,244,245,285,306,307,325,355,360,381,382,397,398,399,400,424,432,453,454,469,470,471,472
Q812C9	757	517,519,526,527,528,569,638,660,662,664,670,671,681
Q8BU31	183	10,11,12,13,14,15,16,17,57,58,59,60,61,116,117,118,119
L0N7N1	1674	482,483,484,485,486,487,488,489
Q9QY66	399	7,10,22,25,30,34,38,41
P62876	67	7,10,44,45
Q9CXT8	489	101,105,181
Q8CI94	843	43,197,310,569
Q91WB4	249	158,161,175,178,183,186,204,207
Q8VD53	275	18,19,21,23,32,82,211,215
Q8BMI4	908	30,75,134,136,155,157,208
Q9CQN1	706	121,160,173,207,404
Q9WVK4	534	65,66,67,68,69,70,71,72,220,258,489,491,493,500
P26049	492	119,182
Q9D0F6	339	59,60,61,62,63,64,65,66
Q7TN16	700	383
Q8C1B7	431	48,49,50,51,52,53,54,55,103,184,185,186,187,188,189,190,191,192,238,253
Q8BWW9	983	662,663,664,665,666,667,668,669,670,685
Q9D665	394	157
Q3UJD6	1360	833,836,850,853,859,863,871,875
Q5SZ99	471	95,98,117,123
Q91WD7	886	113,114,115,116,117,118,119,120
Q9DAN6	167	17,23,33,37,51,57,67,71
P62746	196	12,13,14,15,16,17,18,19,59,60,61,62,63,117,118,119,120
P30678	374	49,50,51,52,53,54,55,56,183,184,185,186,187,188,189,208,209,210,211,212,277,278,279,280,346
Q922W5	309	6,7,8,9,10,11,34,56,69,70,71,72,95,96,97
Q8VHG0	560	9,10,11,12,13,32,40,41,60,61,195,196,197,198
Q8BFR4	544	47,48,83,318,319
P55096	659	473,474,475,476,477,478,479,480
Q05117	327	35,73,76,112,207,242,244
Q61846	643	17,18,19,20,21,22,23,24,25,40
Q9D7I9	724	405,407,453,458
P35991	659	26,28,39,53,143,154,155,165,408,409,410,411,412,413,414,415,416,430
Q8R4K2	459	192,193,194,195,196,197,198,199,200,213,313,314,315,316,329
O08989	208	20,21,22,23,24,25,26,27,67,68,69,70,71,126,127,128,129
Q921J2	184	16,17,18,19,20,21,32,33,35,37,38,63,119,120,122,150
Q9JI20	745	438,496,561
Q9D658	173	110
Q80UJ9	309	76,78,83,88,90,119,123,125,129,150,151,152,193,221,224,225,227,288,290,295
Q8BHG2	160	33,36,67,70
Q9QUM0	1033	273,275,277,280,282,327,329,331,333,335,395,399,401,403,456,458,460,462,464
Q7TMC8	1090	834,835,836,837,838,839,840,841,842,843,844,845
Q8BSL4	346	100,101,102,103,104,122,123,124,125,126,127,128,155,156,157,158,183,191,226,227,293,309,310,311,312,313
Q5SW46	710	223,225,299,301,303,305,373,466
P24472	222	9,53,54,55,66,67,68
O70291	574	192,193,194,195,196,197,198,199,200,215
E9Q9D5	223	28,29,30,31,32,33,34,35,76,77,78,79,80,133,134,135,136
Q9DCL2	160	89,123,150,153
Q9JK91	760	38,63,82,83,84,100,101,102,103,104
Q3U7R1	1092	334,335,347,394,396,398,400,401
Q3TYD6	1471	142,143,144,145,146,147,148,149,150,167
Q8BHK9	1240	123,124,125,126,127,128,129,130
Q9DBU2	242	38,99,101,102,103,109,110,111,112,113,114,143,150,151,152,153,165
Q8VI47	1543	669,670,671,672,673,674,675,676,1332,1333,1334,1335,1336,1337,1338,1339
Q69Z69	843	775,776,777,783,784,785,786,787,788,815,816,817
P84091	435	341,345,354
P46467	444	174,175,176,177,178,179,180,181
Q60575	1816	97,98,99,100,101,102,103,104
Q99J47	323	62,64,192,205,209,240
Q9R1K9	172	41,43,45,47,52,150,152,154,156,161
Q91WA9	646	102,103,104,105,106,107,108,109
P63271	117	16,19,33,36
Q08331	271	29,31,33,35,40,76,78,80,82,87,120,122,124,126,131,164,166,168,170,175,208,210,212,214,219
Q9CZ30	396	32,33,34,35,36,37,56,231
Q64737	1010	190,191,192,193,197,220,229,288,290,818,819,820,871,896,897,898,899,913,947,948,949,950,951,977,978,979,980
Q9R016	1403	315,318,335,342,473,474,475,476,477,478
Q9R0T7	246	75,77,80,82,85
Q91WG7	788	185,187,189,196,230,232,234,241
Q8VDU1	236	38,39,40,41,42,43,44,45,85,86,87,88,89,143,144,145,146
Q8VD00	176	75,77
O35280	476	15,16,17,18,19,20,21,22,23,38
Q08642	673	131,133,135,139,162,164,166,174,177,179,185,188,362,397,416,419,420
Q3V0K9	630	24,26,28,30,35,64,66,68,70,75
Q8R2R6	326	82,83,84,85,152,153,154,155,156,157,204
Q8BL65	612	83,86,103,106,109,112,131,134,212,215,232,235,238,241,260,263
Q91WA4	317	258,261,264,270,273,276,286,291
Q91Y86	384	32,33,34,35,36,37,38,39,40,55
A0JP43	1406	786,788,790,797
Q61880	340	126,127,128,129,130,131,132,133,230,233,236,242,311
P62715	309	57,59,85,117,167,241
Q99MW1	1018	717,718,719,720,721,722,723,724,725,738
O35099	1380	693,694,695,696,697,698,699,700,701,716
P17183	434	40,158,167,245,293,318,370,371,372,373,394
Q4KUS2	1712	576,579,593,596,604,612,701,707,753,755,772
Q8C267	713	296,298,302,308,310,348,352,354,359,380,381,382,642,645,646,648,701,703,708
P31428	410	36,38,141,168,214,235,246,304
Q8K224	1024	287,288,289,290,291,292,293,294,295,296,470,629,630,631,636,637,638,639,640,641,642,725
Q05144	192	10,11,12,13,14,15,16,17,57,58,59,60,61,115,116,117,118
Q8CGS6	2544	95,114,115,116,117,118,119,120,121,2284,2285,2494
P49138	386	56,57,58,59,60,61,62,63,64,79,125,126,127
Q05D44	1216	636,637,638,639,640,641,642,659,660,661,752,753,755,756,821,822
Q99KR3	288	77,79,81,82,118,145,164,199
Q61129	603	244,247,249,251,257,258,281,284,286,288,294,295
Q9WTU6	423	33,34,35,36,37,38,55
P35546	1115	178,179,230,232,265,266,267,268,269,301,303,379,566,567,569,571,576,586,731,732,733,734,735,736,737,738,739,759
P61028	207	15,16,17,18,19,20,21,22,63,64,65,66,67,121,122,123,124
P12246	224	78,79,156,157,158,168
P15105	373	134,136,196,203,204,205,206,207,208,246,247,253,255,256,257,319,324,336,337,338,340
P24547	514	274,275,276,324,325,326,328,329,331,364,365,366,387,388,411,412,413,414,415,441,500,501,502
Q6NZR5	1244	329,330,331,332,333,334,335,336
Q5DTI8	891	325,326,336,383,384,385,387,389,390
Q9WUL6	942	408,409,410,411,412,413,414,415,416,431
O09037	175	50,107,121,145
Q9JM05	507	335,337,358,361
Q91UZ5	290	83,103,105,106,107,108,207,208,209,226,233
O35600	2310	963,964,965,966,967,968,969,970,1054,1971,1972,1973,1974,1975,1976,1977,1978,1979,2072,2073
Q8VIM0	281	61,62,112,115,117,119,120
Q9ER71	214	31,32,33,34,35,36,46,47,48,49,50,51,52,53,75,76,77,78,79,133,134,135,136,177,178
Q9EQF2	713	562,566,615
Q9CWD8	319	75,76,77,78,79,80,81,82
Q8VE38	311	177,178,179,180,181,182
Q8BYR2	1129	710,711,712,713,714,715,716,717,718,733
P42567	897	173,175,177,179,184,236,238,240,242,247
Q3UXL1	322	116
P33175	1027	86,87,88,89,90,91,92,93
O35310	311	68,69,70,71,72,151,159,259,274,275,276,277,278
Q8CHP6	981	783,786,802,806
O54714	628	343,345,366,369
Q9Z2A0	559	95,96,97,114,163,164,165,169,212,226
P40936	264	21,26,64,65,70,86,91,143,144,164
Q8CDM1	1040	122,123,124,125,126,127,128,129
Q91Z61	198	17,18,19,20,21,22,33,34,35,36,37,38,39,61,62,63,64,65,121,122,123,124,125,151,152
Q8K1Y2	889	581,582,583,584,585,586,587,588,589,604
P49135	783	341,342,343,344,345,346,347,348
Q04899	451	127,128,129,130,131,132,133,134,135,150
A1A547	347	237,248
Q9R0B9	737	666,668,718
Q562D6	431	47,48,49,90,91,117,127,148,149,150,151
Q8BXA7	1320	817,818,982,1021
P61294	208	20,21,22,23,24,25,26,27,45,68,69,70,71,72,126,127,128,129
Q91XX1	934	39,40,93,95,127,128,129,130,131,146,161,163,167,203,205,218,236,237,238,239,240,255,270,272,276,311,313,326,344
Q7TNM2	759	227,230,249,255
Q4FZF3	480	46,47,48,49,50,51,52,53
Q9R123	314	113,118,119,120,121,169,170,171,177,178,179,180,181,182,207
Q61147	1061	55,64,67,120,122,128,143,146,147,179,181,255,294,337,342,407,416,419,612,651,694,699,704,762,771,774,950,989,992,994,1034,1035,1036,1040,1045
P50114	92	16,19,22,24,26,62,64,66,68,73,86,91
P26187	211	5,24,29,89,99,118,119,127,132,155
P12790	491	436
Q8CDK2	862	425,428,521
Q5DU37	2529	1808,1811,1825,1828,1833,1836,1854,1857
Q922D8	935	52,53,54,55,56,99,100,101,172,173,174,197,272,273,274,275,276,380,381,382,383,384,385,386,387
Q8K3R3	807	147,149,151,153,158,183,187,189,194,306,335,337,384,433,435,567,594,697,721,750,751
P49446	699	302,334,335,336,337,338,339,340,378
D3Z7P3	674	291,340,386,393,419,471,489
Q9DCZ1	345	26,27,78,129,130,131,180,181,183,186,189,219,220,221,242,243,268,269,270,285,286,287,288,289,290,314,315,316,317
P51954	1203	10,11,12,13,14,15,16,17,18,33
P24529	498	331,336,376
O08530	382	120,121,265,266,267,268,269
Q99MV1	1172	163,166,174,177,183,187,195,199
Q6ZQ88	853	290,309,311,317,333,334,802,811,812
Q9CWY3	473	73,74,75,122,223,224,226,251,252,297
Q8VC19	642	219,336,355,388,416,444,476,477,564
P21440	1276	403,429,430,431,432,433,434,474,533,1043,1068,1069,1070,1071,1072,1073,1074,1114,1174,1175,1176
Q8C1F4	542	369,486
Q08652	134	41,109
Q01102	768	121,123,124,133,146,147
P18293	1057	81,113,114
Q3TKT4	1613	779,780,781,782,783,784,785,786
Q9JJN5	457	86,89,216
Q3UNX5	580	229,230,231,232,233,234,235,236,237,368,369,370,371,372,373,455,470,566
E9PX95	1733	555,556,557,558,559,560,561,562,1401,1402,1403,1404,1405,1406,1407,1408
Q9ERE3	496	168,169,170,171,172,173,174,175,176,191
Q9JK24	453	286,288,290,292,297
O70585	659	243,246,258,261,267,270,280,284
Q8K2P6	157	57,59,80,83
G3X9Y6	323	117
P48760	587	106,107,108,109,130,200,228,363,377
O35728	507	318,454
Q64237	622	266,267,337,416,418,491
P55264	361	34,48,147,305
Q505D9	768	290,293,313,319
Q810J8	777	604,607,620,623,628,631,651,654,721,724,737,740,745,748,767,770
P62835	184	10,11,12,13,14,15,16,17,18,29,30,31,32,33,34,35,60,116,117,118,119
Q8C6L5	507	197,199,211,213,290,307,350,364,365,366,367,368,369,370,371,378,384,385,392,402,420,421,422,423,424
Q99J39	492	298,299,300,301,302,303,304,328,422
Q6PGB6	169	31,75,77,78,79,80,81,82,83,84,85,86,87,88,89,90,117,118,119,120,121,122,123,124,125,126
Q9WU22	926	820,852,853,854,855,856,857,858,896
Q80SX8	650	237,238,239,240,241,242,243,244
O70281	370	79,80,81,82,83,184,192,196,239,286,287,288,289,290,291,292,293,294,295,301
Q9DCM2	226	16,17,18,53,183,200,201
Q9D4P0	179	23,24,25,26,27,28,29,30,66,67,68,69,70,125,126,127,128,159
O35084	507	454
P54763	986	627,628,629,630,631,632,633,634,635,653
Q8CFQ3	1481	801,806,826,827,828,829,830,831
Q9JHI2	499	87,93,94,142,294,297,300,430,466
Q8CI11	538	176,177,178,179,256,257,258,259,260,261,262,263,300,301,302,303
Q3UYH7	688	197,198,199,200,201,202,203,204,205,220
Q8BLR9	349	145,152,181,182,183,196,199,201,202,203,205,214,238,239,279,294,300,321
P54830	541	437,472,473,474,475,476,477,478,516
Q3U4G3	392	103,104,105,225,226,227,289,327,330,359,382,384
Q9CPY7	519	202,203,282,287,292,294,303,305,364,366
Q8R3L8	464	27,28,29,30,31,32,33,34,35,52
Q8VEG4	650	137,139,275
Q9D7B1	493	18,19,20,43,87,155,183,214,215,216,242,243
Q91YP1	285	46,77,111,136,137,165
E9Q5R7	1054	217,218,219,220,221,222,223,224
P0DP26	149	21,23,25,27,32,57,59,61,63,68,94,96,98,100,105,130,132,134,136,141
Q99MZ7	303	23,24,25,26,27,28,29,30,31,32,33,34,35,36,37,38,39,40,41,42,43,44,45,46,47
Q8VC77	323	117
Q8BFP9	434	277,278,279,280,281,282,283,284,316,335,336,352,353,354,355,356,357
Q8CDZ2	244	69,97,98,99,118,149,170
Q9ERI5	403	184,187,189,197,204,273,285
Q3UZZ6	295	48,49,50,51,52,53,81,106,107,108,130,138,142,193,227,228,229,230,231,232,257,258,259
Q5Y4Y6	464	9,10,11,12,13
Q99JF5	401	24,25,26,27,79,157,158,159,160,161,162,213
Q8R331	154	117,120,128,131,136,140,144,149
Q66X22	1003	149,150,151,152,153,154,155,156
Q9D823	97	19,22,34,37
Q8CFG0	875	52,53,88,317,318
Q9JHU9	557	67,68,69,70,141,177,178,188,191,228,229,230,231,278,279,303,306,337,338,339,352,390,391,419,420
O09049	174	107,121,144
Q9D2Y9	281	124,137,139,142,147,187,204,208,211,266
Q9CS84	1514	329,346,414,772,789,848,1183,1200,1282,1284
P57757	367	166,205,273,280,281,305,346
P00184	524	228,461
O70372	1122	702,861,862
E9Q634	1107	112,113,114,115,116,117,118,119
Q8BUN5	425	64,109,121,126
Q8BRB7	1872	674,675,676,677,678,683,684,685,686,687,688,689,713
Q8R180	464	186,188,199,248,251,283,296
P46735	1107	108,109,110,111,112,113,114,115
Q9DBD2	286	76,79,93,95,103,106,119,122
Q80UW2	297	214,215,216,279,280
Q8K301	598	210,211,212,213,214,215,216,217
O70311	529	153,281,283,289,291,292,293
Q00724	201	116
Q9WV60	420	62,63,64,65,66,67,68,69,70,85
P24788	784	433,434,435,436,437,438,439,440,441,456
Q6R2P8	329	227
O55017	2327	451,452,453,454,455,456,457,458,544,584,587,1728,1734,1739
O08739	766	316,318,387,388,389,390,391,392,585,588,662,663,664,665,666
Q9EP75	524	328,468
Q9D2Y4	472	198,199,200,201,202,203,204,205,206,219
Q99N11	184	89,90,92,93,94
Q6VNS1	825	544,545,546,547,548,549,550,551,552,572
B2RXM4	283	124,129,146,174,175,190
Q9QZS6	390	147,148,149,150,151,169,170,171,172,173,174,175,200,201,202,203,228,236,268,269,353,354,355,356,357
Q60649	677	316,318,353,354,355,356,357,358,425,466,531,590
Q9QZ67	598	98,99,307,359
D3Z3C6	739	679,682,694,696,701,704,710,712
Q8CAA7	621	73,175,332,334,336,337,433,435,447
P39098	641	619
Q99LY2	330	71,73,86
Q91W36	520	3,5,29,32,41,44,49,56,60,82,95,98
P09671	222	50,98,183,187
Q5NCH9	871	148,169,170,171,219,301,394
Q8VE28	461	140,142,144,146,151
Q91WV7	685	213,283,317,318,320
Q8BVP2	382	77,78,79,80,81,82,102,163,186,187,188
Q8BKN6	393	149,150,151,152,153,171,172,173,174,175,176,177,202,203,204,205,230,238,270,271,355,356,357,358,359
P12815	191	36,38,40,42,47,103,105,107,109,114,169,171,173,175
Q99ML9	989	937,940,960,963
A2AQ14	241	74,77,131,134
Q80W54	475	335,339,415
Q8K1R7	984	58,59,60,61,62,63,64,65,66,81
A3KGF7	1181	328,357,359,408
P28738	956	87,89,90,91,92,93,94,99
O35409	752	212,259,271,274,379,389,426,427,435,438,455,519,520,521,536,537,538,554,555,701,702
B7ZMP1	506	300,331,342,423,430,450,474
Q9EP78	484	108,109,110,111,112,113,114
P39053	867	41,43,44,45,46,59,60,206,208,211,236,237,239
Q8R4V4	654	253,256,385
O08734	209	158,162
P29812	517	189,211,220,369,373,396
Q3TMQ6	144	31,63,64,65,66,67
Q9JLK7	227	95,97,99,101,106,172,174,176,178,183,209,211,213,215,220
P35294	217	24,25,26,27,28,29,30,31,72,73,74,75,76,130,131,132,133
Q8BTW8	588	108,144,182,257,261,264
Q9CS42	318	96,97,98,99,100,101,128,130,139,143
Q61481	545	223,259,260,366
P17892	482	219,222,224,227
A0A087WQS1	349	191
A0A087WR70	333	191
A0A0R4J2D2	862	51,52,87,316,317
F6YST4	587	323,325,551
Q8C9D0	558	294,296,522
Q9D881	129	91,93,113,116
A0A0A6YVZ8	404	54
A0A0A6YWM8	1272	54
A0A0A6YWR8	1234	54
B2RUE8	1221	54
B7ZNR9	1208	54
F8VPL5	1238	54
D3YV80	299	108,109,110,111,112,113,114,115
E9Q580	1084	114,115,116,117,118,119,120,121
E9QNH6	1078	108,109,110,111,112,113,114,115
Q7TQD7	1136	108,109,110,111,112,113,114,115
E3W997	435	132
Q3U5I8	901	197,211,252
Q8QZY7	926	197,211,252
G3XA14	291	85
B2KGF0	235	10,35,37,77,153,154,155,156,182,184,204,205
E9Q341	1048	33
Q9D9B2	145	33
F8VQM0	559	61,172,174,330,335,339,376,377,450
A0A087WSU7	109	97,98,99,100,101,102,103,104
A0A087WQY6	106	49
D3Z359	234	49
E9Q704	873	106,107,171,241,243,313,414,427,479,481,548,584,600,680,681
F8VQA4	978	106,107,171,241,243,313,520,533,585,587,654,690,706,786,787
Q545E6	228	150
A0A087WRG0	533	258,259,260,261,262,263,264,265,308
A0A087WRM7	556	258,259,260,261,262,263,264,265,308
B2Z892	497	258,259,260,261,262,263,264,265,308
B2Z893	473	258,259,260,261,262,263,264,265,308
B2Z894	374	258,259,260,261,262,263,264,265,308
Q6GTL7	518	258,259,260,261,262,263,264,265,308
Q3U2P8	386	79
E0CY50	130	38
E9PYL6	693	38
Q0VDL6	451	150
A0A087WP69	882	679
G3UZG6	176	64,65,66,81,83,98,99,100,157
Q53YY4	375	191,337,341
E9PYF1	611	169,170,171,257,258,259,260,261,262,286,290,309,561,562,563
A0A0J9YUN5	497	482,483,484,485,486,487,488,489
A0A0A6YY04	539	514,518
Q1WLP7	499	474,478
Q3TN15	201	63
A0A087WQK5	917	492
A0A087WR24	947	492
B7ZNP0	913	492
A0A571BF18	585	456
B2RQ57	1078	317
F8VQH0	1182	317
B1B507	387	118,120,126,143,144
Q3TCF3	336	118,120,126,143,144
Q3UV83	372	118,120,126,143,144
Q8BUH2	277	118,164,212,222
F8WGB3	135	93
Q3TNX8	845	202,229,312,319,369,373,379,431,434
E9PV91	648	32,115,122,172,176,182,234,237
B9EIE9	456	39,40,41,42,43,44,45,65,66,67,68,69,162,176,255,270,330,331,332,333,334,335,336,362,363,364,444,445,446,447
B2RSE6	396	73,123,149
A0A1D5RLA6	880	119,120,121,122,123,124,125,126
A0A1Y7VM29	1034	119,120,121,122,123,124,125,126
R4GML7	1030	119,120,121,122,123,124,125,126
Q3TMZ1	320	6,7,8,9,10,11,34,56,69,70,71,72,95,96,97
A0A1B0GRV0	323	74,117,119,120,262
D3Z0E6	253	19,62,64,65,192
D3Z5X0	83	74
D3YXH9	293	9,11,104,144,167,214
D3Z0V5	232	9,11,104,144,167,215
E9QL22	294	9,11,104,144,167,215
E9Q679	359	56
E9PZI6	493	251,252,253,254,255,256,257,258
E9QKG2	491	249,250,251,252,253,254,255,256
D3YVC4	144	61
E9PW23	440	225,226,227,228,229,265,266,375,426
E9PZN2	459	186,187,188,189,190,226,227,336,387
E9Q0W7	498	225,226,227,228,229,265,266,375,426
D3YV51	266	109
E9Q1B0	417	122
E9Q8C1	404	109
A0A1W2P721	639	375,377,603
Q8BY78	616	352,354,580
B2RXW6	346	100,101,102,103,104,183,191,293,309,310,311,312,313
A0A0R4J008	488	100,150,177,179,265,304
Q8BQ10	304	177,179,265
A0A1L1SRF1	164	52
B7ZMT1	501	52
G5E8L1	457	52
A0A1W2P788	744	726
Q544T7	655	635
B2RXX5	1206	249,341,385,389,395,442,445
Q3UNI1	698	324,327,348,351
Q53Z05	737	363,366,387,390
D3Z2T9	200	33
D3YVY4	237	106
D3YWW2	189	106
D3YWW4	190	106
D3YXV6	126	106
D3YY79	209	106
D3YYH6	110	106
D3Z266	243	106
D3Z4Q6	235	106
Q4FK56	568	106,398,399,400,422,450,451,473
Q80WV0	230	110
Q3UQT3	492	84,158,168,170,175,176,183,194,196,198,201,219,223,229,237,303,348,350,441
Q3UKX1	445	133,180,196,199,208,209,225,237
G3X967	599	56
Q99K78	442	75
A0A0G2JGS6	118	101
A0A0R4IZX7	412	66
M0QWN2	203	101
Q91YS7	400	101
A0A1W2P6J6	256	46
A0A1W2P6K3	205	46
Q05A21	448	46
A0A0R4J1N6	505	260
A0A0R4J1P8	465	220
D3Z4T5	466	221
Q3UKP1	294	101,104,126,137
D3Z6B9	810	51,479,480,481,505,506,507,508,538,539,540,541,542,543,558,559,665,712,713,714
Q54AE5	211	24
Q3UAD6	802	103,107,149,154,162,168,169,170,194,195,196,197,198,199,245,448
G3XA09	1238	143,144,145,146,147,148,149,150,254
A0A1L1SUS7	481	188
Q3TMN1	455	208,228,239,308,316,341,436
Q3UI33	488	241,261,272,341,349,374,469
Q58E65	478	231,251,262,331,339,364,459
A0A1W2P744	127	76,79,83
Q5U1U6	656	553,587,588,589,590,591,592,593,631
A0A1W2P6W7	121	38
A1L361	729	38
D3Z7D2	228	78,101,102,134,135,154
D3YWB0	158	35
D6RHS5	74	35
E9PZX7	271	35
E9Q9E4	253	35
Q545C3	303	35
Q3U6X7	298	33
Q3UGB9	346	33
Q2KHP2	527	86,154,172,173,180,190,192,195,213,217,223,231,294,338,340,383
Q3UW97	455	14,82,100,101,108,118,120,123,141,145,151,159,222,266,268,311
Q5NC03	623	345
B1ATD5	1159	326,327,328,329,351,352,413,414,415,416,417,418,419
M0QW74	1075	326,327,328,329,351,352,413,414,415,416,417,418,419
Q5NCI4	253	10,11,12,13,14,15,16,17,62,89,90,91,92,100,116,117,187,188
Q5NCI3	511	330,332,420
Q5SVI0	518	43
Q5SVI1	589	43
Q5SVI2	529	43
Q5SVI3	518	43
Q5SVI9	479	43
Q5SVJ0	666	43
Q5SVJ1	503	43
Q68EG2	545	43
Q5SUC8	311	95,139,140,141,142,218,220
Q3U548	497	116,179,211,212,242,385
Q8BY05	429	99,100,101,108,112,113,114,166,227,236,245,246
Q9CQT0	238	44,45
Q3UHT3	920	346,350,356
Q5STT8	619	390
A0A5F8MPY1	1095	270,362,409,413,419,466,469
Q4FJV9	481	189
B1AU42	192	33
B1AU43	610	33
F2Z3Z6	591	33
B1AQZ2	725	100,101,102,103,104,105,106,107
F6V6Z9	178	99,100,101,102,103,104,105,106
Q3TET1	694	100,101,102,103,104,105,106,107
Q3UI47	698	100,101,102,103,104,105,106,107
A8Y5I3	657	620,623
Q5NCT9	449	230,231,232,233,234,235
Q5NCU0	366	147,148,149,150,151,152
A0A0R4J1Q6	173	93
Q5SWN9	347	93
Q52KJ0	393	149,150,151,152,153,230,238,355,356,357,358,359
B1ATL6	206	140
Q543X6	397	129
Q5SUD5	289	157,161,248
Q8BXF2	231	178,179,180,181,182,183,184,185
Q2KHL0	701	17,80,398,403,578,701
B1ASX6	648	15,17,39,86,87,374,379,525,648
A0A158SIS7	387	170,173,232,236
I7HIK9	378	170,173,232,236
Q549C9	390	173,176,235,239
Q80ZA1	381	173,176,235,239
A2ARN2	268	148
Q5F2B4	671	148
A2CF85	663	17,74,75,360,365,540,663
Q8C587	390	17,74,75,360,365
Q5F2E4	662	17,75,360,365,540,662
A2CF88	663	17,74,75,361,366,541,663
E9Q9B0	1112	97,98,99,100,101,102,103,104
Q3V3Y9	425	97,98,99,100,101,102,103,104
B1AUD1	372	68,69,70,263,264,265,282
B1AUD3	342	37
A0A0R4J0P2	754	467
B1AUD6	330	69,70,71,165,270,271,272,290
B1AUD7	354	69,70,71,189,294,295,296,314
Q91VE2	455	69,70,71,189,294,295,296,314
F8WHZ7	215	82,110,133,184
Q5SW15	593	82,110,133,184
Q5NCR5	158	94,96,97,101
B2RX66	1001	58
A0A1L1STZ4	1143	193
Q8BG29	496	91,180,190,192,199,200,207,217,219,222,240,244,250,258,352,397
Q8CGV5	510	91,180,190,192,199,200,207,217,219,222,240,244,250,258,329,331,366,411
Q5SSG2	407	91,180,190,192,199,200,207,217,219,222,240,244,250,258,329,331,376
Q5SWG2	74	70
Q8C3J7	316	123
A2RSC8	668	303,304,305,306,307,308,309,310
E9Q039	889	353,357,376
E9Q6F4	674	353,357,376
Q0VB50	295	46,51,90,91,96,112,117,169,170
Q3TYV5	420	252,331
Q6P3Z8	829	571,572,573,578,579,580,581,582,583,584,609,610,611,612
Q790P4	344	10,11,12,13,14,15,16,17,18,19,20,21,22,23,24,25,26,27,28,29,30,31,32,33,34,35,36,37,38,66,143,160
A2AWS5	1030	689
B7ZDF5	1121	707,709,715,792
B7ZDF7	1102	688,690,696,773
Q3UJF1	1115	689,691,697,774
Q544K4	942	432
B1ASU9	750	469
B7ZC85	633	405
A0A0M6L0K7	216	198
Q4VA93	672	102,115,118,132,135,140,143,151,186,187,193,195,245,246,247,248,252,254,345,346,347,348,349,350,351,352,353,368
A2AGS2	293	82
Q543Z5	334	82
A2AC95	709	104,105,106,107,108,109,110,111
A9XMT8	997	104,105,106,107,108,109,110,111
A2A848	625	103,142
Q6PI17	220	27
A2ABY6	195	9,12,39,42
A2ABZ2	238	6,7,8,9,10,11,34,56,69,70,71,72,95,96,97
Q3UTR5	309	6,7,8,9,10,11,34,56,69,70,71,72,95,96,97
Q3UBT6	409	38
Q3USK2	428	38
B8JK56	1144	324,325,326,327,328,329,366,367,368,412,975,1062,1063,1064,1069,1070,1071,1072,1073,1109
E9PXU2	846	424,428,434
A0A0R4J016	324	33,34,35,87,186,240,241
H3BK84	256	61,70,190,199
A0A1B0GR65	1023	603,605,611,688
A0A1B0GRH0	1064	644,646,652,729
A0A1B0GSE4	936	557,559,565,642
A0A1B0GSQ5	1067	647,649,655,732
A0A1B0GT67	975	668,670,676,753
Q14BG3	352	33
A0A1Y7VKX4	1100	143,144,145,146,147,148,149,150,151,164
Q3TQC7	452	226,227,228,229,230
Q8C985	567	135,152,234,236
B8JJC1	609	266,496
E9PWC8	693	100,101,102,109,113,114,115,167,228,237,246,247
E9PZR3	718	100,101,102,109,113,114,115,167,228,237,246,247
E9QAN2	732	100,101,102,109,113,114,115,167,228,237,246,247
A0A1Y7VMH3	413	71
Q3UWH3	416	71
Q3US73	500	437
Q80Y52	733	47,51,93,98,106,112,113,114,133,134,135,136,137,138,184,401
H3BLH6	99	33
A0A1Y7VKD5	175	131
A0A1Y7VJB1	111	85
A0A1Y7VNZ6	797	85
A0A1Y7VL28	171	135
J3QN31	480	42,43,44,45,46,47,48,68,69,70,71,72,186,200,279,294,354,355,356,357,358,359,360,386,387,388,468,469,470,471
Q3UBP0	457	42,43,44,45,46,47,48,68,69,70,71,72,163,177,256,271,331,332,333,334,335,336,337,363,364,365,445,446,447,448
D3YXX3	202	189
D3Z783	437	189
Q3U538	323	117
Q3UEM0	323	117
Q8CEB6	245	46
Q8C605	784	33,96,97,126,127,128,129,172,173,174,209,216,217,218,272,300,306,307,308,309,480,575,582,583,584,638,664,670,671,672,673,743
A0A1Y7VJM4	485	186,188,199,251,254,286
A0A1Y7VNF4	493	186,188,199,251,254,286
A0A0M5HDY5	224	56,208
A0A1Y7VJW8	159	54
A0A1Y7VL52	132	63
A0A0M6L0W4	224	56,208
A0A1Y7VLI3	117	54
F2Z418	179	56
Q9CPQ0	225	53,209
Q9CPQ2	228	56,212
A0A286YC78	224	50,208
Q8BNL4	223	49,207
Q8CGZ8	223	49,207
Q8CGZ7	223	49,207
A0A286YCU9	150	51
Q5SZY3	222	51,206
A0A0M6L0L9	230	56,214
Q5SXJ8	235	61,219
A0A0M6L0K6	251	225
A0A0M6L0L8	253	227
Q5SVM4	244	224
Q9DAY8	243	223
A0A0M6L0E8	251	226
A0A0M5HDY7	228	212
Q5SVM0	226	56,210
A0A0M6L0M4	227	212
A0A2R8VI35	476	367
A0A5F8MPR5	667	416
F8WIP5	387	136
A0A286YCF7	194	33
A0A286YD80	621	33
A0A1Y7VJY8	289	58,59,60,61,62,63,64,65,66,67,68,69,70,71,72,73,74,75,76,77,102,105,140,141,142,143,166,169,207,212,249,250,251,275,276,277,288
A0A1Y7VM56	350	58,59,60,61,62,63,64,65,66,67,68,69,70,71,72,73,74,75,76,77,102,105,140,141,142,143,166,169,207,212,249,250,251,275,276,277,296
A0A286YDX6	1041	39,40,41,42,43,44,45,46
A0A0R4J018	240	24,25,26,27,28,29,30,31,32,33,34,35,64,85,129,130,147
D3YWK6	188	24,25,26,27,28,29,30,31,32,33,34,35,64,85,129,130,147
D3Z217	182	24,25,26,27,28,29,30,31,32,33,34,35,64,85,129,130,147
D3Z380	205	24,25,26,27,28,29,30,31,32,33,34,35,64,85,129,130,147
E9PWE9	583	348,349,350,351,352,353,354,355,356,373
Q3UPF7	629	371,372,373,374,375,376,377,378,379,396
E9PUN5	932	467,468,469,470,471,472,473,474,475,495
Q8C3W2	944	479,480,481,482,483,484,485,486,487,507
A0A0R4IZY3	799	470,471,472,473,474,475,476,500,548,549,550,554,613,627
A0A286YDA5	584	219
A0A286YDZ5	557	192
A0A286YE10	542	224
Q9EP84	560	224
A0A0R4J0R8	151	53,57,138
A0A286YDI7	144	84,85,86,87,88,89,90,91
A0A1Y7VIW8	188	33
Q3V1Q3	1095	299,300,301,302,303,304,341,342,343,387,943,1023,1024,1025,1030,1031,1032,1033,1034,1070
H3BKN0	722	149,150,151,152,153,154,155,180,207,233
D6RGS8	684	431,435,441
A0A217FL56	542	32,34,35,39,263,295,412,416
A0A1Y7VJ53	109	32,34,35,39
A0A1Y7VJY3	211	32,34,35,39
Q3KN89	634	47,50,54,278,310,427,431
D6RJ80	83	47,50,54
E9PX38	780	510,511,512,513,514,550,551,676,728
E9PXX4	730	460,461,462,463,464,500,501,626,678
E9PYP0	788	518,519,520,521,522,558,559,684,736
E9Q7S6	830	560,561,562,563,564,600,601,726,778
E9Q8J6	838	568,569,570,571,572,608,609,734,786
E9PUL4	674	572,608,609
E9Q7N5	741	77,78,79,80,81,82,83,84,141,142,143,144,145,195,196,197,198
A0A286YDC0	309	18,19,20,21,22,23,24,25,26,41,42
Q3THG5	346	18,19,20,21,22,23,24,25,26,41,42
A0A286YEC9	468	403,407,413
E0CZ72	743	312,313,314,315,316,317,318,319
F8VQ42	671	296,297,298,299,300,301,302,303
A2RSH1	747	401,402,403,404,405,441,442,559,610
A6XDA6	584	238,239,240,241,242,278,279,396,447
A6XDB0	517	171,172,173,174,175,211,212,329,380
A6XDB1	504	158,159,160,161,162,198,199,316,367
B1PSD9	698	352,353,354,355,356,392,393,510,561
B2KF57	700	354,355,356,357,358,394,395,512,563
B2KF84	703	357,358,359,360,361,397,398,515,566
E9PVU7	803	457,458,459,460,461,497,498,615,666
Q548A9	682	117
Q8C788	615	303,305,343
A0A0R4J206	189	143,144,159,166,167,168
K3W4R8	1115	548
E9PVU9	124	8,27,83,89,90,91,92,98
E9PZ91	213	71,90,146,152,153,154,155,161
F6SV10	100	8,27,83,89,90,91,92,98
A0A2I3BQP6	565	43
Q6ZWS7	495	43
A0A286YCE7	513	364
Q1MX40	571	264,265,266,267,268,269,270,271,272,287
Q1MX41	545	238,239,240,241,242,243,244,245,246,261
Q1MX42	585	264,265,266,267,268,269,270,271,272,287
Q1MX43	559	238,239,240,241,242,243,244,245,246,261
Q53YN4	674	353,354,355,356,357,358,359,360,361,376
Q3THY0	274	36
Q3UED6	744	36
Q6GTE9	792	36
A0A2I3BRL0	493	46,48,331
Q91X76	390	228
E9Q088	456	228,242,283
G3X8U8	961	733,747,788
Q53Z43	532	261
Q60607	500	261
Q4FK57	464	186,188,199,248,251,283
A0A0R4J1Y3	335	109,113,130,131,132,133,134,162,177,181,266,294
D3Z124	177	67,95
D3Z6R9	214	67,95,209,211
F6QA74	289	62,90,181,183,279,280
Q544Z7	317	67,95,209,211,307,308
Q543K9	289	33,64,84,85,86,116,201,220,243
A0A286YED2	558	93,176,186,188,193,194,201,208,210,212,214,216,219,239,243,249,257,324,371,418
A0A0R4J049	637	324,333,334,392,419,420
A0A2I3BQE9	322	54
A0A2I3BQM6	166	54,103,104,105
A0A2I3BQS0	328	54
A0A0R4J293	815	498,500,547,552
G3UXG3	853	655
G3UY78	895	655
G3UYM3	288	262
A0A286YD28	151	39,40,41,42,43,44,45,46
A0A286YDB8	553	99,109,112
E9Q2A6	967	457
K7QD41	1009	457
Q3UDE9	1005	457
Q3U335	431	53
Q3TUQ7	550	47
D3YXU7	786	124,125,126,127,128,129,130,131
A0A2I3BQE0	495	54
A0A0R4J1E8	264	112,149,174,222
A0A2I3BQ46	1219	417,418,419,420,421,422,459,460,461,505,1002,1077,1078,1079,1084,1085,1086,1087,1088,1124
Q80ZM2	453	307,309
Q544T4	337	102,144,167,227,263,267,287,296,313
A0A5F8MPY3	1093	495
G3UWE4	502	383,449
A0A2R8VHK1	165	62,65,66
A0A2R8W6X1	707	401,402,403,404,405,406,407,408
G3X8Q6	792	486,487,488,489,490,491,492,493
Q3UPI0	321	70,143,144,256
A0A2R8VI54	112	38
A0A2R8W6S2	188	38
A8Y2Z5	118	38
A8Y2Z9	141	38
A9J9D8	60	38
Q3TYE1	368	38
Q545Q8	262	19,21,28,132,143,150,186,188,190,218,230,232,235
Q91W01	202	72,83,90,126,128,130,158,170,172,175
Q9D6D9	165	19,21,28,132,143,150
A0A2R8W740	335	277
B7ZP10	453	395
A0A0R4IZY2	500	446
F2Z456	313	69,70,71,86,88,91,103,104,105,162
Q3TX64	326	46,47,48,49,50,51,52,53,54,69,124,131
Q3USX5	453	213,313,314,315
E9PX62	851	433,435,441,518
E9PXW1	892	474,476,482,559
E9PXW8	868	498,500,506,583
A0A2I3BRC5	1166	382,383,384,385,386,387,424,425,426,470,1029,1103,1104,1105,1110,1111,1112,1113,1114,1150
F8VQ52	1168	382,383,384,385,386,387,426,427,428,472,1031,1105,1106,1107,1112,1113,1114,1115,1116,1152
Q544P6	396	90,91,96,126,127,130,132,141,148,183
E0CXN5	326	10,11,12,13,14,15,41,74,97,130,246,247,273,275
Q3TZF1	505	234
A0A2I3BPC1	516	203,204,205,206,207,243,244,350,401
Q6PDS5	458	222,223,224,225,226,262,263,369,420
D3YX62	228	37,44,153,202
Q544R7	315	37,44,153,202
Q545N8	242	8,10,17,119,130,137,175,177,205,217,219,222
Q8K130	144	54,56,58,75
E9PY29	362	80,81,82,270,271,272,290
E9PUQ7	613	401,451,500
D3Z0K8	466	79,209,210,211,212,213,214,215,216,301,343
J3QMQ8	522	95,317,359
E9PZ31	280	217
Q3TWV4	433	339,341,343,352,354
Q5FWI9	435	341,343,345,354,356
B2RQR8	763	600,604,660
E0CYA3	739	406
A0A0R4J1K8	284	150,153,214,218
Q3UVI3	582	150,153,214,218
Q569E5	393	150,153,214,218
A0A5F8MPC4	1072	164,165,166,167,168,169,170,171,172,190
D3Z3U5	1038	132,133,134,135,136,137,138,139,140,158
D3Z3U6	1040	132,133,134,135,136,137,138,139,140,158
G3X9X7	1055	132,133,134,135,136,137,138,139,140,158
A0A0R4J1L0	1008	158
A0A5F8MPJ6	211	75
A0A5F8MPM0	1040	190
A0A5F8MQ87	1047	182
E9QAQ5	433	86
Q5KU03	420	86
Q3U5N4	362	59,60,61,307,309,310
A0A5F8MPN7	416	352,354,357,383
Z4YJE9	345	281,283,286,312
Q3TF14	432	57,131,156,157,158,159,186,190,222,223,224,225,226,227,243,248,299,300,301,346,353
G1K381	1130	757
B7ZNN5	983	627,628,629,630,631,632,633,634,635,653
Q8BRB1	984	628,629,630,631,632,633,634,635,636,654
E9PY08	681	82,89,139,143,149,200,203
G3UWD2	451	112,116,139,170
G3X9W7	387	112,116,139,170
Q3UM65	465	126,130,153,184
A9C475	763	188
F6U6X3	725	150
Q3U1P2	595	286,288,327
Q4KML7	586	60,61,62,63,278
A0A384DV92	850	579,580,581,582,583,617,618,728,780
F8WHK3	716	445,446,447,448,449,483,484,594,646
A0A3B2WBF0	182	50,98
Q4FJX9	222	50,98,183,187
A0A0R4J163	508	57
F2Z3V6	111	87
F2Z3X6	532	87
F2Z400	457	114
F2Z4A5	128	87
Q3TRL2	522	114
F7CUP3	446	187,198,255,276,279,280,287,316,372,373,374
A0A3Q4L2U2	147	100,101,102,103,104
A2RTI7	342	100,101,102,103,104,181,189,305,306,307,308,309
B7ZNT8	332	100,101,102,103,104,171,179,295,296,297,298,299
A0A3B2W430	280	109
A0A3B2W4B9	307	109
A0A3B2W883	345	103
Q3UB06	648	109
A0A3B2WB60	307	54
B2KF34	227	54
Q5U421	360	54
A0A3B2W3M0	186	55
A0A3B2WAS4	266	55
A0A3B2WBB9	227	55
A0A3F2YNL4	308	52
D6RG58	257	55
Q3UIB2	366	55
A0A3B2W7T8	132	118
A0A3B2WD34	307	118
B9EJX8	166	54,55,56,57,58,59,60,61,62,63,64,65,70,71,99,100,101,102,103,104,109,110,111,112,113,119,125
A5GZX3	184	34,38,100,104,123,127,157,158,173
A0A494BAF7	136	34,100
A0A494B9U5	377	94,95,96,97,98,134,135,244,295
A0A494BBD2	383	104,105,106,107,108,144,145,250,301
D3YTQ4	508	225,226,227,228,229,265,266,375,426
D3Z408	387	104,105,106,107,108,144,145,254,305
A0A494B9Q6	202	129,131,136,183
Q569M7	173	100,102,107,154
Q8VCA4	527	473
B8JK07	414	358
G3UZR3	97	80,81,82,83,84,85,86,87
G3V011	785	110,111,112,113,114,115,116,117
Q8CG29	1098	110,111,112,113,114,115,116,117
A0A0R4J048	487	420
G3UXD3	100	61,64,89,92
A0A0R4J043	760	70,167,171,177
Q544S6	470	278,415
A0A3B2WCK5	420	365
E0CY45	492	156,160,183,214
E9PUK7	506	170,174,197,228
F8WHN7	514	156,160,183,214
Q71LX8	724	42,46,88,93,101,107,108,109,128,129,130,131,132,133,179,392
A0A286YDE4	765	63
B2RR30	813	555,556,557,562,563,564,565,566,567,568,593,594,595,596
A0A3B2W7X7	256	43,46,80,83
Q3TZJ5	645	591
A0A286YE25	613	379,380,381,382,383,384,385,386
A0A3B2WC92	581	347,348,349,350,351,352,353,354
D3Z6I0	795	487,488,489,490,491,492,493,494,495,510
Q5FWX6	890	582,583,584,585,586,587,588,589,590,605
Q3UTK2	487	470
A0A3Q4EGQ9	873	22,23,24,25,26,27,28,29,30,45
E9QNE9	896	22,23,24,25,26,27,28,29,30,45
P0DI97	468	137,154,236,238
E9QAK5	619	85,86,87,88,89,90,91,92
A0A3Q4EGR2	1089	35
A0A3Q4L2X0	504	105
G5E8L8	619	385
Q8BGR3	469	71
A0A494BBG6	312	159,160,161,162,163,164,165,166
G5E823	424	130,131,132,157,173,177
A0A3Q4L347	174	60,62,114
A0A3Q4L2Z6	559	412,416,435
E9QJR0	991	412,416,435
Q5FW97	434	158,167,245,293,318,370,371,372,373,394
A0A494BAP2	448	72
D3Z7K9	108	42
F8WIS9	489	42
E9QN12	1103	583,610,611,612,613,614,615,616,617,618,638,686,687,688,689,690,691,692,834,835,848
Q0P635	977	559,586,587,588,589,590,591,592,593,594,614,662,663,664,665,666,667,668,780,781,794
Q8K0A8	860	559,560,561,562,563,599,600,720,773
E9PWB2	374	46
E9Q2U6	353	46
E9Q3W1	365	46
E9Q4G7	336	46
H7BXB1	334	46
Q6PJ87	325	46
Q3U3B7	290	83,103,105,106,233
D3Z6W2	363	182,216,217,218,219,220,221,222,260
E9PXX5	193	50
E9Q3I6	233	50
D3Z135	183	161,162,163,164,165,166,167,168
C0LQ91	500	207,212
D3Z4J2	495	251,252,253,254,255,256,257,258
A0A0R4J0V0	492	107,140,175,203,453
A0A494BBF8	160	99
D3YWB8	392	73,74,75,76,77,78,79,80,81,99
D6RH86	285	99
E9PUN3	312	99
Q80X26	153	99
Q3U1V3	689	220
Q7TS64	647	178
E9QPD7	1179	153,237,272,573,645,742,772,774,909
G5E8R3	1178	152,236,271,572,644,741,771,773,908
D3YUH9	351	45
D6RCZ7	57	45
D6RG51	58	45
E9PUN2	660	139,156,238,240
A0A0R4J0B1	731	82
A0A0R4J227	722	82
E9PYX3	716	82
E9Q2G8	89	82
E9Q2J6	193	49
E9Q8H5	110	82
E9Q9N6	707	82
Q3T9A3	743	49
Q3UTZ4	527	56,57,58,59,109,114
A0A5F8MPU4	382	122
Q8BND1	671	366,367,368,369,370,371,372,373,374,390
A0A286YCI2	207	152,153,154,155,156,157,158,159
A0A286YE94	40	20,21,22,23,24,25,26,27
A0A0R4J061	497	442
H7BWY6	245	160
Q3UT49	451	396
E9Q7C8	520	464
D6RHQ2	288	215,216,217,218,219
Q544U5	510	215,216,217,218,219
Q8CDV7	539	244,245,246,247,248
Q3UZ80	510	343,345,434
E9Q5B9	995	239,243,249
Q3U7Z6	254	10,11,12,13,14,15,16,17,62,89,90,91,92,100,116,117,187,188
E9Q605	719	44
E9QNL4	745	44
Q53YJ1	507	441
A0A494B9X3	585	77,79,376
A0A494BBP6	528	20,22,319
E9Q9M1	586	78,80,377
A2RRK3	1202	63
Q3TST4	590	224
A0A0R4J074	477	258,260,263,268,269,296,300,302,306,400,465,467,472
Q8K085	257	180,245,247,252
B1AW58	385	57
A6H667	707	386,387,388,389,390,391,392,393,394,409
F8WGT6	643	386,387,388,389,390,391,392,393,394,409
A0A0A6YY64	500	233,234,235,236,237,238,239,240
A2AUP1	520	253,254,255,256,257,258,259,260
A2AUP3	513	253,254,255,256,257,258,259,260
A2AUP4	542	253,254,255,256,257,258,259,260
A2AUP5	514	253,254,255,256,257,258,259,260
A7UAK4	462	253,254,255,256,257,258,259,260
A7UAK8	543	253,254,255,256,257,258,259,260
Q3U3S6	549	253,254,255,256,257,258,259,260
Q7TS91	526	253,254,255,256,257,258,259,260
A2AUR3	321	26,28,169,201,230,298
A2ASK1	425	191,192,193,194,195,196,197,215,242,272
A0A2I3BQ50	520	55,56,57,58,59,60,61,62,63,64,75,76,77,78,79,101,120
A0A2I3BQH8	519	55,56,57,58,59,60,61,62,63,64,75,76,77,78,79,101,120
A0A2I3BRB9	483	19,20,21,22,23,24,25,26,27,28,39,40,41,42,43,65,84
E9QNH7	509	55,56,57,58,59,60,61,62,63,64,75,76,77,78,79,101,120
Z4YM84	484	19,20,21,22,23,24,25,26,27,28,39,40,41,42,43,65,84
A2AQK4	295	28,60,89,94,120,143,284
Q921R1	495	204,205,206,207,208
Z4YLB0	334	102,103,104,107,192,193,194,214,226,284,307
A2ALB3	1037	85,168,175,226,230,236,286,289
Q3UN47	294	169
H7BX88	605	398,402,403,404,405,406,407,408,409,431,433,435,444,483,534
Q3TV62	333	103,104,105,106,107,108,109,110
Q3SYK5	1142	290
D6RHP4	61	48
Q14BP7	301	67,68,69,72,158,159,160,180,250,273
Q3TXW0	394	160,161,162,165,251,252,253,285,343,366
Q8C2H7	384	150,151,152,155,241,242,243,275,333,356
Q91W00	372	138,139,140,143,229,230,231,263,321,344
Q9DBU1	406	172,173,174,177,263,264,265,297,355,378
B2FDI6	141	138,139,140
Q543T1	602	122,390
A2ATN9	302	63
A2ATP1	108	74
A2AJR5	413	142
Q3V348	363	92
A0A2R8VHC9	286	66,110,111,112,113,189,191
A0A2R8W6J9	306	100,144,145,146,147,223,225
A2APN2	325	138,182,183,184,185,261,263
Q3UEN1	320	100,144,145,146,147,223,225
Q8R093	338	118,162,163,164,165,241,243
D2CGM4	1025	907,910,962,964
A2AQL0	556	104
A2AL49	508	247,248,249,250,251,252,253,316,317,318,319,320,321,322,329,330,331,332,381,382,383,384,385,386,387
A2AL50	671	247,248,249,250,251,252,253,316,317,318,319,320,321,322,329,330,331,332,381,382,383,384,385,386,387,528
H3BKN2	568	144,145,146,147,148,149,150,213,214,215,216,217,218,219,226,227,228,229,278,279,280,281,282,283,284,425
H3BIY5	57	10,11,12,13,14,15,16
A2ASF9	420	115,116,117,118,119,155,156,262,313
A2AW03	373	63,64,65,148,255,256,257,275
A2AW04	395	63,64,65,170,277,278,279,297
Q542D1	527	419,423,446,452,455,458,478,481
A2AQH3	1213	226
E9PYI3	1158	305,334,336,385
A0A804AW03	576	228
F6V2R5	476	128
A2AKH9	450	103,104,105,106,107,108,109,110
A2AW13	872	50
A2AW14	436	50
A0A571BDB6	707	398,400,447,452
A2ARP5	251	162,163,164,165,166,225
B0R0F0	204	193,194,195,196,197
Q545N7	418	162,163,164,165,166,225,270,326,327,328,329,330,354,355,356,357,358,359
A0A7N9VSG0	747	234,235,236,237,238,239,240,241,500,501,502,503,504,505,506,507
Q9CQ43	162	83,84,85,97,98,99,100,101,102,103,108,151,156,157
A2ARG6	193	161,165,171
A2APR8	1059	796
E9PXA2	327	237
Q91V35	793	401,433,434,435,436,437,438,439,477
Q60I30	198	14,15,16,17,18,19,44,56,72,73,149,150,151,152,172,177,178
A2AP51	771	346,350,356
Q7M753	456	278,281,293
Q3UEE8	370	26,79,80,81,108,130,132,158,167,236,258,260,263,291,292,293,294,295,314,315
A2AT91	883	329,358,360,409
V9GXQ9	1022	329,358,360,409
A2ANR6	131	68
Q6NSS6	77	68
F6UND7	524	288
Q3UHC4	747	96,97,98,99,100,101,102,103
H3BKA5	270	130
Q3UEE2	405	56,75,77,79,80,81,82,145,146,147,151,198,199,200,201,236,295,296,297,298,299,300,301,302,303,304,306,329,330,331,332,356,381,383,389,392,393
Q541E2	474	125,144,146,148,149,150,151,214,215,216,220,267,268,269,270,305,364,365,366,367,368,369,370,371,372,373,375,398,399,400,401,425,450,452,458,461,462
A2A5M9	113	58
Q8BXC0	509	107,113,288,383,442
Q3TZW9	432	181,215,216,217,218,219,220,221,262
Q3TWW0	514	462
Q3TEY6	395	134,153,202,203,204,251,252,265
P63094	394	47,48,49,50,51,52,53,54,55,197,198,199,200,201,202,203,204,223,224,225,226,227,292,293,294,295,366
Q05AA8	451	219
Q0VBH4	507	273
Q80ZJ2	276	70,90,92,93,220
Q924B0	277	70,90,92,93,220
A0A0A6YW07	208	70,90,92,93
D3Z703	89	84
Q3U3Y7	482	212,213,214,215,216,252,253,362,413
Q3U5H0	291	240
E0CYV5	227	54
E0CZD7	1276	54
E0CZF8	1268	54
J3QSN2	857	208,211,228,241
A0A0N4SWB8	146	41
E9PVH4	922	41
E9Q4W7	115	42
A0A0G2JE54	432	116
A0A0G2JEN4	452	116
A0A0G2JGH1	382	116
A0A0G2JGQ6	739	423
H7BX36	422	116
Q1EDH1	421	115
Q8CCN4	449	132
B2RRH9	693	244,245,246,247,248,249,250
A0A0A6YWI6	641	421
A0A0A6YX33	591	421
A0A0A6YX71	711	438
Q0VBT6	343	101,256,260
D3Z1S5	233	146,150
D3Z4P7	249	192
E9Q5Y1	500	193
F8WHX0	498	191
D3YXP6	158	17,18,19,20,21,22,23,141
Q9CUC4	278	209,213,219
A0A0R4J1V6	719	219
A0A0R4J087	724	75,78,82,340,466,470
A0A0R4J252	686	34,37,41,299,428,432
E9Q4S9	116	75,78,82
A2AFS0	352	223,254,255,256,270,271,272,273,277,343,344,345,346
A0A0G2JF67	833	571,572,573,574,575,611,612,722,775
D3YXE5	458	288,393,409,410,411,412,413
E9PZJ4	873	703,808,824,825,826,827,828
A0A0G2JDL4	157	43
G3UX70	364	194,299,315,316,317,318,319
A0A0G2JGS4	533	43
D6RDQ8	147	43
E9Q1T1	533	43
E9Q1V9	488	43
E9Q1W0	512	43
E9QAJ4	142	43
Q8CCM0	361	43
Q52JJ6	945	215,349,350,351,352,353,385,389,408,878
Q4VAA9	386	203,220,231,294,301,327,358
B2RRZ4	502	231
G3UXH4	935	637
G3UZM9	967	669
Q543J0	303	68,69,170,187,234,235,261
H6TMF5	189	98
Q3TCS3	512	275
Q3U6Q5	491	254
Q547H1	539	24,25,26,27,28,29,30,31,32,47
B1AVH0	174	72,154,164,166,171,172
V9GXD8	415	101,183,193,195,200,201,208,217,219,221,223,226,246,250,256,264,393
A2BDQ4	994	635,636,637,638,639,640,641,642,643,661
A2AP92	518	63
A2AP93	491	63
Q543B5	579	63
Q923A8	606	63
Q3UA94	597	299,315,343,344,345,458,459,460,528,529,530,531,532,533
Q9DCC1	581	299,315,343,344,345,458,459,460,528,529,530,531,532,533
A2AMS2	356	29,30,31,32,62,78,79,154,160,161,162,169,183,282,300,302,315,316,320,321,327
A2AMS3	360	29,30,31,32,62,78,79,154,160,161,162,169,183,282,300,302,315,316,320,321,327
D6RFP6	201	81
Q3TCI8	722	411,412,413,414,415,416,417,418,419,420,477,489,517,543,544,545,546,547,548,549,550,551,552,566,569,579,581,586,588
Q3UW64	753	442,443,444,445,446,447,448,449,450,451,508,520,548,574,575,576,577,578,579,580,581,582,583,597,600,610,612,617,619
G3UX23	648	495,505,507,512
A2ALQ9	133	40
A2ALR0	214	40
E9Q418	434	163
Q4FJL1	503	232
Q9D5H8	420	149
Q32S49	860	573,574,575,576,577,578,579,580,600,647,648,649,650,651,652,653,720,721,734
Q32S50	868	581,582,583,584,585,586,587,588,608,655,656,657,658,659,660,661,728,729,742
Q497X0	870	583,584,585,586,587,588,589,590,610,657,658,659,660,661,662,663,730,731,744
A0A1Y7VK29	643	104,105,106,107,108,109,110,111
A0A1Y7VN53	176	104,105,106,107,108,109,110,111
B1AWS8	1123	830,831,832,833,834,835,836,837,854,967,968,981
Q80YS4	1072	779,780,781,782,783,784,785,786,803,916,917,930
Q3TNC5	501	447
B1ASP2	1153	880,881,882,883,884,885,886,887,888,907
Q3U489	223	15,16,17,18,19,20,36,41,62,63,64,89,90,91,92,96,126,135,136,170,199
B1AWC8	659	329,330,331,332,333,369,370,487,538
B1AWD0	564	234,235,236,237,238,274,275,392,443
B1AWD1	402	173,174,175,176,177,213,214,331,382
Q3TTI9	484	154,155,156,157,158,194,195,312,363
Q6IQY6	503	173,174,175,176,177,213,214,331,382
Q8VBU5	721	391,392,393,394,395,431,432,549,600
B1AS43	167	127,129,144,146
B1AS44	181	60,62,77,79,86,87
A0A0R4J093	227	44,45,46,47,48,49,70,92,93,94,124,125,126,127,131,165,171,182,210
A2A9Y7	481	426
A2A977	499	446
Q3TNA0	511	453
A2A8W8	415	66
F6VT22	141	66
F6Y5U1	101	66
F6YIU3	114	66
Q9CZ57	381	178,179,180,181,182,183,184,234,252
Q540D7	325	113
A2AGD9	541	87
A2AGE0	319	87
Q6P571	648	101
Q3TTL2	670	293,294,295,296,297,298,299,300
E9Q3V0	637	61,63,64,302,334,399
E9Q3Z2	373	99,101,102,106,355
E9QA02	321	47,49,50,54,303
E9Q517	521	186,218,283
B9EHY2	475	335,339,415
Q58E49	482	99,149,176,178,264,303
E9Q696	520	284
Q6P4T3	526	262,264,490
Q3TLX9	456	28,30,93,134,236,277,279
E9PWV3	719	52,53,54,55,56,57,58,59,60,78,408,409,410,411,412,413,414,415,416,431
F6Q8A4	741	74,75,76,77,78,79,80,81,82,100,430,431,432,433,434,435,436,437,438,453
F6RQA2	736	69,70,71,72,73,74,75,76,77,95,425,426,427,428,429,430,431,432,433,448
G3UZI3	625	314,315,316,317,318,319,320,321,322,337
Q505N6	735	68,69,70,71,72,73,74,75,76,94,424,425,426,427,428,429,430,431,432,447
A2A9L3	417	114
F6YU83	155	38
D3YZW6	127	124
D3Z5A3	147	124
D3Z7K5	237	124
Q3U1Q3	423	131,135,158,189
A3KG93	873	302,303,304,305,306,307,308,309,310,311,312,313,314,315,316,317,318,319,320,321,322,323,324,325,326,327,328,329,330,331,337,353,354,822,831,832
E9Q7P8	216	60,171,173
B1AXF5	157	60
B1AXF6	98	60
A2AM72	710	91,92,93,94,95,96,97,98
A2AM78	550	163
A2APR1	150	47,49,51,68
E0CYB5	128	47,49,51,68
Q3TYT9	144	48,50,67
Q6GTW1	137	47,49,51,68
Q3UG05	142	45,47,49,66
A2AH75	1150	97,98,99,100,101,102,103,104
G3UYS2	367	145,148,209,213
H3BK76	213	123,126,187,191
Z4YK94	638	193,196,257,261
Q3V341	409	102
Q0VBK8	326	19,20,21,22,23,24,25,26,27,43
A0A0G2JGA8	82	43
E9PVC7	451	146
Q6NVF8	423	118
A0A0G2JDY2	129	108
A0A0R4J124	682	108
E9Q9X4	1106	183
A0A0G2JDL3	260	33
Q543F6	292	33
Q3TJI7	541	303
E9QNJ9	802	474,475,476,477,478,479,480,504,552,553,554,558,617,631
F6TK14	801	473,474,475,476,477,478,479,503,551,552,553,557,616,630
Q61563	782	454,455,456,457,458,459,460,484,532,533,534,538,597,611
Q7TSI8	800	472,473,474,475,476,477,478,502,550,551,552,556,615,629
E9Q296	685	159,198
Q3TAW3	673	159,198
Q8C178	697	159,198
D3YUR4	176	68,69,70,71,72,151,159
A0A0M3HEP3	289	21,26,32,52,56,59,267
Q3TS38	493	11,12,13,14,15,16,36,41,89,90,91,92,93,130,131,161,162,163,164,165,220,221,222,223,224,260,267,268,269,270,271,272,273,276,277,278,279,338,339,346,442
A0A0G2JG94	505	277
B2RQ20	527	299
Q3U436	630	397
Q8CFK4	608	375
E9PUP9	1017	661,662,663,664,665,666,667,668,669,687
E9PUQ0	1040	684,685,686,687,688,689,690,691,692,710
E9PUQ2	1006	684,685,686,687,688,689,690,691,692,710
E9PUQ4	894	572,573,574,575,576,577,578,579,580,598
Q6PFV6	819	523
Q545E8	260	28,29,30,31,32,33,34,35,36,53,86,97,128,133,188,189,190,191,192,197,240,241,242
G3X9D2	1203	259,351,398,402,408,455,458
Q546G4	608	27,30,37,91,264,268,271,273,276,279
Q149A0	568	34
Q0VAZ2	311	126,274,278
A0A0G2JER4	228	126
D3Z181	171	126
A0A0G2JE26	517	52,54,118
Q3TCL6	487	52,54,118
Q8CAH8	762	459,460,461,462,463,464,465,466,467,482,486
E9QPH0	733	453
G3UVV7	309	84
Q66JY4	525	84
H7BX59	441	215
A0A0R4J0B3	1051	46
Q6PB82	1057	46
Q8BVT9	556	178
A0A0J9YUC4	1022	105,106,107,108,109,110,111,112
E9PWM9	1038	121,122,123,124,125,126,127,128
D3YWH2	124	49,51,53,70
D3Z1N8	82	50,52,54
S4R2K6	77	50,52,54
D3Z1K6	181	126
D3Z477	175	126
A0A0R4J1T3	561	54
E9Q364	109	54
Q3V0H1	791	370,374,380
D3YYR5	339	67,68,69,266,267,268,286
D3Z5U5	366	67,68,69,186,293,294,295,313
Q9Z256	361	67,68,69,266,267,268,286
Q9Z257	388	67,68,69,186,293,294,295,313
A0A0G2JFG5	119	97
Q3TV45	216	194
D3Z472	143	49
E9PVB6	639	360
E9PWK7	935	621,622,623,624,625,626,627,628,629,647
Q8C8K1	996	630,631,632,633,634,635,636,637,638,656
Q3UW87	503	442
D3Z0V6	257	78,87,202,211
B2RRW2	378	128,200,201,313
Q3V1Z9	247	88,213,217
Q3UEN8	504	443
E0CY29	115	52
E0CYC4	245	52
E0CZC3	164	52
Q3UEW6	1000	590,618,619,620,621,622,623,624,625,645,693,694,695,696,697,698,699,818,819,832
H3BK03	256	53,54,117,202,203
H3BLB8	181	53,54,117
H3BL07	135	43,94,95
D3YUP8	410	355,357,368,373,379,382,395,398
E0CYE2	489	249,250,251,299,300,301,303,304,306,339,340,341,362,363,386,387,388,389,390,416,471
F7DEU6	538	298,299,300,348,349,350,352,353,355,388,389,390,411,412,435,436,437,438,439,465,520
F8WI65	508	133,207,232,262,266,298,299,300,301,302,303,319,422
H3BKT5	404	29,103,128,158,162,194,195,196,197,198,199,215,318
Q3UDY1	316	111
D3Z494	288	83
Q5M9J9	316	111
D3YUE8	132	10,11,12,13,14,15,16,17,62,89,90,91,92,116,117
D3YYH3	112	10,11,12,13,14,15,16,17,62,89,90,91,92
D3Z223	166	10,11,12,13,14,15,16,17,62,89,90,91,92,116,117
A0A0R4J202	1168	228
A0A0R4J204	1161	221
Q5D0E9	1169	228
A0A7N4FLU7	750	467
A0A0N4SUP4	945	668,669,670,671,672,673,674,675,676,694
A0A0N4SWE8	124	19,20,21,22,23,24,107
A0A0N4SVX8	77	19,20,21,22,23,24
A0A0N4SWG4	766	288,289,290,291,292,328,329,436,487
A0A5F8MPG4	861	383,384,385,386,387,423,424,531,582
E9Q7V6	622	219,220,221,222,223,259,260,367,418
Q5D0E7	631	228,229,230,231,232,268,269,376,427
Q8CDV2	603	200,201,202,203,204,240,241,348,399
Q9D5W0	617	191,192,193,194,195,231,232,339,390
Q504N4	236	45,46,47,48,49,50,51,52,53,70,100,111,142,147,202,203,204,205,206,211
A0A0N4SUV4	321	250
A0A0N4SV88	437	366
A0A0U1RP20	110	56,59,63
A0A0U1RQA0	121	56,59,63
A0A0U1RQA5	83	56,59,63
Q3UPI8	621	56,59,63,301,333,398,401,402
Q3UY68	374	54
A0A0N4SVF5	415	111,143,208,211,212
A0A0N4SUR1	175	30
Q3USH7	224	30
A0A0N4SUP8	203	59,137
A0A0N4SV48	189	42,120
E9Q6H6	642	17,39,79,80,368,373,519,642
E9QA93	617	17,39,79,80,368,373,551,617
A0A0N4SW45	434	17,39,79,80,368,373
Q53YY3	386	202,348,352
D3YWZ5	192	58,65
E9PW98	63	51,58
E9PXG1	557	51,58,294,326,391,394,395
G5E8Z4	614	51,58,294,326,391,394,395
Q8VCS9	628	65,72,308,340,405,408,409
F6SJH4	130	57,89
Q9D8Q7	176	135,137,141,157,158
E9Q6C2	694	66,74,119,121,137,140,155,159,232,242,281
A0A1W2P7F1	694	66,74,119,121,137,138,140,155,159,232,242,281
Q3UCJ0	597	421,502
A0A0N4SUX5	391	115,124,202,250,275,327,328,329,330,351
Q545V3	434	158,167,245,293,318,370,371,372,373,394
Q3U4W8	835	199,202,209,219,221,222,223,224,232,259,261,264
E9QN31	794	377,378,379,380,381,382,383,401,428,445
A0A0A0MQF6	359	37,38,59,104,146,175,176,177,206,235,236,258,340
D2KHZ9	333	11,12,33,78,120,149,150,151,180,209,210,232,314
B2RWB7	269	10,11,12,13,14,15,16,17,61,89,90,91,92
Q2NKI4	646	186,187,193,195,245,246,247,248,251,252,254,329
Q3UN66	697	186,187,193,195,245,246,247,248,251,252,254,357,358,359,360,361,362,363,364,365,380
A0A140LIH2	189	91
S4R1E6	216	91
A0A140LIP1	146	26,45,94,95,96,143,144
D6RI32	588	100
E9Q6J9	605	100
A0A0J9YKD4	312	59,60,61,62,63,122,167,223,224,225,226,227,251,252,253,254,255,256
A2RTA0	381	128,129,130,131,132,191,236,292,293,294,295,296,320,321,322,323,324,325
D3Z7E5	486	149
Q6PE80	879	552,661,662,675
G3X8Q9	500	445
Q9WUD0	491	436
Q91X75	494	439
D3Z7F6	495	440
D3Z3N2	229	191
F8WHG5	438	191
Q3TY95	481	191
A0A0U1RQ74	289	125
D3YXM8	942	104,105,106,107,108,109,110,111,112,125
A0A140LHL5	351	48,49,50,51,52,58,59,60,130,131,132,133,158,163,184,187,225,226,249,250,251,287
A0A140LJF0	641	23,24,25,26,27,28,29,30,31,46
D3YYI3	103	17,20,64,67,92,97
A0A0N4SVE0	221	9,39,40,41,42,66,123,124,125,126,127,128,129,130,131,132,133,134
A0A1L1SVE2	669	518,522
A0A1B0GRD8	202	164
Q3UK52	447	238,260,268,275,280,320,339,369
A0A1B0GSX0	361	56,57,58,59,60,61,81,142,165,166,167
Q564E2	332	27,28,29,30,31,32,52,113,136,137,138
A0A1B0GSR9	315	96,119,120,121
A0A1B0GRE9	274	27,28,29,30,31,32,52,113,136,137,138
Q548Z6	332	27,28,29,30,31,32,52,113,136,137,138
B2RQX9	791	200,202,203,207,471,503,568,571
D3YX90	1095	200,233,335,387,391,397,445
A0A0A6YWF9	839	544,545,546,547,548,549,550,551,552,572
A0A0A6YWL7	864	544,545,546,547,548,549,550,551,552,572
A0A0U1RPM2	820	565,566,567,568,569,570,571,572,573,588
G5E884	544	298
A0A1B0GRJ9	945	661,662,663,664,665,701,702,813,864
F7D3W5	961	677,678,679,680,681,717,718,829,880
Q5PR72	935	651,652,653,654,655,691,692,803,854
K7N6K2	485	96,99,118,124
A0A1B0GRJ1	292	239
D3YTX0	290	237
Q32MW1	501	448
A0A140LIF0	222	60,90,93,142,178,181
Q3TYT1	337	60,90,93,142,178,181
A0A0U1RNM9	196	82
Q3TPZ2	603	82
A2RTH5	332	71,96,169,170,196
D3Z3G6	380	73
A0A0U1RPH8	161	74,75,76,77,78,79,80,81
A0A0U1RPC7	76	53
D6RG71	90	53
D6RGU6	87	53
D3Z5M8	709	375,376,377,378,379,380,381,405,453,454,455,459,518,532
E9PVU6	820	486,487,488,489,490,491,492,516,564,565,566,570,629,643
E9PX60	695	370,371,372,373,374,375,376,400,448,449,450,454,513,527
E9PX67	813	488,489,490,491,492,493,494,518,566,567,568,572,631,645
E9PX88	698	373,374,375,376,377,378,379,403,451,452,453,457,516,530
E9PX90	705	371,372,373,374,375,376,377,401,449,450,451,455,514,528
E9PXV8	724	399,400,401,402,403,404,405,429,477,478,479,483,542,556
E9Q5C2	723	389,390,391,392,393,394,395,419,467,468,469,473,532,546
E9Q5C3	696	371,372,373,374,375,376,377,401,449,450,451,455,514,528
E9Q708	731	397,398,399,400,401,402,403,427,475,476,477,481,540,554
E9Q7C7	726	392,393,394,395,396,397,398,422,470,471,472,476,535,549
E9Q7E8	822	488,489,490,491,492,493,494,518,566,567,568,572,631,645
E9Q7T0	819	485,486,487,488,489,490,491,515,563,564,565,569,628,642
E9QK53	840	506,507,508,509,510,511,512,536,584,585,586,590,649,663
E9Q700	609	305
E9Q7E6	608	304
Q3KP73	568	224,234,242,243,250,258,260,261,263,282,286,292,300,394,453,506
Q3KP74	415	224,234,242,243,250,258,260,261,263,282,286,292,300,394
F6YWH6	581	26,30,36
A0A1B0GRH2	712	315,347,348,349,350,351,352,353,391
A0A1B0GRT6	719	322,354,355,356,357,358,359,360,398
E9Q359	744	328,332,338
Q3U1J7	826	329,333,339
Q3U7G2	825	328,332,338
A0A1B0GSV7	434	378
Q0PGA1	333	277
A0A0A0MQC3	141	34,74,138
Q4FJK3	257	4,5,6,7,8,14,15,16,86,87,88,89,114,117,138,141,178,179,202,203,204
A0A1B0GRY5	309	4,5,6,7,8,14,15,16,86,87,88,89,114,117,138,141,178,179
A0A1B0GRF7	189	114,117,138,141
D3YTK6	258	191,194,215,218
G3UWV4	697	49
G3UZ00	92	49
Q3UTB3	403	236,241,281
A0A140LJ46	629	496,497,498,499,500,501,502,503
J3QMM7	327	133,186,187,188,189,190,191,192,226,227,228,229,230,245,246,247,248,249,250,251,252,253,254,255
J3QN06	272	133,186,187,188,189,190,191,192
K3W4M4	365	171,224,225,226,227,228,229,230,264,265,266,267,268,283,284,285,286,287,288,289,290,291,292,293
Q3ULE3	185	119,121,132,137,143,146,159,162
G3X905	564	219
F8WGD4	509	33
D3YXV1	316	259
A0A140LHU0	863	347,351,357
A0A140LJC9	159	127,131,137
Q8CIM9	820	482,483,484,485,486,487,488,512,560,561,562,566,625,639
G3UYZ2	424	111,112,174,175,176,177,178,179,180
G3V027	498	275,276,338,339,340,341,342,343,344
I6L9A6	467	275,276,338,339,340,341,342,343,344
G3UYB7	260	234,235
A0A0R4J160	760	355,359,365
B2RSR0	525	467
A2RSS6	346	234,235,236,237,257,258,259,260
G3X9B5	763	338,342,348
G5E811	480	251,252,253,254,255,256
B2RXQ4	1178	33
B2RXX0	1275	33
B7ZWK0	1231	33
G3X9F5	1013	240,244,250
A0A286YD02	646	349,350,351,352,353,389,390,507,558
A0A6I8MX13	711	452,488,489
A0A0R4J0R7	1100	824,825,826,827,828,829,830,831,832,851
Q3U5U6	289	18,25,134,183
D6RH37	796	660
F6RP29	258	34,35,142
Q05C51	254	34,35,142
D3Z630	662	387
Q3UG07	662	102,134,168,178,180,185,186,190,193,202,204,206,208,209,211,478,480,523,573,620,622
A0A1D5RLM0	687	389,390,391,392,393,394,395,396
E9PWU7	778	480,481,482,483,484,485,486,487
Q545V8	350	69
Q8BN51	270	62,63,64,65,66,67,68,69,70,197,198,199,200,201
Q148S3	403	261,264,276,279
E9Q321	526	172,237,308
Q05AC0	566	172,237,308,514
A0A1D5RLN1	129	68
A0A1D5RM75	140	68
D3Z1K4	233	80,83,137,140
A0A1D5RLR0	168	129
Q3U9V5	472	97,129,163,173,175,180,181,183,185,188,195,197,199,201,203,204,206,223,227,233,241,292,294,336,338,384,386,433,435
Q3TCW6	403	26,58,92,102,104,109,110,117,128,130,132,135,152,156,162,170,223,269,317,364,366
Q8BJC0	339	96,128,162,172,174,179,180,187,198,200,202,205,222,226,232,240
G5E8A9	463	89,155,165,167,172,173,180,189,193,195,215,219,225,233,282,284,326,328,377,424,426
A1L3D0	476	92,124,158,168,170,175,176,183,194,196,198,199,201,218,222,228,236,296,340,342,390,437,439
D3Z6I1	525	105,135,169,179,187,188,195,204,206,208,210,213,231,235,241,249,301,303,347,394,441,443
Q6P572	571	258,259,260,261,283,284,345,346,347,348,349,350,351
E9QJS1	1207	923,924,925,926,927,928,929,930,931,950
B2RTL2	844	419,420,421,422,423,459,460,577,628
F8VQ15	905	237,320,327,378,382,388,439,442
G3UX84	74	38
G3UYC5	442	38
Q3KNZ2	532	179,239,310,526
A0A1L1SRG5	130	104,106,111
Q52L78	175	104,106,111
F8VPT7	931	26,27,28,29,30,31,32,33,34,49
H3BJC9	927	26,27,28,29,30,31,32,33,34,49
H3BKG1	929	26,27,28,29,30,31,32,33,34,49
A0A5F8MPB9	604	60,61,62,63,278
A0A1L1SUD6	436	370
Q3ZAT3	503	437
Q3V100	423	110,112,137,276
B6VGH4	513	456
Q05A20	524	461
A0A1L1SRP4	563	112,113,114,115,116,117,118,119
Q497J6	316	88,240,244
Q3TMJ8	393	97
Q6P8N8	620	106,109,128,131
A0A6Q6QXN1	637	224,225,226,227,228,229,230,231
A0A0U1RNW0	422	73
A0A0U1RP94	461	73
A0A0U1RPD7	390	73
A0A0U1RPM8	424	73
A0A140LHR2	114	73
Q6P2B2	430	73
E9JGN0	490	56
E9PYF2	513	384,388,394
Q3TYU0	425	124,129
A0A1L1SUF0	269	161,162,163,164,165,166,167,168
Q3UZZ3	539	34
E9PVU0	1266	151,152,153,154,155,156,157,158
E9Q175	1253	151,152,153,154,155,156,157,158
Q8BWW3	501	64,276,278,280,370,371,372,455,456,457,458,459,464
Q3TQP6	552	135,225,226,249,388,433
G3UY26	89	29
Q8R1G5	146	4,88,89,90,91,92,93,94,95,96
D6RI90	506	372,376,382
A0A0R4J050	408	80,113,148,175,373
A0A1L1SRC1	343	80,113,148,175,308
A0A1L1SRW7	336	80,103,301
A0A1L1SS90	373	78,113,140,338
A0A087WPX1	219	80,113,148,175
A2RSW6	403	232
Q3UAT9	514	274,275,276,324,325,326,328,329,331,364,365,366,387,388,411,412,413,414,415,441,496
A0A0A6YX73	380	206,215,314,323
Q8K1M3	402	206,215,336,345
A0A0G2JES7	146	99,100,101,102,103,104,105,106
Q14BL9	573	93,94,95,96,97,98,99,100
Q3V3Y6	802	93,94,95,96,97,98,99,100
Q8C0X6	810	93,94,95,96,97,98,99,100
B2RSR7	351	12,13,14,15,16,17,43,99,122,155,271,272,298,300
Q543C0	592	275,276,277,278,279,280,281,282,283,302
G5DDB7	782	56,57,58,59,60,61,62,63,64,65,66,67,68,69,70,71,72,73,74,75,76,77,78,79,80,81,82,83,338,367,369,416,464,466,548,575,677,679,703,732,733,734
D6RFV0	113	46
A0A0R4J0N7	500	108,285,380,439
D3YVW4	54	45
D3YXV4	90	45
D3Z1F6	411	45
D3Z3V0	220	45
A0A1L1SUV4	291	109,110,111,112,113,114,115,116
A0A0R4J071	670	377,379,429,434
A0A803YV45	635	65,66,70,294,326,445,449
F7AVF9	84	65,66,70
E9Q0H0	555	22,23,27,214,246,365,369
F6WK13	240	196,228
Q8C8Q4	844	330,711
S4R182	431	330
A2AC19	413	182,184,187,195,196,223,227,229,233,255,256,257,324,325,327,366,401,402,403,408
Q3TM24	461	159
Q543G3	496	194
E9Q0P8	419	371
A1L359	638	51,53,54,58,318,350,415,418,419
A2AD84	392	53
A2AD85	416	53
B1AW21	572	313,314,375,376,377,378,379,380,381
I7HJQ9	671	355,356,357,358,380,381,442,443,444,445,446,447,448
A2ALM3	227	49
Q3TYC1	343	49
A2ALM6	635	67,69,70,74,316,348,413,416,417
E9Q151	625	67,69,70,74,316,403,406,407
Q0VAW8	565	107
B1AUW1	147	92
B1AUW6	750	240
B1AUW8	631	239
B1AUW9	683	239
Q540G0	710	239
Q8BR10	711	240
B1AVU1	237	75
A2CEE5	760	78,79,80,81,82,83,84,85,86,104,431,432,433,434,435,436,437,438,439,454
A2CEE6	737	99,100,101,102,103,104,105,106,107,125,452,453,454,455,456,457,458,459,460,475
A2CEE7	781	99,100,101,102,103,104,105,106,107,125,452,453,454,455,456,457,458,459,460,475
B1B0X3	160	195,196,197,198,199,200,201,202,203,221,548,549,550,551,552,553,554,555,556,571
E9PUP0	776	99,100,101,102,103,104,105,106,107,125,452,453,454,455,456,457,458,459,460,475
A2CEE8	163	125
B2GVN8	162	130
S4R2E5	458	312,362,412
A3KGC5	366	333
A2AFM3	516	8,47,196,198,302,303
A2AFM4	523	8,47,203,205,309,310
A2AFM5	246	8,47,196,198
A2AFM9	448	235,236,237,238,239,240,241,242,285
B1AXN9	712	46,47,48,49,50,51,52,53,54,72,400,401,402,403,404,405,406,407,408,423
B1AXN5	172	79
B1AXN8	135	72
B1AXP0	211	71
A0A0G2JF79	923	43
A0A0G2JFE2	862	43
A0A0G2JGW6	960	43
B1AUL5	651	421
B1AUL6	655	425
A2AIH8	253	56,58,101,103
Q3UTL8	452	236,237,238,239,240,241
