UniProtID	Seqlen	binding
A0A0G2JW29	746	727
Q8R5M5	336	6,8,47,174,291
A0A0G2K7W4	1348	54
G3V9T7	348	45,46,47,48,49,50,51,52,251,278,289,292
P10361	391	174,177,236,240
D3ZUY8	977	11,12,43,53,57,58,59,60,61
Q62885	240	131
F1LP57	372	103
B1WC86	394	74,116,154,247,301,303
P15429	434	158,167,245,293,318,370,371,372,373,394
F1LPV8	431	59,92,93,94,139,236,250,301,358,359,360
Q7TS56	236	11,12,13,14,34,35,83,84,85,134,147,151,180,181,182
Q63060	524	20,21,22,24,94,95,148,252,265,266,287,332,433,437,501
P32198	773	555,556,557,558,559,560,561,562,563,564,565,566,567,589,602
D3ZUY5	1302	1145
Q63570	418	206,207,208,209,210,211,212,213
Q5U209	301	34,35,142
Q63632	1085	131,132,216,429,432,433,434,435,589,697,699,707,708,730,794,795,797
Q5PQT0	1385	1095
A0A0G2K920	766	485
P63059	492	53,56,70,73,91,97,107,110,228,277
Q62918	816	443,444,446,462,463,466,558,559,561,577,578,581,605,606,608,624,625,628
D4A4X5	343	133,288,292
Q8VHK7	237	19,21,72,75,79,80
P82458	667	119,122,134,137,142,145,150,159,175,178,198,204
Q02293	437	248,249,250,251,291,292,293,294,297,299,300,301,302,303,362
P55051	132	127,128,129
Q6IMA7	247	39,40,41,42,43,44,45,46,86,87,88,89,90,91,92,93,151,152,153,154
Q6AXX9	388	92,126,133
M0R9L3	593	287,289,328
A0A0G2KAI3	492	435
Q5I0I5	267	122,123,124,166,204,206,207,208,209,210,211,212
A0A0G2K7M1	333	33,78,120,314
Q9JK66	465	238,241,253,257,260,263,289,293,332,337,352,360,365,368,373,377,418,421,436,441,446,449,457,461
F1LQY6	389	76,78,80,82,87,110,112,114,116,121
D3ZJP6	2060	104,113,160,161,162,163,164,165,215
Q4V793	616	17,18,19,20,21,22,23,24,25,40
Q5M936	395	165,166,167,168,169,170,171,172
F1M0F9	490	435
D3ZLC7	861	562,563,564,565,566,602,603,723,776
P29348	354	40,41,42,43,44,45,46,47,175,176,177,178,179,180,181,200,201,202,203,204,269,270,271,272,326
P11730	527	20,21,22,23,24,25,26,27,28,43
F1LZB6	1454	54
P00731	419	179,180,181,182,237,254,255,306,307,308,358
Q5XIC1	420	85,247
D4AE59	436	55,56,57,58,59,60,61,62,63,78
P41562	414	75,76,77,82,94,95,96,97,98,99,100,109,132,212,252,260,275,279,310,311,312,313,314,315,328
Q2TGJ4	337	131,134,144,145,148,151,158,165
Q62976	1209	440,463,465,986,989,992,994
P14659	633	13,14,15,16,72,205,206,207,271,272,273,274,275,276,277,278,342,343,344,345
Q62763	448	49,50,51,52,53,54,55,56,57,72
P14423	146	48,50,52,69
Q6AYZ1	449	11,71,140,144,145,179,206,228
P15129	511	315,453
P83888	451	142,143,144,145,146,147,148
P20595	619	105
P04642	332	29,30,31,32,33,34,35,36,37,38,39,40,41,42,43,44,45,46,47,48,49,50,51,52,53,54,55,56,57,99,106,138,169,248
Q9EQH5	445	106,186,187,188,189,190,191,210,243,244,245,246,247,248,249,270,271,272,296,321,322,323,324
Q5RKI3	573	384,415,416,417,418,424,425,426,427,488,511
Q05096	1136	108,109,110,111,112,113,114,115
Q6J1I7	237	98,101,113,117
P20781	496	247,248,249,250,251,252,253
P05197	858	26,27,28,29,30,31,32,33,158,159,160,161,216,217,218
D3ZPY8	323	117
Q4V7A9	468	277,282,313
Q6AYP4	525	382,385,397,401,491,494,506,510
Q924U5	570	64,65,66,67,68,69,70,71,72,87
Q9ER33	670	528,531,544,545
P08909	460	140,210
Q6AY55	240	8,9,10,11,12,13,14,15
P10759	747	303,305,374,375,376,377,378,379,572,575,649,650,651,652,653
P25427	241	173,209
P50573	464	108,172,200
P07308	358	74,119,124,147,154,155,156,159,160,187,188,261,268,297,300,301
Q5XIH9	371	163,258,339
O70276	533	180,241,313,527
Q64716	1300	985,986,987,988,989,990,991,992,993,1013
P84076	193	73,75,77,79,84,109,111,113,115,120,157,159,161,163,168
Q8VD89	152	35,38,69,70,71,72,73,94,113
O88484	530	142,143,413,509
Q6AYJ1	621	113,114,115,116,117,118,119,120,453,471,475,478
P02692	127	31,39,54,55,56,122
Q5XIH4	373	105,110,116,136,140,143,351
Q6PDU5	130	127
D4A7K4	461	215,315,316,317
D3ZM20	1689	39,40,41,42,43,44,45,46
Q4KSH7	419	126,127,128,129,130,131,132,133,134,149
Q04462	1264	865
P32821	246	76,78,86
Q9JHE5	504	82,384
A0A0G2K134	662	432
D4A648	487	60
Q811S9	538	176,177,178,179,256,257,258,259,260,261,262,263,300,301,302,303
P30349	611	135,136,137,267,268,269,270,271,272,296,300,319,564,565,566
P08289	524	60,110,173,235,290,291,306,332,337,341,378,379,454
Q9ET32	348	116,117,118,121,206,207,208,228,240,298,321
P63074	217	56,57,102,103,157,158,159,160,161,162,205,206,207
Q9ERC1	1912	497,498,499,500,501,502,503,504
D3ZUA0	338	89,90,91,92,93,136,137,138,205,206,207,238,314,315,316,317,318
Q91ZN7	476	15,16,17,18,19,20,21,22,23,38
Q68FX1	423	110,112,137,276
Q5EB96	366	32,33,34,35,36,37,38,39,66,92,171,172,173,174,175,176,177,178,179,229,244
D3ZAI6	546	100,102,387
D3ZV60	2439	128,129,130,131,132,133,134,135
P84025	425	64,109,121,126
Q63116	978	570,598,599,600,601,602,603,604,605,625,673,674,675,676,677,678,679,797,798,811
Q9EPH0	744	398
F1LV46	405	347
P63079	473	122,180,181,182,227
D4ADM6	529	60,171,173,329,334,338,375,376,450
Q5U311	907	281,283,318,604,605,606,607,608,609,610,611
Q5XIM7	626	306,330,352,353,354,360,361,368,370,523,524,526,530,579,580,581,582
Q99PD2	209	86,89,101,105
M0RD40	1311	95
D3ZQ07	511	105,135,169,179,187,188,195,204,206,208,210,213,231,235,241,249,301,347,394,441,443
Q8R491	535	65,66,67,68,69,70,71,72,220,258,489,491,493,495,500
E9PT20	1143	290
Q91VC0	170	38,47,48,49,50,51,63,66,73,95,98,102
D3ZFU9	1961	1527
D3ZTD6	514	33
P56536	239	87,89,90,91,92,93,94,99
P57756	319	255,257,261
D3Z9M1	553	42,70,93,144
P23928	175	83,104,106,111,119
P00185	524	228,461
P09117	363	56,147
Q91XS8	371	39,40,41,42,43,44,45,46,47,62
Q9R1V3	465	65,110,122,127
Q9QYG8	261	27,28,29,30,31,32,33,34,35,84,112,117,166,176,184,213
P62138	330	64,66,92,124,173,248
O89040	1183	328,357,359,408
Q64303	524	255,256,257,258,259,260,261,262,263,278
Q6P9U1	308	56,86,138,143,150,155,157,188,192,273
P13286	388	26,27,28,29,30,31,32,33,34,49
Q4KM86	149	7,8,9,10
P70580	195	113
Q562C9	179	88,90,94,133
P49620	788	185,187,189,196,230,232,234,241
P04466	169	38,40,42,49
Q4V8K1	470	27,28,29,30,49,50,67,81,82,83,84,85,106,139,140,148,171,217,269,290,304,307,366,383,397
D4A7X9	1098	110,111,112,113,114,115,116,117
Q9JKA7	1198	559,562,564,566,659,660,662,669,670,673,710
P85107	850	713
D4AAK5	786	51
E9PSJ3	1231	88,89,90,91,92,93,94,95
O88618	541	163,164,165,166,167,168,169,170,171,172
G3V6B9	926	827,859,860,861,862,863,864,865,903
D3ZSY4	715	475
P24473	226	16,17,18,53,183,200,201
Q6SKG1	580	229,230,231,232,233,234,235,236,237,368,369,370,371,372,373,455,470,566
D3ZHR2	737	508,509,510,511,512,513,514,515
Q68FS4	519	202,203,282,287,292,294,303,305,364,366
P31424	1203	64,151,172,173,174,222,304,395
P51796	816	238,525,628,666,687,688,689,794,795,796,797
Q6Q7Y5	377	58,59,60,61,62,63,173,197,198,199,200,203,291,292,293,294,349
F1M8J6	796	348,352,358
D3ZSY9	615	33
D3ZG85	934	43
P61928	97	19,22,34,37
D3ZDI6	445	360,363,368
D3ZVR1	283	124,129,146,174,175,190
P62824	227	37,38,39,40,41,42,43,44,45,56,57,58,59,60,61,62,85,86,87,88,89,143,144,145,146,173,174,175
E5RQ38	1068	648,650,656,733
Q5RK24	194	17,18,19,20,21,22,23,141,170,171,180
P0C0K7	1013	668,669,670,671,672,673,674,675,676
O35543	199	8,14,39,49,50,51,63,64
P43427	502	31,166,287,295,296,297,386,418,419
Q9Z286	1608	47,48,49,50,51,52,95,99,144,167,176,337,406,412,413,414,415,416
P00762	246	75,77,80,85
O70594	557	218,219,220,221,222,223,224,225
Q63475	1004	902,934,935,936,937,938,939,940,979
Q8CGU4	1186	407,408,409,410,411,412,413,414,451,452,453,454,455,509,510,511,512
A0A0G2K776	500	96,102,277,372,431
P47860	788	34,97,98,127,128,129,130,173,174,175,210,217,218,219,273,301,307,308,309,310,481,538,539,540,541,542,576,583,584,585,639,665,671,672,673,674,744
Q5XIV2	790	641,644,659,661,669,672,693,696
O54880	302	95,98,112,115,120,123,138,141
M0R637	267	78,101,102,134,135,154,232,233,234
P26433	831	135,138,139,395,494,495,497
Q9QZ76	154	65,94
Q6AXM7	679	262,263,264,265,266,267,268,269,401,402,403,404,440,441,442
G3V9Q4	465	252
P04166	146	55,79
G3V8H4	497	199,201,210,264
P0C595	215	145,146,147,148,149,150,151,152
P27139	260	94,96,119,198,199
Q5XI50	692	553,556,571,573,581,584,605,608
Q6EV70	395	50,51,52,53,245,246,247,347,364,365
G3V926	745	44
Q3MHT4	866	205,216,218,393,415,433,550
Q6RI86	1125	415,422,622,642,666,712,791,794,808,811,1048,1049,1050,1051,1052,1053,1054
A0A0G2KAP6	601	200
Q8R424	424	335,337,348,350,390,396,398
Q9EPY0	536	3,10,73
B3DMA2	779	503,504,505,506,507,508,509,510,511,512,513,537,538,539,628,629,630,631,656,726,727,728,729,730,754,755,756,757
B2GV72	277	10,11,12,13,14,15,16,17,18,19,20,21,22,23,24,25,26,27,28,29,30,31,32,33,34,38,39,40,41,42,63,64,90,140,194,195,196,197,198
P49653	472	69,71,184,284,288,290,308
G3V9Q9	321	95,96,97,98,99,100,187,188,189,209,210,211,212
P24528	209	5,24,29,89,99,118,119,127,132,155
D3ZNQ3	311	85,86,87,88,89,90,176,177,178,198,199,200,201
P50115	89	17,27,33,59,61,63,70,83
P07895	222	50,98,183,187
Q8R2H2	787	146,148,151,152,183,240,242,244,245,276
P13233	420	252,331
Q9R141	553	218,219,220,221,222,223,224,225
Q6IRK9	472	290,302,337,364,434
Q6P7B7	404	343,346,359,362,367,370,395,398
D4ADZ5	558	213,214,215,216,217,218,219,220,221,236,338,374
Q62720	507	43,47,250,254
Q6QIX3	388	108,112,238,242
Q9JHB5	290	129,197
D3ZXD9	482	99,165,175,177,182,183,190,199,201,203,205,208,225,229,235,243,302,347,349,396,443
P25114	469	46,47,48,49,50,51,52,53,54,79,103,131,137,168,169,170,171,172,173,194,198,256,263,269,306,337,348,349,350,351,355,366,392,393,394,395,396,428
Q6V9Y2	365	41
P30120	217	24
P30919	345	233,234,235,236,256,257,258,259
Q8K4D6	507	452
Q07523	353	77,78,79,106,128,130,156,165,224,251,279,280,281,282,283,302,303
Q6AXQ2	162	140,142,144,146,151
P42123	334	30,31,32,33,34,35,36,37,38,39,40,41,42,43,44,45,46,47,48,49,50,51,52,53,54,55,56,57,58,100,107,139,170,249
D3Z8I9	964	132,133,134,135,136,137,138,139
D3Z9Z1	539	392,394
Q5PPH0	261	16,18,150,151,184,209
P10824	354	43,44,45,46,47,48,150,151,175,176,177,178,181,200,201,202,203,204,269,270,271,272,326
E9PSJ0	502	448
A0A0G2K1Q8	1704	566,567,568,569,570,571,572,573,1416,1417,1418,1419,1420,1421,1422,1423
P11517	147	64,93
Q64542	1203	785,789
Q5U1X1	237	47,49,147,199
G3V7W1	191	36,38,40,42,47,103,105,107,109,114,169,171,173,175
Q9Z288	436	76,82,86,113,116,125,152,154
Q6AYD9	357	112,116
Q6AXW1	157	61,67,102,114,146
A0A0G2JX27	496	238,242,318
P11345	648	139,152,155,165,168,173,176,184,355,356,357,358,359,360,361,362,363,375
P07896	722	100
Q9WTY2	341	122,123,124,125,126,127,128,129,230,231,232,233,261,262
Q6AYT9	578	229,230,231,232,233,234,235,236,237,367,368,369,370,371,372,454,469,565
A0A0G2K502	591	172,262,263,286,428,473
Q6P9X4	167	102,103,104,105,106,107
Q02353	882	614,615,616,617,618,712,817,833,834,835,836,837
Q91Z63	351	122,125,145,151
A2VD16	323	117
P62332	175	23,24,25,26,27,28,41,42,43,44,63,64,65,66,67,122,123,124,125,155,156
F1M7Y5	596	260,261,262,263,264,265,266,267,268,283
Q99PS2	506	38
D3ZYM4	1372	1060,1061,1062,1063,1064,1065,1066,1067,1068,1086,1133,1134,1135,1136,1184
M0R967	251	226
Q9Z2M4	292	35,36,37,38,39,40,60,61,62,63,64,86,88,118,126,127,128,182,208,209,210,211,212,213,214,219
F1LSG7	841	507,508,509,510,511,512,513,537,585,586,587,591,650,664
P18418	416	26,62,64,109,111,128,135,317,328
Q29YR5	340	67,68,69,70,71,72,95,100,144,152,207,241,242,243,244,245,246,271,272,273
P23606	824	507,509,556,561
D3ZRZ2	409	86,152,162,164,170,177,186,188,190,192,195,212,216,222,230,279,281,323,325,374,421,423
P19112	363	18,19,20,21,22,28,29,30,31,32,69,98,113,114,119,121,122,123,124,125,141,213,214,215,216,244,245,246,247,248,249,265,275,276,277,281
Q10743	749	173,384,388,394
Q5U1Y1	259	59,60,61,62,63,64,65,66,107,108,109,110,111,166,167,168,169
P22791	508	80,204,258,380
P11507	1043	304,305,307,309,351,353,442,489,514,559,624,625,626,677,683,702,705,767,770,795,798,799,907
Q63942	219	29,30,31,32,33,34,35,36,37,48,49,50,51,52,53,54,77,78,79,80,81,135,136,137,138,165,166,167
F7EN76	277	20,21,22,23,24,25,26,27,28,43
Q5XIM4	200	59,93
P59895	313	51,52,53,54,55,56,57,58,59,74
P30904	115	33,65,98
D3ZZH6	1379	716
Q5XIK7	488	246,247,248,249,250,251,252,253
M0RD88	501	56
D4A976	995	104,105,106,107,108,109,110,111
Q9JIP0	723	535
P32232	561	49,62,146,253,254,255,256,257,346
B0BNN3	261	95,97,120,200,201
P35365	370	134
P18088	593	189,190,191,566
P22734	264	85,107,115,133,134,160,161,162,163,184,187,212,213
P0DP29	149	21,23,25,27,32,57,59,61,63,68,94,96,98,100,105,130,132,134,136,141
D3ZVU1	496	111,115,130,464,467,479,483
A0A0G2JV51	1024	287,288,289,290,291,292,293,294,295,296,436,595,596,597,602,603,604,605,606,607,608,691
B2RZ55	402	108,109,110,111,112,113,114,115,116,117,118,119,120,121,122,123,124,125,126,127,168,169,170,171,196,199,226,229,269,270,271,298,299,300,316
D4A8G1	790	93,94,95,96,97,98,99,100
Q9QY44	741	512,513,514,515,516,517,518,519
F1M649	1023	169,170,171,172,173,174,175,176
P14056	604	99,112,115,125,128,133,136,144,314,315,316,317,318,319,320,321,322,334
A0A0G2JTQ9	503	450
Q9ES38	690	292,293,294,295,296,297,298,299,300,301,302,303
D4ACM1	547	118,128,131
Q6P768	395	132,133,134,135,136,171,172,173,198,199,228,260,262,263,264,265,293,294,295,305
P70583	205	126,127,128,140,141,142,143,151,199,200
P52847	299	48,49,50,51,52,53,107,108,109,131,139,194,228,229,230,231,232,233,258,259,260
D4A7T1	334	102,103,104,107,192,193,194,214,226,284,307
F1LX86	589	375,377,603
P14604	290	98,99,100,101,141
Q9QZU7	387	38,40,43,82,202,204,347
A0A0G2JTK1	1366	63
B2DD29	778	40,41,42,43,44,45,46,47,48,63
Q498T3	421	366,368,379,384,390,393,406,409
F1LZP5	709	401,403,450,455
Q6AYU4	415	305,307,366,375
Q6Q0N1	475	99,132,166,167,195,228,330,343,417,445
D4A820	499	439
Q1KZI0	227	55,211
P20070	301	92,93,94,109,111,114,126,127,128,185
Q5BJS7	553	163,169,225,227,233
Q4V7D9	456	28,30,93,134,236,277,279
Q3MIF2	703	90,93,110,114
Q66HG7	589	247,248,249,250,251,252,253,254
Q63530	349	26,28,169,201,230,298
P50475	968	77,95,176,214,215,216,239,243,605,609,723,727
Q5FVQ8	973	164,165,166,167,168,169,170,171
Q920H8	1157	70,73,126,128,134,152,153,186,188,265,304,347,352,416,425,428,616,655,698,703,708,768,777,999,1002,1004,1044,1045,1046,1050,1055
P06214	330	122,124,131,132,209,221,223,279,318
Q5M843	315	226,228,284,294
M0R629	457	42,43,44,45,46,47,48,68,69,70,71,72,163,177,256,271,331,332,333,334,335,336,337,363,364,365,445,446,447,448
Q63553	746	22,23,24,25,26,27,28,29,30,45
Q64610	887	171,209,230,311,315,358,359,474,764,766,768,770,772
Q66HA4	813	754,757,773,777,781,784,800,804
M0R7D0	432	136
D4ABH7	285	46,77,111,136,137,165
Q9JKA9	863	581,582,584,591,592,632
P57097	994	588,589,590,591,592,593,594,595,596,610
G3V6U9	596	75,104,105,106,254,275,276,277,278,279,325,326,327
B2RZC4	223	76,79,132,135
A0A0G2JW59	1002	589,617,618,619,620,621,622,623,624,644,692,693,694,695,696,697,698,817,818,831
E9PST6	250	224
Q9Z335	417	59,60,61,62,63,64,65,66,67,82
D4A253	439	414
Q66HH1	344	129,130,131,132,133,168,169,170,195,196,224,256,258,259,260,261,289,290,291,301
Q924S5	950	513,514,515,516,517,518,519,520
D3ZZ42	568	112,224,234,242,243,250,258,260,261,263,282,286,292,300,394,453,506
Q6AYP7	300	41,43,88,156,157,205,230
D3ZUT0	1873	462,463,464,465,466,467,468,469
O70444	326	46,47,48,49,50,51,52,53,54,69
Q6AY56	449	11,71,140,144,145,179,206,228
Q769K2	396	185,187,188,189,190,253,256,284,321,343,348
P47820	1313	237,396,400,424,535,797,835,994,998,1022,1096,1100,1133
B5DFG1	580	162,163,164,165,166,167,168,169,170,218
Q80W66	367	124,125,126,127,128,146,147,148,149,150,151,152,177,178,179,180,205,213,245,246,330,331,332,333,334
D3Z8W2	389	231,233,287
Q64620	305	53,55,81,113,163,237
Q01066	535	226,262,263,369
P15149	492	437
Q4V8B7	330	74,75,76,77,78,79,80,125,222
B3STU3	222	35,36,37,38,39,40
P18125	503	444
P52020	573	132,133,152,153,160,233,249,407,420
A0A0G2JX07	365	56
Q6F596	300	25,28,57,64,68,73,74,151,152,185,202,212
Q5RJP0	316	20,21,44,160,161,184,210,211,212,213,214,215,263,264,265,266,267,268,269,273
Q4KLG9	257	10,15,25,28,33,36,42,44,100,105,115,118,123,126,132,134
P62168	190	73,75,77,79,81,84,109,111,113,115,120,157,159,161,163,168
P23978	599	59,61,62,66,295,327,392,395,396
P51646	179	23,24,25,26,27,28,29,30,66,67,68,69,70,125,126,127,128,159
P06757	376	47,68,98,101,104,112,176,201,202,203,204,205,206,225,230,294,295,296,371
P08516	509	320,456
D3ZKD3	395	194,196,205,267,278
P26794	313	44,45,46,47,48,49,50,51,52,67,121,128
P16617	417	24,25,26,39,63,64,65,66,123,171,220,313,344,373,374,375,376
P24392	305	244,247,259,261,264,267,280,283
A0A0G2K3R1	1599	1363
O88658	1816	97,98,99,100,101,102,103,104
Q6AYF9	463	61,62,63,64,65,66,67,68,86,87,88,89,90,168,169,170,215,216,217
D4AE24	485	73,74,75,76,77,78,79,80,81,96
A0A0G2K2K1	512	192,193,194,195,196,232,233,339,390
P81795	472	51,52,53,54,55,56,190,191,192,193,225,226,227
Q02589	362	59,60,61,90,129,135,307,309,310
Q5PPL3	362	165
D4A7K7	357	83,108,112,256
O88422	930	526,555,578,579,580,685,713,716,721
Q62636	184	10,11,12,13,14,15,16,17,18,57,58,59,60,61,116,117,118,119,147,148,149
D4A6T9	752	88
P07171	261	24,26,28,30,35,111,113,115,122,155,157,159,161,166,199,201,203,205,210
Q9WVJ6	686	398,400,437,447,452,476,477,478,479,480,481,482,483,538,579,580,581,582
O55173	559	95,96,97,114,163,164,165,169,212,226
P35355	604	106,341,374
Q6AYF4	787	140,142,144,147,148,179,235,237,239,240,271,355
Q5XID1	309	235,244,247,249,271,274,282,285
Q5RJQ0	411	69,70,71,72,73,74,75,234,235,236,237,238,239,240,241,242
E9PSY0	888	594,703,704,717
Q8CFC1	465	179,181,240
P15650	430	170,171,172,173,174,175,176,177,178,179,203,204,205,227,228,282,289,290,291,292,317,328,385,386,387,388,389,412,413,414,415,416
Q9JM59	270	153,155,157,159,164,189,191,193,195,200,237,239,241,248
P85973	289	33,64,84,85,86,88,116,201,219,220,243,257
Q66HC4	241	8,10,19,99,179
P51635	325	11,12,13,14,15,16,17,18,19,20,21,22,45,162,163,211,213,215,216,263,264,265,266,269,272,273
D3ZVM4	855	265,268,288,293
Q8QZV1	534	251,252,253,254,255,291,292,401,423,451,452
A0A0G2JXT6	655	286,311,312,375,376,377,378,379,380,416,420
Q9EPV5	1249	154,155,156,157,158,159,160,161,265
Q5M7V1	407	94,97,117,123
B2GV87	699	302,334,335,336,337,338,339,340,378
O54783	394	75,76,77,78,79,80,81,104,146,147,148,149,150,151,152,244,264
Q6AY46	290	87,114,115,116,135,140,163,164,181,279
Q5U2S5	169	38,40,61,74
Q6PST4	558	74,75,76,77,78,79,80,81,118,119,120,217,218,276,277,278,279
D4A3D9	488	123
Q5XIS2	216	56,60,108,112,152
A0A0G2JXR8	601	53
O70127	1321	455,456,457,458,459,460,461,462,1113,1114,1115,1116,1117,1118,1119,1120
Q63704	772	555,556,557,558,559,560,561,562,563,564,565,566,567,589,602
P40329	660	200,201,202,211,384,388,412
P09139	414	382
Q5U2U6	208	142,145,194,197
A0A0G2K2P4	497	442
O70437	552	71,115,127,132
D3ZTJ3	1599	212,253,337,344,396,400,406,455,458
D3ZRU9	1234	421,568,569
Q568Y2	489	89,110,341
Q6V9V9	426	49
Q62645	1323	536,537,538,543,714,715,756
D3Z8L7	218	36,37,38,39,40,41,42,43,44,83,84,85,86,87,142,143,144,145,172,173,174
P04764	434	40,158,167,245,293,318,370,371,372,373,394
P17988	291	44,45,46,47,48,49,102,103,104,126,134,189,223,224,225,226,227,228,251,252,253,254,255
D3ZXM1	950	174,221,304,311,361,365,371,422,425
F1M5A4	537	295,296,297,298,299,300,301,302
Q499S5	491	84,168,170,175,176,178,180,183,196,218,222,228
P62749	193	73,75,77,79,84,109,111,113,115,120,157,159,161,163,168
B2RZ78	182	8,10,39,62,86,115,117
A0A0G2K0G3	651	157,221,286,287,288,289,290,291,292,293,381,423
F1LWF2	807	544
P51577	388	67,69,186,188,293,295,313
O08623	439	125,128,139,142,148,151,157,160
P14842	471	155,343
P05710	610	206,207
Q5RJK8	282	69,70,71,72,73,95,114
Q6P7Q4	184	34,38,100,104,123,127,157,158,173
P63039	573	75,111,112,113,114,115,440,520
F1LM03	488	433
D4A6X9	263	74,122,145
P60123	456	70,71,72,73,74,75,76,77
P0C2N5	883	98,203,204,205,206,210,257,272,273,275,319,320,321,324
B2RYM5	291	122,124,135
D3Z8G4	1054	297,385,437,441,447,494,497
A0A0G2K5G5	287	128,129,130,148,149,150,185,187,197,200,262,274,278,280
Q76EQ0	333	13,31,32,33,51,52,69,81,86,89,121,154,178,185,186,187,188,189,210,214,216,247,279,313,316
D3ZHP7	472	20,21,22,23,24,25,26,27,28,44
A0A0G2KAH6	590	131
P52944	327	258,261,278,281,284,287,305,308
Q9EPA0	957	610,613,634,637
D4A1R8	536	21,27,79,81,91,152,158,213,215,221
Q5M7A4	403	81,102,125,148,182,224,227,301,306
P35439	938	516,517,518,523,688,732
Q6IUU3	750	404,411,415,454,458,481,482,483,484,485,486,487,488,503,506
D3ZE72	386	203,220,231,294,301,327,358
Q63433	946	625,626,627,628,629,630,631,632,633,648
Q9ET64	422	49
Q62698	497	61,62,63,64,65,66,67,68
P15431	474	122,181,182,227
A0A0G2K8S2	335	11,12,35,122,151,152,153,182,211,212,234,316
Q9WV59	477	99,102,121,127
Q4KLG2	688	55,56,57,58,59,60,61,62,63,76,172,173,174,208
A0A0G2K730	291	106
P85968	483	10,11,12,13,14,15,33,34,35,75,76,77,103,129,130,131,187,188,192,261,288,447,453,478,479,480,481
Q499N5	615	263,264,265,266,267,268,269,270,271,493,508,599
Q10836	1025	446,447,448,449,450,482,486,505
Q07977	375	162,185,294,295,296,316,329,330
Q9WTQ1	918	595,596,597,598,599,600,601,602,603,618
P53790	665	457
Q5U211	162	70,72,95,118
P37996	182	24,25,26,27,28,29,30,31,48,67,68,69,70,71,126,127,128,129,159,160,161
P12711	374	45,67,97,100,103,111,174
Q6SA80	244	30,31,32,33,34,35,36,37,77,78,79,80,81,135,136,137,138
Q5XI78	1023	143,156,158,312,411,444,446,676
P19139	391	45,46,47,48,49,50,51,52,53,68
P23457	322	20,21,22,23,24,50,117,166,167,190,216,217,218,219,220,221,227,270,271,272,273,274,275,276,277,278,279,280
P05696	672	186,187,193,195,245,246,247,248,252,254,345,346,347,348,349,350,351,352,353,368
A0A0G2JX62	712	117
M0R5J4	434	158,167,245,293,318,370,371,372,373,394
D3ZYC9	1033	91,92,93,94,95,96,97,98
Q5M875	300	40,41,42,43,44,45,46,47,48,49,50,51,52,53,54,55,56,57,58,59,60,61,62,63,64,65,66,67,172,189
Q1LZ53	908	637,638,639,640,641,660,682,683,684,887,888,889
P70709	155	62,63,64,65,66
P08699	262	193,194,195,196,197,198,199
P04762	527	194,201,203,213,237,303,305,306,358
D4A4R5	456	236,237,238,239,240,241
G3V9D2	494	436
P25122	585	77,83,104,105,400,401,402,403
Q05982	152	12,60,88,94,105,115
P53610	377	219,220,221,263,264,265,266,269,271,272,273,274,275,321
D3ZE01	1672	482,483,484,485,486,487,488,489
Q63150	519	67,69,159,164,192,248,326,347
O35831	523	198,199,200,201,202,203,204,205,206,221
Q68FP1	780	90,91,122,134,139,141,160,161,162,163,164,165,166,167,170,186,187,188,189,190,191,192,193,194,211,212,234,284,327,328,352,469,470,500,512,517,519,549,589,590,612,694,695,717
Q9WU06	819	109,110,111,112,113,114,115,116,135,136,137,138,139,140,141,142,143
P68403	671	186,187,193,246,247,248,251,252,254,348,349,350,351,352,353,354,355,356,371
D4AEP0	456	39,40,41,42,43,44,45,65,66,67,68,69,162,176,255,270,330,331,332,333,334,335,336,362,363,364,444,445,446,447
Q5XHZ9	432	179,180,181,182,183,184,185,186
F1LRA7	1100	143,144,145,146,147,148,149,150,151,164
O08625	523	262,268,320,321,322,325,328,394,400,454,456
P07953	471	49,50,51,52,53,54,55,56,57,82,105,133,139,170,171,172,173,174,175,196,200,258,265,271,308,339,350,351,352,353,357,368,394,395,396,397,398,430
P09760	823	570,571,572,573,574,575,576,577,578,592
Q811Q1	278	84,98,163,239
Q920P6	352	15,17,19,184,214,295,296
D4A2K1	321	72,233
Q32KJ6	524	40,41,80,290,291
D3ZTP0	922	100,510,511,512,536,537,538,539,569,570,571,572,573,574,589,590,696,743,744,745
A0A0G2K366	798	35,36,37,38,39,40,41,42,43,61,366,367,368,369,370,371,372,373,374,389
Q07008	2531	432,435,452,453,455,469,470,490,491,493,507,508,1457,1460,1475,1478
B1WBN7	579	264,280,301,384,385,386,387,458,473
Q4V8I9	508	127,190,222,223,253,396
P50430	528	48,49,86,140,237,295,296,313
Q641Z5	178	3,4,5,6,7,8
Q8VID1	279	37,38,39,40,41,42,43,44,45,46,47,48,49,50,51,52,53,54,55,56,57,58,59,60,61,170,187
Q5XIS9	875	558,559,560,561,562,563,564,565,566,581
P97532	297	188
O88846	194	136,139,158,160,163,166,177,180
Q5RKH6	666	117,118,130,182,188,212,218
Q920F5	492	298,299,300,301,302,303,304,328,422
Q9Z137	324	188
P70500	213	47,50,51,55,61,68,72
D3ZVK1	830	444,445,446,447,448,449,450,451
A0A0G2K047	683	223,224,225,226,421,422,423,442,443,444,445,446,447,535,550,561,620
P23385	1199	74,165,186,187,188,236,318,409
Q5U2U0	633	105,108,127,130,294,295,296,297,298,299,300,301
P27605	218	69,134,135,136,137,138,139,140,141,142,166,186,187,188,194
P21816	200	86,88,140
A0A0G2K5V8	1442	46
B0LT89	431	30,31,32,33,34,35,36,37,38,53,100,101,102,149,162
Q641Z8	283	126,128,130,132,137,193,195,197,199,204
P53042	499	242,244,271,275,303,304,352,400,427
P07756	1500	1391,1394,1410,1437,1440,1449
Q5PQN0	193	73,75,77,79,84,109,111,113,115,120,157,159,161,163,168
O55096	738	450,455,508
A1L1L3	421	324,354,355,356,357,358,359,360,398
M0R6Y8	395	208,332
P11167	492	161,282,283,288,317,380,388
D3ZX13	1773	152,153,154,155,156,157,158,159
Q9QYJ6	794	296,297,340,341,374,393,525,529,563,564,674,726
D3ZW40	1191	320,321,322,323,345,346,407,408,409,410,411,412,413
O08557	285	30,73,78,79,98,145,268,274
D3Z9J7	1037	39
Q66HF1	727	64,75,78,92,124,128,131,137,176,179,182,226
F1LTG5	127	85,87,107
Q62746	511	261,267,319,320,321,324,327,393,399
F1M9C3	712	438
A0A0G2KA94	674	441,536,537,550
D3ZKP6	464	371,377,426,430
P13255	293	4,6,22,31,34,41,65,86,87,88,117,118,137,138,139,140,176,215,221,240
Q4KLI4	166	54,55,56,57,58,59,60,61,62,63,64,65,70,71,99,100,101,102,103,104,109,110,111,112,113,119,125
G3V670	334	160,177,188,251,258,283,314
Q5U2P3	171	10,15,25,28,33,36,42,44,100,105,115,118,123,126,132,134
Q5XI55	651	247,250,280,283
P35280	207	15,16,17,18,19,20,21,22,34,35,36,37,38,39,40,63,64,65,66,67,121,122,123,124,152,153,154
Q7TPK6	1222	181,251,252,253,254,301
Q810W7	1570	382,383,384,385,386,387,388,389,390,405
D3ZJE0	650	572
Q3B8Q3	559	133
P35738	390	150,176,178,179,226,229,231
E9PTV9	333	11,56,98,292
Q63802	646	304,305,306,307,308,309,310,311,312,327,341,430,462,464
Q3SWT6	640	173,175,202,234,286,393,569,571,573,580,609,611,613,615,620
D4AD37	356	131,172,174,175,240,243,266,270,298
Q641Y8	740	46,47,48,49,50,51,52,53
M0R632	324	136
Q9JM01	593	10,11,12,13,14,15,16,17,18,33
E9PSL8	746	97,98,99,100,101,102,103,104
Q9QYV0	864	180,350,354,360
Q5EGZ1	805	169,273,345,346,374,378,402,477,481,515
B3GSH5	432	146,163,209,235,236,237,252,256,302,306
F1LQZ3	702	100,101,102,103,104,105,106,107
Q9R012	682	85,86,87,88,89,90,91,92,93,108
Q63470	763	165,166,167,168,169,170,171,172,173,188,238,239,240,241
P04799	513	456
P09527	207	15,16,17,18,19,20,21,22,34,35,36,37,38,39,40,63,64,65,66,67,125,126,127,128,156,157
Q2KJ09	826	24,26,48,51,73,76,81,89,93,102,115,118
D4AB65	524	468
P31325	406	30,31,32,33,34,35,36,37,38,53
Q63413	428	89,90,91,92,93,94,95,96
F1M5N4	605	190,280,281,304,443,488
D3ZFN9	1311	102,103,104,105,106,107,108,109
P16446	271	59,61,86,90,97,195
A0A0G2K142	611	400,402,448,453
D4AAA5	184	151,154,170,174
D3ZWK4	826	628,633,646,652
P70611	403	123,129,184,186,285,291,345,347,353
Q5XIL2	477	129,144,253,254,255,256,267,268,340
P21913	282	95,100,103,115,188,191,194,198,203,245,251,255
P0CE46	368	51,52,53,105,109,219,223,300,317,344,351,360,363
F1LWE4	759	355,359,365
F1LYY7	527	250
Q99PE7	652	87,88,89,90,91,92,93,94
P54777	978	470,471,472,473,474,475,476,477,742,743,744,745,746,747,748,749
P20909	1804	1623,1625,1626,1628,1631
F7EMK8	295	111
O88177	359	304,307,325,328
P31421	872	145,166,167,168,216,295,377
Q68FS1	271	22,23,24,25,26,27,28,29,196,199
Q6AXQ4	602	288,313,314,376,377,378,379,380,381,417,421
Q5U367	741	47,48,49,115,116,117,118,256,259,260,261,262,602,659,670,672,679,722,732
P62198	406	190,191,192,193,194,195,196,197
Q4V8K4	359	74,78,88,94
A1EC81	525	91,180,190,192,199,200,207,217,219,222,240,244,250,258,329,331,376,419
P34058	724	46,88,107,133,392
P05370	515	38,39,40,41,42,43,44,45,72,147,171,201,202,203,204,205,239,258,357,360,365,366,370,393,395,401,402,403,421,422,423,487,503,509
Q6AY03	354	130,282,286
Q673L6	1125	702,861,862
Q64678	543	470
P00684	152	35,38,69,70,71,72,73,94,113
G3V660	451	232,233,234,235,236,237,238,256,283,303
A0A0G2K210	802	475,476,477,478,479,480,481,505,553,554,555,559,618,632
B1WC68	377	101,151,178,180,267,306
Q5M883	245	25,227
P47816	343	134,137,145,148,154,158,167,171
D4A5U3	693	222,225,227,228,302,304,306,308,325,394,416,444,449
P63144	401	90,91,97,119,192,222,223,248,277,278,279,280,281,282,288,298,357,359,363,366,367
D3ZWV2	325	12,57,99
Q80W96	129	57,121,123
M0RDA4	987	630,631,632,633,634,635,636,637,638,656
Q5RKL5	488	36,37,38,39,58,59,91,92,93,94,95,96,97,98,116,151,152,160,229,281,302,303,316,319,378,395,409
Q920B6	426	157,158,159,160,266,267,268,269
Q99P75	201	14,15,16,17,18,19,20,21,22,62,63,64,65,66,124,125,126,127,155
P61589	193	12,13,14,15,16,17,18,19,30,31,32,33,34,35,36,37,59,60,61,62,63,117,118,119,120,160,161,162
A0A0G2JZW9	277	20,21,22,23,24,25,26,27,28,43
Q7TNZ5	183	16,17,18,19,20,21,32,33,34,35,36,37,38,63,119,120,121,122,149,150
Q68FX9	310	58,59,60,61,62,63,64,65,66,67,68,69,70,71,72,73,74,75,76,77,102,105,140,141,142,143,166,169,207,212,249,250,251,275,276,277,293
B4F7E7	675	486,487,488,489,490,491,492,493
P13107	491	436
P41243	467	200,201,202,203,204,205,206,207,208,221
O35789	334	91,92,93,122,165,170,195,196,197,311,312,313
B0BND0	440	32,71,92,193,197,240,241,354
D4AAL3	518	455
D4A2E7	825	298,332,417,434,486,490,496,544
P18297	262	15,16,17,18,19,20,21,43,44,70,71,158,159,171,175,200,202,203,204,205,206,207,258
D4A454	994	116,117,118,119,120,121,122,123,124,137
A0A0G2K6V9	484	43
P19225	489	434
O88419	382	163,164,165,166,167,202,203,204,229,230,258,290,292,293,294,295,323,324,334
P62762	191	73,75,77,79,84,109,111,113,115,120,159,161,163,165,170
D3ZVU7	484	99,149,176,178,266,305
Q4G064	327	117,171,199,200
Q63046	450	112,116,139,170
P47728	271	29,31,33,35,40,76,78,80,82,87,120,122,124,126,131,164,166,168,170,175,208,210,212,214,219
D3ZPZ3	514	8,47,203,205,309,310
P42854	174	107,121,144
Q66HA1	850	124,125,126,127,128,129,130,131,132,145
D4ACW1	772	376,377,378,379,380,381,382,400,427,444
Q09073	298	80,92,235
Q62865	1141	752,756,836,837,950,1001
P29089	359	15,17,167,182,183,184,199
D3ZPV8	188	19,20,21,22,23,24,139
Q9R0I6	496	299,302,319,326
Q5HZY2	198	34,35,36,37,38,39,40,58,75,134,135,137,180,181
P10634	500	446
A0A0G2K8Z9	1843	90,91,92,93,94,95,96,97,98,237,240,316
P18614	1180	497,499,501,505,579,581,583,587,641,643,645,649
Q03351	864	544,545,546,547,548,549,550,551,552,572
A3KN98	532	179,239,310,526
H1UBN0	556	168,174,230,232,238
Q6AY63	219	28,46,47,84,96,98,112,116,133,166
D3ZSB7	773	39,40,41,42,43,44,45,46,47,65,417,418,419,420,421,422,423,424,425,440
Q63538	367	33,34,35,36,37,38,39,40,41,56
A0A0G2K693	792	328,332,338
P59215	354	43,46,47,48,152,176,177,178,179,182,270,273,325
D3ZYV4	626	100
Q4V885	742	644,646,650,670,674,691,694,696,697,706,707,718,719,731
Q9WUW9	296	49,50,51,52,53,54,107,108,109,131,139,194,228,229,230,231,232,233,256,257,258,259,260
P12369	416	152,153,154,155,156,157,158,159,160,161,162,163,164,165,166,167,168,169,170,171,172,173,174,175,176,177,178,179,180,181,182,183,184,185,186,187,188,189,190,191,192,193,194,195,196,197,198,199,200,201,202,203,204,205,206,207,208,209,210,211,212,213,214,215,216,217,218,219,220,221,222,223,224,225,226,227,228,229,230,231,232,233,234,235,236,237,238,239,240,241,242,243,244,245,246,247,248,249,250,251,252,253,254,255,256,257,258,259,260,261,262,263,264,265,266,267,268,269,270,271,272,273,274,275,276,277,278,279,280,281,282,283,284,285,286,287,288,289,290,291,292,293,294,295,296,297,298,299,300,301,302,303,304,305,306,307,308,309,310,311,312,313,314,315,316,317,318,319,320,321,322,323,324,325,326,327,328,329,330,331,332,333,334,335,336,337,338,339,340,341,342,343,344,345,346,347,348,349,350,351,352,353,354,355,356,357,358,359,360,361,362,363,364,365,366,367,368,369,370,371,372,373,374,375,376,377,378,379,380,381,382,383,384,385,386,387,388,389,390,391,392,393,394,395,396,397,398,399,400,401,402,403,404,405,406,407,408,409,410,411,412,413,414,415,416
M0R829	754	121,122,123,124,125,126,127,128
D4ABT4	598	12,13,14,15,16,17,59,60,61,62,97,98,99,100,101,102,103,104,105,106,132,350,382,383,384,385,416,417,418,419,461,516,517,522,523,524,525,526,559,597
Q6AYC2	411	86,87,88,89,90,91,92,93,111,112,113,114,115,193,194,195,234,235,236
Q3MHC1	242	38,99,101,102,103,109,110,111,112,113,114,143,150,151,152,153,165
Q08326	123	23,26,94,97
P13109	154	35
D3ZGP9	311	47,49,191,195,226
D3ZVU4	323	43,44,45,46,47,144,189,225,226,227,228,229,230,246,253,255,258,259,285,291,294,296,300
Q64230	748	156,160,166
Q04970	189	10,11,12,13,14,15,16,17,18,29,30,57,58,59,60,61,116,117,118,119
Q9QYW3	225	92,97,110,113,119,127,169,174
Q9JI92	300	252,253
D4A5C3	343	56,57,248,250,290
M0R777	474	43
P80202	505	213,214,215,216,217,218,219,220,221,234
E9PSK5	920	104,105,106,107,108,109,110,111,112,127
Q8CHM7	581	63,458,485
Q5I0K3	338	48,55,59,105,169,204,270,271
F1LXA4	502	439
E9PTA4	845	347,351,357
A0A0G2JWC0	143	11,12,35,80,122,282
P46413	474	125,144,146,148,149,150,151,214,215,216,220,267,268,269,270,305,364,365,366,367,368,369,370,371,372,373,375,398,399,400,401,425,450,452,458,461,462
Q5U1Y4	301	35,102,175,246,247,248,249,250,251,252,253,254,255,256,257,258
P09810	444	235,257,265,272,277,317,336,366
Q5BK56	218	7,8,46,47,48,49,50,59,60,72,73,116
Q68FT1	312	235,236,237,238
Q09128	514	462
B7SUM8	132	107,127,128,129
Q3L7M0	371	137,138,139,140,141,142,228,229,230,250,251,252,253,262,362,363,364,365,366,367,368
P14942	222	9,54,55,67,68
P49655	379	210,211,212,213,214,215,216,217
F1LU12	295	121
Q62878	373	159
G3V673	927	208,269,350,357,407,411,417,468,471
P82252	487	43,44,45,46,47,233
P14408	507	142,143,144,173,174,175,176,183,184,185,231,363,368,369,370
D3ZU57	597	296,298,361
E9PT58	510	343,345,434
Q5U2Z5	837	202,203,204,205,206,217,233,276,277,278,279,280,281,282,334,335,373,374,375,438
Q64666	205	122,123,124,130,131,132,133,134,135,157,166,167,168
D3ZA74	1125	246,338,385,389,395,442,445
Q925D6	334	82
G3V985	284	152,156,243
Q9WVR6	533	54,135,247,396
P50170	317	33,34,35,36,37,38,39,40,41,42,43,44,45,46,47,48,49,50,51,52,53,54,55,56,57,164
F1LX55	1007	652,653,654,655,656,657,658,659,660
F1M9C0	370	64
P70550	207	15,16,17,18,19,20,21,22,63,64,65,66,67,121,122,123,124
Q64605	1907	1516,1548,1549,1550,1551,1552,1553,1554,1592
Q02356	824	364,366,435,436,437,438,439,440,633,636,710,711,712,713,714
Q498S8	684	71,72,73,74,75,76,77,78
Q5BK46	285	144,185,209,273
D3ZLL7	1221	290,378,430,434,440,487,490
P0DP31	149	21,23,25,27,32,57,59,61,63,68,94,96,98,100,105,130,132,134,136,141
D3ZBP4	1047	95,114,115,116,121,122,123,181,293,393,681,684,702,705,708,711,731,734
Q63604	821	543,544,545,546,547,548,549,550,551,571
P27213	144	23,48,50
Q9EQV8	457	86,89,216
Q64057	539	192,193,194,218,258,259,274,275,276,277,278,279,296,297,331,427,489,490
B2GUZ1	961	461,464,797,800
Q68FU1	279	158,161,175,178,183,186,204,207
M0R9I6	403	228
P21643	406	72,73,74,75,76,144,328,342
A0A0G2JZL2	558	61,172,174,330,335,339,376,377,450
P07323	434	40,158,167,245,293,318,370,371,372,373,394
P50232	425	246,249,252
P31422	879	68,151,172,173,174,222,301,389
D3ZQT0	332	45,90,132,319
D4A2B7	747	234,235,236,237,238,239,240,241,500,501,502,503,504,505,506,507
Q76KC6	823	549,550,551,552,553,589,590,720,772
Q0VGK4	314	72,74,87
P09034	412	10,11,12,13,14,15,16,17,18,36,87,92,115,116,117,118,119,120,121,122,123,124,127,180,189,270,282
Q9R011	647	68,69,70,71,72,73,74,75,76,91
M0RC99	215	27,28,29,30,31,32,33,34,35,46,47,48,49,50,51,52,75,76,77,78,79,133,134,135,136,163,164,165
P09057	461	200,237,274,275,276,277,331,332,361,389
Q01984	295	28,60,89,94,120,143,284
D3Z9Z9	1024	519,520,521,522,523,524,525,526,527,895,896,897,898,899,900,901,902
P50297	290	103,106,107,208
Q66H96	215	46,48,50,57,82,84,86,88,93
B2GUV7	1216	636,637,638,639,640,641,642,659,660,661,752,753,755,756,821,822
B1H278	467	92,95,114,119
F1M5N7	1634	87,88,89,90,91,92,93,94
D3ZG83	940	104,105,106,107,108,109,110,111,112,125
Q505J8	508	329,372,373,374,412,414,438
P24155	687	473,477,480
G3V6K7	527	419,423,446,452,455,458,478,481
F1LNF0	2000	194,195,196,197,198,199,200,201
P04897	355	40,41,42,43,44,45,46,47,176,177,178,179,180,181,182,201,202,203,204,205,270,271,272,273,327
P61149	155	33
Q68FV1	291	118,122
P00759	259	63,113,115
Q5I0E8	657	119,120,121,122,123,124,125,126
P61459	104	61,62,63,78,79,80,81
D4A5K6	475	335,339,415
P53670	638	337,338,339,340,341,342,343,344,345,360
F1M4T7	705	396,398,445,450
Q566C7	168	10,18,19,20,39,40,41,50,66,70,89,90,91,115,133
Q6XQG8	485	109,110,111,112,113,114,115,277,278,279,280,281,282,283,284,285
Q9WVK3	303	23,24,25,26,27,28,29,30,31,32,33,34,35,36,37,38,39,40,41,42,43,44,45,46,47
Q9QY02	738	364,365,366,380,431,479
Q63639	518	184,185,186,210,211,212,213,264,265,266,366,367,368,369,370,417
Q0D2L3	353	163,188,279
D4A3X7	574	266,268,306
Q32KJ8	573	55,56,93,147,239,297,298,315
Q334I2	640	51,53,54,58,320,352,417,420,421
M0RB91	415	371,373,376,402
D3ZYB7	586	13,16,31,34
D3ZML2	735	26,27,28,29,30,31,32,33,34,49
P61206	181	24,25,26,27,28,29,30,31,67,68,69,70,71,126,127,128,129
D3Z7Y1	260	197
Q9WTV1	381	68,69,95,96,97,98,139,202,203,204,205,350
D4A3N4	967	307,308,309,310,311,312,349,350,351,395,919,996,997,998,1003,1004,1005,1006,1007,1043
P28565	374	115,119,318
Q4KLL9	826	111,112,113,114,115,116,117,118
Q641Z6	534	65,66,67,68,69,70,71,72,220,258,489,491,493,500
Q3MIB4	852	375,376,377,378,379,380,381,382
F1LQC5	1038	230
E9PT65	583	60,61,62,63,278
Q9R1T5	312	20,23,62,69,70,115,163,167,287
D4A099	381	178,179,180,181,182,183,184,201,234,252
Q8CFC4	334	102,103,104,107,192,193,194,214,226,284,307
A0A096MJN4	459	132,133,134,135,136,137,138,139,166,271,272,273,274,275,276,277,278,279,329,344
D4A280	718	454,455,456,457,458,459,460,461,462,477
Q99M64	478	130,131,132,133,134,135,136,151,260,261,262,263,345
A0A0G2JYV6	220	60
Q6IML7	273	23,24,25,26,27,28,29,30,71,72,73,74,75,134,135,136,137
Q569A7	281	9,84,87,112,113,163,225,250
Q6AXU9	557	240,276,361,366,412,414,481,486
P19836	367	84,85,92,122,151,168,169,173,195,196,197,200
P02631	109	52,54,56,58,63,91,93,95,97,102
Q5U349	618	438,441,489,492
Q63120	1541	667,668,669,670,671,672,673,674,1330,1331,1332,1333,1334,1335,1336,1337
D3ZCG2	1658	88,89,90,91,92,93,94,95
Q6MGA9	798	111,154,155,156,159,160
O35078	346	8,9,10,11,36,37,42,43,44,48,49,50,52,162,163,181,223,227,282,311,312,314,315,316
P0C2N6	470	32,114,115,116,117,121,160,169,182,183,185,229,230,231,234
P38438	567	250,251,252,253,254,255,256,257,258,277
Q5FVN6	304	109,110,111,112,113,114,115,116,117,130,225,226,227,262
Q63185	620	173,174,175,176,177,178,179,180,181,196
D3ZZK3	986	627,628,629,630,631,632,633,634,635,653
Q63357	1006	102,103,104,105,106,107,108,109
A0A0G2JX61	613	274,275,276,277,278
Q7TT49	1713	82,83,84,85,86,87,88,89,90,105
P30543	410	164,248,272,273
O35433	838	115,155,160,164,199,200,201,202,210,211,511,512,550,557,646
Q4V8D1	530	476
P39069	194	18,19,20,21,22,23,39,44,65,66,67,94,95,96,97,101,132,138,149,177
P57760	305	26,27,28,29,30,31,32,33,34,49
D4A4E8	300	278,285,288,294
Q8VIE2	459	186,187,188,189,190,226,227,336,387
D3ZZW8	967	411,415,434
D4A531	125	17,20,39,42,86,89,114,119
Q9R1U5	776	33,34,35,36,37,38,39,40,41,56
Q2A121	502	96,108,202,228,229,230,231,292,304,313,314,315,317,319
Q5M876	319	21,24,63,70,71,116,178,288
Q8VBX1	493	327,328,329,330,331,332,333,334,335,336,337,338,339
D3ZD27	872	702,807,823,824,825,826,827
F7F0Y6	703	470
A0A0G2JU45	496	281,319,320,347,348,379
Q6AY53	369	105,106,107,108,109,131,132,133,136,137,238,243,283,288,308,309,314,315,316,323,324,325,326,327,328,329,342,343
Q9WUD9	536	276,277,278,279,280,281,282,283,284,298
F1LUV3	326	87,88,109,154,185,214,215,216,245,274,275,297,379
Q63772	674	326,328,437,652
Q5RKI8	714	489,490,491,492,493,494,495,496
Q8K1Q0	496	118,119,120,247,248,249,250,256,258,259,260
Q8CFN2	191	10,11,12,13,14,15,16,17,57,58,59,60,61,115,116,117,118
Q6X9T7	114	52
P23640	221	16,17,18,19,20,21,22,23,24,74,75,76,77,78,133,134,135,136,163,164,165
G3V8J2	499	107,284,379,438
Q62893	557	207,208,209,210,211,212,213,214,215,228
Q80Z29	491	196,219,247,311,312,313,353,354,384,392
Q64680	500	446
D4ADT5	598	811,814,865,870
Q64319	683	211,281,315,316,318
D3ZZ05	315	126,128,143,145,152,153
P22462	638	124,130,151,152,437,438,439,440
Q6AYT0	329	53,158,159,160,161,181,200,229,246,247,248,249,269,270,271
Q7M6Z3	433	17,18,19,52,55,65,68,74,78,86,90,137,206,207,258,259,260
Q5XIP6	380	34,47,70,86,158,160,179,181,231,233
A0A0G2K5S9	379	418
P63138	474	121,180,181,226
F1M4G6	319	7,8,31,76,118,300
Q5PQK1	456	50,51,52,53,54,55,56,57,105,186,187,188,189,190,191,192,193,194,240,255
A0A0G2KAP1	467	186,188,199,247,250,282
P05942	101	28,33,63,65,67,69,74
Q3B8Q1	782	226,227,228,229,230,231,232,233
I6L9G5	328	92,94,96,101,126,128,130,132,137,176,178,180,182,187,213,215,217,219,224,254,256,258,260,265,290,292,294,296,301
Q641Y7	323	58
Q63285	419	29,30,31,32,33,34,35,36,37,54
Q01728	971	417,453,478,479,481,483,486,530,531,532,548,584,610,611,612,716
D3ZJI4	667	188
Q4V7E0	431	47,48,49,90,91,117,127,148,149,150,151
P13234	474	48,49,50,51,52,53,54,55,56,71
Q9QYJ4	762	535,536,537,538,539,540,541,542
Q9WVR7	450	194,195,356,400
Q4KM34	346	10,11,12,13,14,15,16,17,18,33
P61023	195	123,125,127,129,134,164,166,168,175
P81128	1499	28,33,34,35,36,37,52,56,95,96,97,201,202,203,229,230,231
Q9Z2A6	547	20,21,22,23,24,25,26,27,28,43
Q9R1A7	431	244,282,283,284,285
A0A0G2K6W6	890	395,404
Q6TEK4	161	80,135,139
P31423	912	159,180,181,182,230,312,405
P50233	400	82,83,84,85,86,87,88,89,90,91,92,93,94,95,96,97,98,99,100,101,102,103,104,105,106,107,108,109,110,111,219
D3ZGQ5	698	10,11,12,13,14,15,16,17,18,33
P07483	133	127,128,129
P32755	393	183,266,349
P0DP30	149	21,23,25,27,32,57,59,61,63,68,94,96,98,100,105,130,132,134,136,141
Q5FWS4	309	32,37,121,202
Q9EQV9	422	180,181,182,183,238,255,256,309,310,311,362
Q09429	1582	713,714,715,716,717,718,719,720,1379,1380,1381,1382,1383,1384,1385,1386
E9PSL7	2055	103,104,105,106,107,108,109,110,111,126
Q9JMI9	836	146,513,516,531,859,862,864,871
Q9JLZ1	337	161,263
P50554	500	163,164,165,166,220,381
A0A0R4J8U1	614	339,340,341,342,343,344,345,346,347,364
B6CZ62	258	104,106,107,112,130,160
O08949	377	344,345
Q5BK81	351	99,100,165,166,167,168,192,208,231,253,254,255,256,257,258,259
A0JPQ4	477	86,89,108,114
Q811X6	319	16,17,36,97,102
D4AAG4	944	120,121,122,123,124,125,126,127
Q8R4A1	464	186,188,199,248,251,283,296
D3ZEK4	273	41
Q7TNJ7	476	29,30,31,32,33,34,35,36,37,52
Q6IMY8	798	478,479,480,481,482,483,484,485
Q66HG3	492	107,140,175,203,453
D3ZA65	1314	33
Q8K3U6	446	379
P57093	338	120,157,175,176,177,193,264,266,275
O88807	666	153,155,165,168,176,179,349,351,353,369,370,374,407,410,411
Q10739	582	93,186,188,193,194,196,198,201,208,210,212,214,216,219,239,243,249
Q9Z2F5	430	89,169,170,171,172,173,174,193,226,227,228,229,230,231,232,253,254,255,279
P38552	324	257,258,259,260,261,262,263
Q4V8A3	586	214,215,216,217,218,219,220,221,222,237,287,288,289,290
A2RRU1	738	39,205,211,291,292,294,297,301,331,501,510,512,513,515,582,586
O89047	1087	585,586,587,588,589,590,591,592,593,594,595,596,597,598,599,600,601,602,603,604,605,606,607,608,609,610,611,612,613,614,615,616,617,618,619,620,621,622,623,624,625,626,627,628,629,630,631,632,633,634,635,636,637,638,639,640,641,642,643,644,645,646,647,648,649,650,651,652,653,654,655,656,657,658,659,660,661,662,663,664,665,666,667,668,669,670,671,672,673,674,675,676,677,678,679,680,681,682,683,684,685,686,687,688,689,690,691,692,693,694,695,696,697,698,699,700
Q9QUZ8	562	103,129,133,136,147,160,164,168
A0A0G2K578	493	43
A0A1B0GWQ7	282	192
Q3MHU3	1384	157,158,159,160,161,162,163,164
B5DFD5	464	89,155,165,167,172,173,180,189,191,193,195,198,215,219,225,233,283,285,327,329,378,425,427
M0RE11	327	106,107,108,111,196,197,198,218,230,288,311
P28037	902	88,89,90,142,571,572,573,597,598,599,600,630,631,632,633,634,635,650,651,673,674,757,804,805,806
P61227	183	10,11,12,13,14,15,16,17,57,58,59,60,61,116,117,118,119
C9WPN6	472	51,52,53,54,55,56,190,191,192,193,225,226,227
P63331	309	57,59,85,117,167,241
Q9Z2L0	283	12,20,242,243,244,260,261,262,263,264
P30835	780	25,88,89,118,119,120,121,164,165,166,201,208,209,210,264,292,298,299,300,301,470,527,528,529,530,531,565,572,573,574,628,654,660,661,662,663,734
P09367	363	164
P97694	398	269,270,271,272,273,274,275,276,277,281,292,302,351
Q9WVE9	1713	66,68,70,72,77,267,269,271,273,278,1659,1662,1665
Q8CF82	1642	514,515,516,517,518,519,520,521,1333,1334,1335,1336,1337,1338,1339,1340
Q9R0U1	425	206,207,208,215,216,217,218,219,220,221,222,223,235,236,237,238,239,240,241,242,382,385
F1LTP9	313	47
P22288	241	132,135,203
A0A0U1RRU0	655	104
Q78EG7	173	105,106,107,108,109,110
P12368	401	136,137,138,139,140,141,142,143,144,145,146,147,148,149,150,151,152,153,154,155,156,157,158,159,160,161,162,163,164,165,166,167,168,169,170,171,172,173,174,175,176,177,178,179,180,181,182,183,184,185,186,187,188,189,190,191,192,193,194,195,196,197,198,199,200,201,202,203,204,205,206,207,208,209,210,211,212,213,214,215,216,217,218,219,220,221,222,223,224,225,226,227,228,229,230,231,232,233,234,235,236,237,238,239,240,241,242,243,244,245,246,247,248,249,250,251,252,253,254,255,256,257,258,259,260,261,262,263,264,265,266,267,268,269,270,271,272,273,274,275,276,277,278,279,280,281,282,283,284,285,286,287,288,289,290,291,292,293,294,295,296,297,298,299,300,301,302,303,304,305,306,307,308,309,310,311,312,313,314,315,316,317,318,319,320,321,322,323,324,325,326,327,328,329,330,331,332,333,334,335,336,337,338,339,340,341,342,343,344,345,346,347,348,349,350,351,352,353,354,355,356,357,358,359,360,361,362,363,364,365,366,367,368,369,370,371,372,373,374,375,376,377,378,379,380,381,382,383,384,385,386,387,388,389,390,391,392,393,394,395,396,397,398,399,400,401
Q6AXZ3	453	286,288,290,292,297
Q4G005	782	341,342,343,344,345,346,347,348
Q9Z1N1	339	18,28,29,30,31,32,69,98,113,114,119,121,122,141,213,214,215,216,245,246,247,248,249,265,275,281
Q5PPI9	423	138,144,145,181,182,183,184,194,195,196,220,241,242,259,313,326,328,344
A0A0G2K0C9	754	100,101,102,109,113,114,115,167,228,237,246,247
A0A0G2K1P1	660	287,288,350,351,352,353,354,355,356
Q3MKQ1	129	126
G3V867	359	138,288,292
Q5U2M7	227	18,20,32,35,157,160,174,176,181,184,190,192
Q4QRB4	450	11,69,138,142,143,144,204,226
P00502	222	9,45,54,55,67,68
P09811	850	43,44,45,76,310
Q5FWT7	318	143,145,253
Q4AE70	651	160,169,193,215,244,272
P16970	659	473,474,475,476,477,478,479,480
G3V6I6	375	191,337,341
P35465	544	275,276,277,278,279,280,281,282,283,298
P28471	552	100,163
P24464	508	319,455
P80203	504	209,210,211,212,213,214,215,216,217,230
P63088	323	64,66,92,124,173,248
Q01134	453	113,114,115,116,117,118,119,142,203,204,205,206,207,208,209,304,326
Q32Q05	343	261
Q6TA48	219	77,78,155,156,157,167
P35332	191	73,75,77,79,84,109,111,113,115,120,159,161,163,165,170
A4GW50	464	119
P21994	226	42,45,47
P35351	363	103,104,182,204,215,279,297
Q6AXU8	287	45,49,87,110,136,137,157
Q62651	327	115,116,117,118,119,173
Q8R4C1	944	330,331,333,335,672,676,766,770
O88483	538	144,145,418,516
Q66H12	415	78,79,154,188,213,217
G3V8V5	397	104,105,106,107,213,214,215,216
Q63356	1107	112,113,114,115,116,117,118,119
Q06BI3	261	91,93,95,102,127,129,131,133,138
Q63494	404	97,98,104,126,199,229,230,255,284,285,286,287,288,289,295,305,364,366,370,373
O88387	766	565,568,582,585,590,593,611,614
Q8VD48	319	34,35,36,37,38,39,40,41,42,43,44,45,46,47,48,49,50,51,52,53,54,55,56,57,58,83,164,180
Q5PPJ4	302	56,89,90,208,241,242
Q9JIS4	538	167,168,169,170,276,277,278,279
A0A0G2JYZ1	1242	50
D4A7G8	1368	323,324,325,326,327,328,329,330
D4A1X2	885	313,315,371,440
F1LXB5	804	353,357,363
Q7TSA0	622	11,12,13,14,15,16,17,18,57,58,59,60,61,118,119,120,121,197,199,201,208,317,319,321,328,424,425,426,427,428,429,430,431,463,464,465,466,467,528,529,530,531
D4A5F1	966	761,763,765,767,772
Q66H71	312	90,127,246
Q99PW5	418	25,45,179,181,223,243,339
Q561R2	349	223,289,292
O88764	448	19,20,21,22,23,24,25,26,27,42
P04916	201	116
Q63504	578	383,567
P04355	61	5,7,13,15,19,21,24,26,29,33,34,36,37,41,44,48,50,57,59,60
P51146	213	15,16,17,18,19,20,21,22,23,63,64,65,66,67,121,122,123,124,151,152,153
Q9JKB0	910	528,529,531,538,539,579,582
G3V9S3	2455	2354,2384,2385,2386,2387,2388,2389,2390,2428
M0R6T1	293	112,149,174,222
Q5RJZ1	1274	42,43,44,45,46,47,48,49,145,163,172,207
Q5M819	225	20,21,22,52,53,109,110,111,158,179,182
A0FKI7	506	55,56,57,58,59,60,61,62,63,64,75,76,77,78,79,101,120
P07727	457	220,222,230,231,232,233,234,235,243
P47824	399	68,70,140,186,286,290,292,309
O70150	343	21,22,23,24,25,26,27,28,29,44
F7F0U1	480	430
P08427	248	215,217,234,235
P36365	532	9,10,11,12,13,32,40,41,60,61,62,195,196,197,198
Q9ER34	780	99,192,193,194,385,448,451,474,479,607,670,671
D4AD76	308	73,92,141,142,143,190,191,204
D3ZAP9	351	12,13,14,15,16,17,43,99,122,155,271,272,298,300
F1LRZ0	1396	1154
Q6ZXC8	376	192,214,215,216,300,301,302
F1MAB8	1056	105,106,107,108,109,110,111,112
F1M9Z9	882	327,331,337
Q4KLZ6	578	56,57,58,59,109,114,401,402,403,404,446,447,486,494,495,556,557,558
F7EN52	500	462
Q6AXT5	223	24,25,26,27,28,29,30,31,32,72,73,74,75,76,130,131,132,133,160,161,162
P36860	206	21,22,23,24,25,26,27,28,29,68,69,70,71,72,128,129,130,131,158,159,160
D4ABZ3	1370	166
P50569	462	342,437,441
P53987	494	38,302,306
D3ZSZ3	527	144,145,146,147,148,149,150,151,152,167
G3V6K6	1209	718,719,720,721,722,723,724,725,726,745
A0A0G2JY48	986	606,607,608,609,610,611,612,613,614,632
P05714	218	20,21,22,23,24,25,26,27,28,68,69,70,71,72,126,127,128,129,156,157,158
Q5I0I2	246	64,67,80,82,90,93,106,109
Q6MFY5	123	17,20,35,38,84,87,112,115
Q5XIE5	253	71,74,87,89,97,100,113,116
Q32KJ9	526	44,45,84,137,162,251,302,303
F1LT78	489	52,54,118
P62813	455	93,156
D3ZBS8	502	61
B2RZ71	240	189,191,202,207,213,216,229,232
Q6MFY8	247	69,72,91,97
Q8R4T2	325	139,146,158,162,169,176,188,193
Q810T5	612	186,191,204,210,369,372,385,389,476,477,478,484,485,486,487,488,489,513,522
F1M8U7	438	63,174,176,332,337,341,378,379,454
Q6AYQ3	472	157,158,159,160,179,186,187,188,193,194,195,287,312
G3V9R3	295	48,49,50,51,52,53,81,106,107,108,130,138,142,193,227,257,258,259
Q63210	379	65,66,67,68,69,70,200,201,202,203,206,294,295,296,297,351
Q5M7V8	951	549,550,551,552,553,554,555,556
Q99MB4	394	48,49,50,51,52,53,54,55,106,108,109,110,111,112,113,202,203,204,205
O88269	1502	661,662,663,664,665,666,667,668,1298,1299,1300,1301,1302,1303,1304,1305
Q91XQ2	331	32,87,103,104,105,106,107,197,235,241,267,268,269,270,271,272,304
D3ZCP0	1549	136,137,138,139,159,160,161,162,163,164,165,166,167,168,186,222,223
Q62844	537	277,278,279,280,281,282,283,284,285,299
P51652	323	20,21,22,23,24,50,117,166,167,190,216,217,218,219,220,221,270,271,272,273,274,275,276,277,278,279,280
A0A0G2JUZ0	672	358,359,360,361,383,384,445,446,447,448,449,450,451
P04906	210	8,14,39,45,52,53,65,66
F1M3H9	722	154,157,544
D4A229	890	582,583,584,585,586,587,588,589,590,605
Q5HZW5	264	69,72,74,76,82,83,146,149,151,153,159,160
O55099	343	86,87,88,89,90,91,92,93,94,109
Q7TSV3	227	187,190,208,212
P12007	424	163,164,165,166,167,168,169,170,171,172,196,197,198,220,221,275,282,283,284,285,310,321,378,379,380,381,382,405,406,407,408,409
F1LW54	740	342,346,352
A0JPN2	656	517,518,521,546,547,550
P0C0R5	1358	32,33,34,35,36,37,38,39,40,53
P20059	460	79,149,235,291
P04636	338	31,32,33,34,35,36,37,57,104,110,117,140,141,142,176,251
Q641Z7	445	42,44,107,111,148,149,249,290,292
D3Z837	1551	100
D3ZZ38	615	303,305,343
Q64578	994	304,305,307,309,351,353,442,489,515,560,625,626,627,678,684,703,706,768,771,796,799,800,908
Q5XIE6	385	120,145,168,176
P28494	1148	174,176,288,568
Q2TA68	960	298,300,301,302,303,317,323,398,468,470,503
G3V9H8	1115	178,179,230,232,265,266,267,268,269,301,303,379,565,566,568,570,575,585,731,732,733,734,735,736,737,738,739,759
Q6AYG3	454	28,30,106,179
D4ADC4	2118	546,547,548,549,550,551,552,553
Q62689	1132	855,856,857,858,859,860,861,862,863,882
P63033	266	26,27,28,29,30,31,32,33,73,74,75,76,77,140,141,142,143
F1LS72	595	24,25,26,27,28,29,48,56,57,58,59,72,95,96,117,118,119,120,121,122,158,161,440,443
G3V7R8	313	35,60,81,109,124
Q4FZY0	239	104,108,115,140,142,144,146,151
Q9QWE9	572	110,406,427,453,454
D4A165	508	142
O08629	835	155,158,179,183,211,214,234,239
D3ZUI1	241	96,114,116,194
Q80ZF7	341	40,41,42,43,44,45,46,47,48,49,50,51,52,53,54,55,56,57,58,59,60,61,62,63,64,197
Q07009	700	89,91,96,175,229,230,292,299,319,323,542,545,547,552,585,587,589,591,596,615,617,619,621,626,658,661
Q3KRD0	652	265,266,267,534,541,583,584,585,586
Q6PCT8	159	102,114
P97612	579	191,217,238,239,240,241
Q4FZU6	327	266,268,270,310
D4A9P0	1341	94,95,96,97,98,99,100,101
P02454	1453	1266,1268,1269,1271,1274
Q5BK17	285	96,97,98,99,100,124,125,126,153,157,178,233,234,235,275
P12346	698	82,114,139,143,145,146,207,268,410,447,473,477,479,480,536,604
Q6IMA3	242	34,35,36,37,38,39,40,41,81,82,83,84,85,147,148,149,150
Q5XIC8	295	115,141,142,143,179,180,181,191,193,194,257,269,270,271,272,273,274,275
Q63487	374	49,50,51,52,53,54,55,69,75,126,188,191,209,225
D3ZSZ0	279	164
F1M419	311	38,39,40,41,42,43,44,45,46,61,117,124
P08011	155	38,73,74,76,81,121
P19490	907	492,494,499,668,669,719
D3ZBE5	302	40,41,42,43,44,45,46,47,48,63
Q99JB3	359	75,137,168,192,194,195,202,226,241,246,252,255,256
P48303	383	121,122,266,267,268,269,270
B3GNI6	431	48,49,50,51,52,53,54,55,103,184,185,186,187,188,189,190,191,192,238,253
Q64654	503	449
Q5XIS8	463	187,189,201,340,342,368
P51158	221	19,20,21,22,23,24,25,26,27,68,69,70,71,72,129,130,131,132,159,160,161
F1M280	1014	241,245,251
Q9JJP6	680	244,247,308,312
P37361	66	6,8,14,16,20,22,25,27,30,34,35,37,38,42,45,49,51,62,64,65
D4A523	1035	167,224,225,226,227,228,229,230,231,520
Q4V7F3	414	147,151,169,170,171,172,173,202,222,226,329,330,357,358
G3V641	311	59,60,61,62,63,64,65,66,67,68,69,70,71,72,73,74,75,76,77,78,79,140,141,142,143,166,169,217,220,257,258,259,283,284,285,301
Q9JM53	612	137,138,139,140,141,163,164,171,176,195,232,284,307,308,309,310,335,341,398,437,452,453,454,482,492,582
M0R660	333	11,12,33,78,120,149,150,151,180,209,210,232,314
F1LYL8	860	117,118,119,120,121,122,123,124,125,143,470,471,472,473,474,475,476,477,478,493
P24062	1370	1006,1007,1008,1009,1010,1011,1012,1013,1014,1034
Q5BJQ0	649	341,359,446,447,448,449,494,508
Q9Z1Z1	1108	591,592,593,594,595,596,597,598,599,614
F1LPP2	750	470
Q62829	544	274,275,276,277,278,279,280,281,282,297
P0C6P7	627	185,186,218
O35820	163	16,18,19,20,87,89,93,117
P63086	358	29,30,31,32,33,34,35,36,37,52
P02696	135	41,63,109
G3V707	386	202,348,352
Q6P799	512	271,302,303,304,318,319,320,321,325,391,392,393,394,427
B0BNM9	209	48,49,50,51,52,53,54,55,140,207
Q3KRE0	591	351,352,353,354,355,356,357,358
Q5U2N4	459	90,91,92,93,94,95,96,97,98,113,160,161,162,209,299,311,314
P47971	432	280,358,359,360,370
P10860	558	141,142,143,147,171,176,252,266,270,319,322,438,444,450,516
Q6AXY0	222	9,45,54,55,67,68
D3ZY07	595	56
Q8CHN8	704	73,81,126,128,144,145,147,164,165,168,240,250,287,289
Q64568	1258	794,798
Q5I0D7	492	255,276,287,370,377,398,412,452
O35567	592	12,13,14,34,35,36,37,64,65,66,67,101,102,125,126,207,208,267,316,339,431,451,452,541,546,565,566,588
P58295	799	208,210,211,215,479,511,576,579
Q07014	512	253,254,255,256,257,258,259,260,261,275
O35077	349	10,11,12,13,14,15,120,153,269,270,296,298
Q5TKR9	1998	643,644,645,646,647,652,653,654,655,656,657,658,682
Q63713	847	714,725,726,736
P61214	200	27,28,29,30,31,32,33,34,75,76,77,78,79,134,135,136,137
Q4KM79	326	151,152,153,154,155,156
P70705	1492	18,19,22,182,185,288,291,388,391,491,494,567,570,1073,1293,1297
D3ZHF8	659	65,66,67,68,69,70,71,72,130,131,132,133,134,184,185,186,187
D4ACX5	832	575,576,577,582,583,584,585,586,587,588,613,614,615,616
P53809	214	72,78,157
D3ZGE8	315	43,46,80,83
D3ZQL7	218	60,71,79,82
Q62834	336	104,107,109,111,167,168,169,170,177,179,193,233,246,248
Q6UPE0	599	47,48,49,50,51,52,53,54,55,56,57,58,59,60,61,62,63,64,65,66,67,68,69,70,71,72,73,74,75,76,77,78,79
Q91ZW6	421	242,244,389
B1WC37	441	10,11,12,13,14,15,16,17,36,126
Q99PW6	618	112,255,259,265
P20788	274	217,219,236,239,241
Q4V8H8	543	65,66,67,68,69,70,71,72,220,258,494,496,498,500,505
D3ZD46	678	556,559,612,615
Q4KLM6	703	575,577,647
Q66HD0	804	107,149,162,199
P02706	284	190,196,215,239,241,242,252,253,264,265,277
P16290	253	10,11,12,13,14,15,16,17,23,24,62,89,90,91,92,100,116,117,187,188
P70584	432	174,175,176,177,178,179,180,181,182,183,207,208,209,229,283,291,292,293,294,319,330,387,388,389,390,391,416,417,418
B1WC69	476	242,243,244,245,246,247,248,266,293,323
Q9EPX4	343	99,103,111,162,163,164,165,181,182,183,184,185,193,197,262,263,264,265,269,286
B5DFD6	1137	869
P21707	421	171,172,178,230,231,232,235,236,238,303,309,363,365,371
P25093	419	126,128,142,199,201,233,240,244,253,257,350
B4F769	910	415,416,417,418,419,420,421,422
Q3MHS3	323	117
Q498R7	160	33,36,67,70
D3ZD18	397	52
P12788	247	76,78,81,86
Q8K4Y7	403	170,171,217,286,347,398
O88867	478	19,37,38,39,40,57,85,99,111,136,172,304,317,318,363,398
P49430	533	479
Q6GX84	677	407,447,448,449,450,451,452
P19999	238	178,182,202,204,205,210,211,222,223
Q6MG77	397	58,101,131,132,133,192,217,234,236,253,254,255,280
D4A9H8	436	103
Q5M827	291	56,58,101,103
Q99P74	218	16,17,18,19,20,21,22,23,24,74,75,76,77,78,133,134,135,136,163,164,165
P62966	137	132,133,134
Q4V8A0	247	185,187,210,215
O35462	496	429,431,433,435
O89044	507	287,367,384,424
Q8CFG5	1085	262,264,266
P12785	2505	647,648,671,773,1665,1666,1667,1668,1669,1670,1671,1672,1673,1674,1675,1676,1677,1678,1679,1680,1681,1682,1765,1766,1767,1768,1769,1770,1771,1772,1773,1774,1775,1776,1777,1778,1779,1780
Q32PY9	185	11,12,13,14,15,16,17,18
Q64617	683	361,362,363,364,365,366,367,368,369,384
D4ABB8	1147	468,469,470,591,633,638,657,686,687,766,767,768,848,854,874,877,878
F1LUY7	637	681
F1M0B3	577	479
Q5I0M2	299	102,138,139,160,161,171,201,222,248,249,250,270
D4ADM2	740	517,566,567,568,569,570,571,572,573,640,641
P70600	1009	431,432,433,434,435,436,437,438,439,457,503,504,505,506,507,508,509
D4A5I9	1285	151,152,153,154,155,156,157,158
D3ZUM2	724	103,110,149,150,151,152,153,154,155,156,157,190,191,192,193,569,570,599
B1H267	404	40,41,42,43,44,45,46,99,100,101,102,103,104,105,113,114,115,116
P31430	410	36,38,141,168,214,235,246,304
Q66H21	398	64,111,114,119,132,136
Q08420	244	121,123,138,146,149,152,188
M0R3J4	502	220
P10760	432	57,131,156,157,158,159,186,190,222,223,224,225,226,227,243,248,299,300,301,346,353,426,427,428,429,430
Q9ERC5	1993	991,997,1053,1055,1061,1504,1510,1559,1561,1567,1832,1835,1838
Q5XIG6	458	43,49,50,52,143,145,146,190,233,234
P62898	105	15,18,19,81
Q9QWM1	560	535,539
D3ZCD0	1120	827,828,829,830,831,832,833,834,851,964,965,978
P12928	574	116,118,119,120,121,156,157,163,250,313,315,338,339,371,475,476,477,478,479,480,525,532,559,560,561,562,563,564
P54001	534	429,431,500,510
M0R5U3	190	54,56,149,189,212,259
B1WBP0	294	65,67,86,117,118,213,225,226,254,255
P20646	381	42,46,110,288
Q66H84	384	52,53,54,55,56,57,58,59,60,75
Q78EA7	532	240,241,242,243,244,245,246,247,248,261
Q9ET55	428	192,216,217,218,260,283,284,285,286,321,322,323,411
P19804	152	12,60,88,94,105,115
Q99MK2	513	370,371,372,377,378,379,380,381,382,383,407,416
P00481	354	90,91,92,93,141,168,171,199,263,267,268,303,304,330
P31211	396	246,278,384
Q62747	403	166,172,225,227,230,233,297,303,357,359,362,365
P17712	465	78,79,80,81,82,83,151,152,168,169,204,205,228,231,256,290,295,296,332,333,334,335,336,411,412,413,414,415
P62494	216	18,19,20,21,22,23,24,25,26,37,38,39,40,41,42,43,66,67,68,69,70,124,125,126,127,154,155,156
D3Z8U5	1012	240,244,250
P56522	494	51,72,80,116,187,188,189,190,231,232,243,401,408,409,410
A0A0G2K5S7	547	226,227,228,229,230
P00388	678	86,87,88,89,90,91,138,139,140,141,173,174,175,176,177,178,179,180,181,182,208,298,424,454,455,456,457,472,473,474,478,488,489,490,491,535,596,597,602,603,604,605,606,639,677
P70531	724	295,296,297,298,299,300,301
Q9WV75	330	140,159,187,191
Q99MG9	250	133,135,137,144,169,171,173,175,180,217,219,221,228
Q5EBA8	459	156,185,281
P63322	206	21,22,23,24,25,26,27,28,68,69,70,71,72,127,128,129,130
P35739	799	519,520,521,522,523,524,525,526,527,547
P62142	327	63,65,91,123,172,247
Q3B8Q2	411	60,65,85,86,87,88,89,90,342,367,368,369,370,371
D3ZKV9	467	104,107,123,126,132,136,144,148
A0A0G2K1A2	718	477
P45352	307	44,169,170,189,190,209,210,211,212,220,250,251,252,306
M0R6Z9	2551	652,653,654,655,656,657,658,659
Q6DG50	613	584,587,603,607
D4AD55	910	259,351,398,402,408,455,458
P80067	462	301,303,346
B5DF07	587	348,351,409,478,479,499,557,578
Q05683	585	181,182,183,558
P25113	254	10,11,12,13,14,15,16,17,23,24,62,89,90,91,92,100,116,117,187,188
Q66H94	570	501,503,505,507,512,546,548,550,552,557
P13941	1463	1277,1279,1280,1282,1285
Q5XIF6	448	11,71,140,144,145,179,206,228
Q68A65	685	481,483,485,487,492
O88989	334	11,12,13,14,15,16,17,42,92,98,105,112,129,130,131,162
E9PTJ3	531	394,396,622
P19234	248	134,139,175,179
Q6QA27	344	179,182,201,207
P27008	1014	21,24,53,56,125,128,159,162,296,299,312,322,862,863,864,871,878,904
P46462	806	247,248,249,250,251,252,253,348,384,521,522,523,524,525,526
Q9EPI9	988	550,551,552,553,554,555,556,557,558,559,560,561,562,563,564,565,566,567,568,569,570,571,572,573,574,575,576,577,578,579,580,581,582,583,584,585,586,587,588,589,590,591,592,593,594,595,596,597,598,599,600,601,602,603,604,605,606,607,608,609,610,611,612,613,614,615,616,617,618,619,620,621,622,623,624,625,626,627,628,629,630,631,632,633,634,635,636,637,638,639,640,641,642,643,644,645,646,647,648,649,650,651,652,653,654,655,656,657,658,659,660,661,662,663,664,665,666,667
Q5PPN4	290	118,141
Q400C9	501	261,265,272,277,296,299
Q68FU3	255	9,39,40,41,42,66,123,124,125,126,127,128,129,130,131,132,133,134
M0RA44	719	348,352,371
P55006	317	33,34,35,36,37,38,39,40,41,42,43,44,45,46,47,48,49,50,51,52,53,54,55,56,57,164
P17425	520	44,45,46,167,221,269,273
P84082	181	24,25,26,27,28,29,30,31,67,68,69,70,71,126,127,128,129
P63018	646	12,13,14,15,71,202,203,204,268,269,270,271,272,273,274,275,339,340,341,342
O54697	745	263,266,373,383,422,430,433,450,550
F1LT33	492	446
Q56AP7	445	326,329,381,383,389,394,397
O70249	345	149,154,204,266,268,270,287,315,319
Q68AX7	157	97,98,99,100,101,134,135,136
Q5BK52	358	78
Q9Z1B2	225	11,12,50,51,52,53,54,63,64,76,77,120
E9PSM2	512	43
P11506	1243	820,824
Q5I0M4	323	117
Q7TP58	395	10,11,12,13,14,15,16,17,62,89,90,91,92,116,117,189,190
P30152	198	72,73,74,126,145,154,158
Q5XIA3	686	59,89,114,161,162,188
B5DF11	213	14,18,30,33,154,157,168,170,175,178,184,186
Q64595	762	232,233,234,235,242,243,347,356,357,358,359,366,367,412,415,459,460,461,462,463,464,465,466,467,482
Q5FVG7	507	273
P39951	297	10,11,12,13,14,15,16,17,18,33
E9PU17	1773	561,562,563,564,565,566,567,568,1404,1405,1406,1407,1408,1409,1410,1411
P51590	502	448
Q921A4	190	81,113
P62836	184	10,11,12,13,14,15,16,17,18,29,30,31,32,33,34,35,60,116,117,118,119
Q10473	559	156,186,209,211,316,344,347,352
Q9R005	245	224
O35293	491	436
P82995	733	51,93,112,138,401
P35364	357	121
P62275	56	21,24,39,42
P08733	166	37,39,41,48
Q9JJH5	557	48,49,50,51,52,53,54,55,56,81,105,133,139,170,171,172,173,174,175,196,200,259,266,272,340,351,352,353,354,358,369,395,396,397,398,399,431
Q03336	299	18,101,103,121,154,204
Q8R455	1104	782,785,799,802
Q5FVQ4	291	81,103,130,131,200
D4A0T9	1425	85,168,175,226,230,236,286,289
O35303	755	32,33,34,35,36,37,38,39,40,228,229,230,231,232,233,234,259,260,261,262
P70549	927	409,445,470,471,473,475,478,525,526,527,543,579,606,607,672
Q3KR92	370	79,80,81,82,83,184,192,196,239,286,287,288,289,290,291,292,293,294,295,301
D4ABB3	1121	233,335,387,391,397,445
Q498R1	700	10,11,12,13,14,93,94,95,96,97,98,99,100,101,102,103,104,105,106,107,108,109,110,111,112,113,114,115,116,117,118,119,120,121,122,123,124,292,452,453,454,455,488,489,490,491,611,612,626,627,628,661,699
Q5XI42	468	188,189,190,191,192,193
Q5XIQ3	316	257,260,263,269,272,275,285,290
P25095	359	15,17,167,182,183,184,199
P61751	180	24,25,26,27,28,29,30,31,67,68,69,70,71,126,127,128,129
M0R7H7	111	32,77,119,272
F1LYD6	289	34
P48442	1079	66,67,68,69,70,81,84,87,88,100,145,147,168,170,231,234,297,415,416,417,557
Q4KM84	362	158,159,160,161,162,185,206,207,208,259,260,261,283
P47742	465	105,169,197
D3ZX09	439	185,189,195
Q80W57	657	79,80,81,82,83,84,85,86,183,184,185,186,187,188,189,210,242
E9PT87	786	488,489,490,491,492,493,494,495,496,511
Q5RJY4	325	62,64,194,207,211,242
P15178	501	229,273,274,275,281,282,283,424,427,431,472,473,474,475
P02091	147	64,93
P83871	110	11,23,26,30,33,46,49,58,61,72,75,85
Q62751	963	512,578,581
F8WLE0	1034	119,120,121,122,123,124,125,126
Q9JKA8	780	491,492,494,501,502,542,545
O88751	298	166,168,170,172,177
Q63042	198	92,93,94,95,96,97,98,99,100,104,133,164,165,166,167,168,169,170,171,172,173,174,175,176,187,188
Q99PT0	598	210,211,212,213,214,215,216,217
Q4V8G5	356	54,55,56,57,58,59,60,61,87,113,193,194,195,196,197,198,199,200,201,249,264
D3ZMB0	1880	267,354,405,409,415,465
Q920D2	187	10,16,17,18,19,20,21,22,31,32,33,34,35,36,55,56,57,71,77,78,79,117,118,119,120,121,122,123,124
Q9WVS2	335	109,113,130,131,132,133,134,162,177,181,266,294
Q66HG6	317	130,132,155,235,236
G3V6Y3	648	109,110,111,112,113,114,115,116
P06766	335	60,62,65,101,103,106,149,180,183,189,190,192,256
P0C0K5	282	62,112,115,117,119,120
Q99J82	452	199,200,201,202,203,204,205,206,207,220
Q9R0T4	886	261,292
P97629	1025	295,428,429,430,431,432,464,468,487
B5DF62	593	353
Q568Z3	273	100,240,244
Q6GQP4	194	13,14,15,16,17,18,19,20,61,62,63,64,65,119,120,121,122
Q8K586	216	17,18,19,20,21,22,23,24,65,66,67,68,69,122,123,124,125
P30121	220	27
Q66H59	320	51,52,175,199,201,202,218
Q4G073	391	13,14,15,34,57,58,76,376
Q6DGF4	223	14,18,30,33,164,167,178,180,185,188,194,196
O88944	873	244,260,367
Q6P7R8	312	50,51,52,53,54,55,56,57,58,59,60,61,62,63,64,65,66,67,68,69,70,71,72,73,74,75,76,77,78,79,189
D3ZIA5	811	38,39,40,41,42,43,44,45
Q6V9Y3	268	39
A0A182DWI7	730	365,368,389,392
Q78EJ9	703	588,590,592,594,599,618,620,624,629
P62716	309	57,59,85,117,167,241
P07150	346	59,60,62,97,100,105,127,129,131,132,134,171,210,213,215,253,255,256,261,286,288,290,328,330,331,336
P06685	1023	487,717,721
P43428	357	83,170
D4A8L5	458	46,67,74,75,76,77,78,91,135,136,176,179,251,254
Q9QWJ9	922	195,209,250
Q4FZV0	881	190,191,192,456
P10715	105	15,18,19,81
P16636	411	286,288,290
F1LM47	465	100,107,108,109,260,274,325,382,383,384
Q5PQQ1	492	256,257,258,259,260,261,262,263,303,304,305,306,307,374,375,376,377
I7LRF5	541	237,341,342,343,344,415,430
Q3MKP9	118	115
Q09325	447	117,144,190,212,213,322
P84092	435	341,345,354
D3ZDI9	858	209,212,229,242
Q5BQE6	516	163,164,165,166,167,168,169,170,171,172,173,174,175
P55063	641	14,15,16,17,73,204,205,206,270,271,272,273,274,275,276,277,341,342,343,344
Q91XT9	761	115,175,284,521,560,693,695,698
O55004	147	35,40,68,71,72,145
A1A5Q5	510	133,189,191,199,207,235,241,242,277,307,309
P42260	908	516,518,523,689,690,738
F1LXV3	416	53
P13721	403	186,209,230,319,320,321,350,351,362,366,373
G3V9W8	1980	330,711,1085
P69897	444	11,69,138,142,143,144,204,226
Q6AY19	528	215,233,320,321,322,323,368,382
Q641Y2	463	326,332,347
P49445	359	257,290,291,292,293,294,295,296,334
P63329	521	90,92,118,150,199,281
D3ZD03	1186	902,903,904,905,906,907,908,909,910,929
Q5RJT2	829	56,58,76,92,117
Q6AYR6	259	13,14,15,46,47,179,204
F1LN08	609	79,82,136,139
P49651	373	46,203,204,205,283,284,285,286,287,303,304,305,306,310
Q6Q1P3	405	138,139,140,141
Q8R426	227	146,148,150,152,157,194,196,198,205
P54645	559	33,34,35,36,37,38,39,40,41,56
P08461	632	446,460,551,552,576
D4AA88	684	239,242,303,307
F1M9C9	507	132,133,134,159,175,179,328,332,333
Q8CG07	660	20,23,31,35,39,265,266,267,268,269,270,271
A2RRT9	525	329,467
P14925	976	107,108,172,242,244,314,520,533,585,587,654,690,706,786,787
Q6AYT5	439	251,252,256,289,365,366,367,368,369,402
Q6AXM5	416	86,133,151,154,158
P67999	525	97,98,99,100,101,102,103,104,105,123
B1WBN0	247	88,213,217
Q9Z1P2	892	759,761,763,765,770
P63319	697	186,187,193,246,247,248,251,252,254,357,358,359,360,361,362,363,364,365,380
D3ZFQ8	326	122,125,126,245
P19627	355	40,41,42,43,44,45,46,47,176,177,178,179,180,181,182,201,202,203,204,205,270,271,272,273,327
Q80Z30	750	270,271,432,476
Q8VID6	935	424,668
P04633	307	56,269
Q63572	628	58,59,60,61,62,63,64,65,66,81
Q641Z2	593	470,515,516,517,518,519,520,521,559
P51657	344	3,4,5,6,7,8,9,10,11,12,13,14,15,16,17,18,19,20,21,22,23,24,25,26,27,28,29,30,31,32,143
P70507	575	192,193,194,195,196,197,198,199,200,215
Q5RKH1	1007	693,694,695,696,697,698,699,700,701,717
Q4KLL0	301	263,266,291,294
O70436	467	74,149,161,166
Q5U206	149	21,23,25,27,32,57,59,61,63,68,94,96,98,105,130,132,134,136,141
Q5U2U7	461	161,162,165,190,212,246,269,274
P08683	500	435
A0A0G2K3I5	347	33,34,35,87,186,240,241
P20793	622	10,11,12,13,14,15,16,17,18,33
P10610	494	439
D4AAT1	788	237,320,327,378,382,388,439,442
O88506	553	78,79,80,81,82,83,84,85,86,101
P07861	750	103,584,588,647
Q642B6	569	436,559
F1LSB5	707	190
P97590	136	70,71,72,73,74,75,76
Q9WVK7	314	34,35,36,37,38,39,57,73,80,122,127,149,173,305
Q9Z0U4	991	246,269,286,366,465
P63035	400	268,269,270,271,272,273,274,275,276,280,291,301,339,350,351
F1LNJ2	2139	503,504,505,506,507,508,509,510,1353,1354,1355,1356,1357,1358,1359,1360
P07379	622	87,235,236,237,244,264,286,287,288,289,290,291,292,311,403,404,405,436,530,531,532,533
Q9WVM4	284	190,197,198,199,200,205,210,211,212,213,247,251
Q6B345	98	26,28,33,63,65,67,69,74
A0A0G2JXN2	759	227,230,249,255
P02680	445	344,346,350
Q6AYK3	557	67,68,69,70,141,177,178,188,191,228,229,230,231,278,279,303,306,337,338,339,352,390,391,419,420
Q63481	204	14,15,16,17,18,19,20,21,33,34,35,36,37,38,39,63,64,65,66,67,125,126,127,128,156,157
A0A0G2JT64	316	111
B5DEH7	707	66,74,119,121,142,145,167,168,171,253,290,292
P20417	432	181,215,216,217,218,219,220,221,262
P53369	156	8,23,33,35,36,37,38,52,55,56,100,117,118,119,120
F1M9V7	920	353,357,376
Q5M939	419	241,242,243,248,249,250,251,252,253,254
P22072	373	159
Q5PQT2	1194	322,347,348,410,411,412,413,414,415,451,455,1121,1124,1137,1140,1145,1148,1167,1170
G3V7T0	566	206,276,278,327,339
P35349	871	148,169,170,171,219,301,394
P07871	424	249,252,276
P07722	626	65,66,67,118,124,125,126,127,128
A0A0G2JU41	635	255
Q641W4	349	71,72,73,74,75,76,77,78
D3ZI07	747	96,97,98,99,100,101,102,103
P19969	464	101,164
Q5XIT0	507	10,11,12,13,14,15,16,17,18,33
D3ZHL6	846	26,27,28,29,30,31,32,33,34,49
Q5U2T7	397	75,124,150
P57769	344	144,146,184
Q5U216	427	88,89,90,91,92,93,94,95
P18910	1057	81,113,114
D3ZBH5	1531	168
Q5FVR4	345	130,132,133,230,289,294
A1L1K7	667	227,228,229,230,231,232,233,234,235,418,419,420,421,422,423,496,511,624
Q6NYB7	205	18,19,20,21,22,23,24,25,26,36,37,38,39,40,41,42,43,66,67,68,69,70,124,125,126,127,154,155,156
P04640	99	66,70,73,79
P13852	254	61,62,63,69,70,71,77,78,79,85,86,87
P62603	542	102,105,124,130
P20816	504	315,451
A0A0G2K6E3	1018	102,103,104,105,106,107,108,109
P81377	381	137,138,139,140,141,142,143,144,145,146,147,148,149,150,151,152,153,154,155,156,157,158,159,160,161,162,163,164,165,166,167,168,169,170,171,172,173,174,175,176,177,178,179,180,181,182,183,184,185,186,187,188,189,190,191,192,193,194,195,196,197,198,199,200,201,202,203,204,205,206,207,208,209,210,211,212,213,214,215,216,217,218,219,220,221,222,223,224,225,226,227,228,229,230,231,232,233,234,235,236,237,238,239,240,241,242,243,244,245,246,247,248,249,250,251,252,253,254,255,256,257,258,259,260,261,262,263,264,265,266,267,268,269,270,271,272,273,274,275,276,277,278,279,280,281,282,283,284,285,286,287,288,289,290,291,292,293,294,295,296,297,298,299,300,301,302,303,304,305,306,307,308,309,310,311,312,313,314,315,316,317,318,319,320,321,322,323,324,325,326,327,328,329,330,331,332,333,334,335,336,337,338,339,340,341,342,343,344,345,346,347,348,349,350,351,352,353,354,355,356,357,358,359,360,361,362,363,364,365,366,367,368,369,370,371,372,373,374,375,376,377,378,379,380,381
M0R401	397	130,200,228,363,377
D3ZKX9	711	408,413,588,592,711
Q63072	319	110,173,211
P37377	140	2,50
Q6AY91	195	10,11,12,13,14,15,16,17,18,36,37,38,39,55,56,128,129,132,133,134,135,172,173,174
Q62761	390	50,51,52,53,54,55,56,57,58,73
Q5FVH1	108	5,8,25,28,69,72,97,102
F1LQ70	663	360,365,540,544,663
P84079	181	24,25,26,27,28,29,30,31,32,126,127,128,129,160
Q66HR5	691	656,659,675,679
Q66H74	285	67,76,157,160
P35433	517	280,327,389,390,426,503,506
D3ZZK7	1621	58,439,440,441,442,443,444,445,446
Q5XIH6	364	126,129,149,155
P17105	459	195,207,247,248,249,260,262,283,310,311,312,313,314,315,316,317,334,414,417
O35826	722	19,23,113,220,253,259,271,280,281,282,301,302,307,321,413,416,417,418,420,476,477,489,516,517,545,566,569,579,581,586,588
Q62969	501	107,113,288,359,360,383,442
D3Z979	625	605
Q4QQS0	624	216,217,218,219,220,221,222,223,224,237,337,338,339,340
Q9JIS1	1555	92,95,108,111,116,119,134,137
A0A0G2JUG3	451	187,189,192
P85834	452	64,65,66,67,68,69,70,71,126,127,128,129,130,181,182,183,184
P81799	343	13,36,107,127,129,130,145,146,147,152,214,271,275
D3ZDM7	341	36,37,43,44,50,307,311,312
B1WBU5	362	68,69,70,71,72,73,74,75,76,91
D3ZV31	489	39,41,63,72,124,127,139,142,171,172,173,174,201,223,241,242,274,378,381,391,392,395,398,408,409,412,415,422,423,426,429,434,436
E9PTN6	333	11,12,33,78,149,150,151,180,209,210,232,314
D3ZLB5	210	89,91,93,110
Q07071	627	109,110,153,179,180,181,348,514
Q8K3L6	326	51,52,53,54,55,56,57,58,59,72,169,170,171,206
D3ZTW9	368	171
Q4V8D6	416	7,10,28,31
Q920M9	282	98,105,117,121,128,135,147,152
Q8R4U9	367	41,42,43,44,45,46,47,48,49,64
D3ZSK5	474	74,75,76,123,224,225,227,252,253,298
Q6AY59	200	154,155,170,177,178,179
A0A0G2K229	1104	194,242,340,392,396,402,452
Q06486	415	15,16,17,18,19,20,21,22,23,38
Q5U2X2	893	630,631,632,633,634,635,636,637
Q62762	415	52,53,54,55,56,57,58,59,60,75
P13832	172	42,44,46,53
O88272	391	212,216,222
Q5BJZ0	331	110,111,273,279,280,299,300,301,302,303
Q1EHB3	1595	191,369,373,379
D3ZMG0	1051	46
Q641W7	461	149,155,156,218,219,220,221,231,232,233,257,276,277,294,348,361,363,379
Q566R0	230	175,196,197
P23977	619	75,77,78,82,320,352,417,420,421
P05964	89	28,33,61,63,65,67,72
P51433	137	47,49,51,68
D4A1H9	550	476
A0A0G2JW38	228	10,35,37,70,151,152,153,154,180,182,202,203
P07872	661	139,178
Q01579	240	40,53,54,66,67
Q4V8B8	437	208,215,255,283,284
D3ZTA9	390	147,148,149,150,151,228,236,353,354,355,356,357
Q561R9	288	77,79,81,82,118,145,164,199
D4A2Z8	1000	225,226,227,228,229,230,327,329,549,594,595,596,597
Q9ERZ8	871	192,197,201,236,237,238,239,248,249,250,251,296,297,298,299,344,682
Q6P6U0	517	257,258,259,260,261,262,263,264,265,279
Q63686	496	171,172,173,174,175,176,177,178,179,194
D3ZXJ0	587	109,147,183,193,195,200,201,208,220,222,224,225,227,247,251,257,265,341,390,484
B0BNM1	282	113,114,115,116,117,179,183,184,185,186,187,188,189,212,215
D4A3S8	782	209,210,211,212,213,214,215,240,267,293
D3ZZA1	324	53,55,75,91,116
Q498M9	335	11,12,35,122,316
P08009	218	7,8,46,47,48,49,50,59,60,72,73,116
P50572	480	126,190,218
Q00972	412	279,315,328,330,333,334,335,364,367,370
Q4FZX5	174	82,85,138,141
D3ZJ25	554	396,398,400,485,489
A0A0G2JY53	1915	175,176,177,178,179,180,181,182
P49088	561	49,50,51,52,53,75,76,77,97,256,288,363,364
F1M111	1742	161,162,163,164,165,166,167,168
D3ZCG5	657	107,192,202,204,209,210,217,226,228,230,232,235,255,259,265,273,371,418,465
Q924I2	873	22,23,24,25,26,27,28,29,30,45
P14270	803	457,461,497,498,615,618,666,669
Q5XIN6	739	676,678,680,682,687
Q80ZG2	678	426,466,467,468,479,481,502,503,504,505,506,507,508,529,530,531,532,533,534,535,536,553,633,636
E9PTB3	326	83,84,85,86,153,154,155,156,157,158,205
O88420	1978	373,934,937
Q02759	663	361,366,541,545,663
Q5BK61	313	113,115,140,154
Q07205	429	27,28,29,30,31,32,33,34
F1LQT1	1100	286,287,288,289,290,291,328,329,330,374,951,1030,1031,1032,1037,1038,1039,1040,1041,1077
O08699	266	12,13,14,15,16,17,18,19,20,36,37,63,64,65,91,138,148,151,152,153,154,155,186,187,188
D4A6T6	362	40
F1LM64	947	544,546,552,629
D4A617	465	223,224,225,226,227
P01244	216	45,198
P02693	132	83,107
P63083	93	28,33,61,63,65,67,72
Q62639	184	16,17,18,19,20,21,32,35,38,119,122,150
P23711	315	44,153,198,202
F1M798	990	217,221,227
Q5BJQ5	217	27,28,29,30,31,32,33,34,74,75,76,77,78,133,134,135,136
A0A0G2K3I6	335	122,316
P04157	1273	790,822,823,824,825,826,827,828,866
D4AC69	707	296,300,402
A0A0G2JZ01	607	338,340,566
D4ADY9	281	124,137,139,142,147,187,204,208,211,266
P33436	662	102,134,168,178,180,185,186,193,200,202,204,206,208,209,211,403,407,413,478,523,571,620
Q924T4	378	128,200,201,313
Q9JIH7	2126	231,283,299,301,302,303,304,351,369,371
Q08877	869	38,39,40,41,42,43,44,45,46,205,206,207,208,209,210,211,236,237,238,239
A0JPN4	596	226
P14141	260	94,96,119,198,199
Q4V8E6	240	40,53,54,66,67
P0C0T0	161	96,99,148,151
P19357	509	177,298,299,304,333,396,404
B0K017	370	82,83,84,320,322,323
Q66HE5	630	63,64,65,66,67,68,69,70,71,85
D4ABL6	946	270,276,323,325,331,433,439,486,488,494,589,595,641,643,649
Q2LAM0	372	43,69,234,239,257,260,261,315,319,336,339,340
Q6AYQ8	221	68,70,99
P51907	523	98,101,102,330,332,361,363,365,367,369,404,405,407,410,446,447,450,454
Q5HZW3	343	202,246,257,266,267,268,302,315
Q7TN78	580	229,230,231,232,233,234,235,236,237,368,369,370,371,372,373,455,470,566
P07314	568	106,398,399,400,419,422,450,451,473
Q63340	419	331,332,333,334,335,336,337
P09217	592	258,259,260,261,262,263,264,265,266,281
G3V7X8	512	441
Q66H04	664	596,599,614,619,624,627,632,637
Q675A5	413	46,198,199,355,392
Q7TP15	391	55,279,280,303,304,305
Q32KJ2	563	40,80,128,249,311,312
Q62919	810	434,435,437,453,454,457
Q5BK71	173	17,18,19,20,21,22,23,24,61,62,63,64,65,120,121,122,123
Q63633	1139	113,184,410,414,415,446,569
Q63159	345	124,154,175,222
P22071	373	10,11,12,13,14,15,155,159
P63036	397	134,137,150,153,177,180,193,196
Q68FP8	479	67,68,69,70,71,72,140,141,142,143,147,203,278,279,280,281,282,283,325,326,327,354,355,356,357,361,392
Q02874	371	202,203,225,274,311,312,313,315
P43165	304	129,131,154
P32577	450	201,202,203,204,205,206,207,208,209,222
F1LWJ6	1123	72,452,453,454,455,456,457,458,459
Q9QYU4	313	142,143,144,145,146,147,167,168
P62815	511	400
P51578	455	69,71,189,294,296,314
D3ZV22	328	170,188
F1LNJ1	2526	1905
B0BNF9	370	26,79,80,81,108,130,132,158,167,236,258,260,263,291,292,293,294,295,314,315
P62828	216	18,19,20,21,22,23,24,25,36,37,38,39,40,41,42,68,122,123,124,125,150,151,152
Q5M969	248	12,13,14,131,132,164
D3ZB52	823	329,333,339
P27704	720	26,27,28,29,30,31,32,33,34,49
A0A0G2K490	1360	54
P06686	1020	714,718
P15791	533	20,21,22,23,24,25,26,27,28,43
Q32Q86	588	252,289,355,387,388,389
P50235	285	44,45,46,47,48,49,121,129,184,218,247,248,249
Q5BK22	285	118,119,120,121,122,123,124,125,147,148,149,150,151,165,166,167,168,227,228,229,230,262,263,264
Q09326	442	118,119,120,121,122,149,224,225,226,227,228,256,293,369
D3ZB99	1199	33
D3ZPM7	920	346,350,356
P84039	477	36,72,191,195,238,239,339
Q1HG60	637	224,225,226,227,228,229,230,231
P11762	135	45,46,47,48,49,53,62,69,70,71,72
Q501W1	526	298
P00763	246	75,77,80,85
O70595	836	599,623,624,625,626,627,628,629,630,631,632,633,634
D4A7C0	310	19,20,21,22,23,24,178,179,180,181
P42335	934	667,678,718,719,720,731,733,754,781,782,783,784,785,786,787,788,805,885,888
P09759	984	625,626,627,628,629,630,631,632,633,651
P68182	351	50,51,52,53,54,55,56,57,58,73
P31652	630	94,96,97,98,101,336,368,434,437,438,439,494,495,556,559
P51583	425	332
Q6AYB5	504	108,109,110,111,112,113,114,115,190,191,192,193,194,248,249,250,251
Q8K4B7	560	9,10,11,12,13,32,40,41,60,61,195,196,197,198
Q68FS8	366	104,294,295,296,297,298
Q5U3Y7	176	75,77
Q4KM97	499	263
Q5BJT6	655	212,213,214,215,390,391,392,393,394,395,396,397,434,435,436,437
D4ABE3	873	703,808,824,825,826,827,828
D3ZTC9	523	468
D3ZF77	324	24,25,26,51,118,167,168,191,217,218,219,220,221,222,223,224,225,269,270,271,272,273,274,275,276,277,278,279,280,281
Q7M6Z5	1394	84,85,86,87,88,89,90,91
Q99MA2	674	116,430,450,461,524,533,555,569
D4A1F2	961	97,116,117,118,123,124,125,183,298,398,982,985,1003,1006,1009,1012,1032,1035
Q9JIM4	339	115,116,117,118,119,120
P47861	386	138,139,145,197,198,199,202,205,270,276,330,332
P35289	212	15,16,17,18,19,20,21,22,63,64,65,66,67,121,122,123,124
Q91ZY8	710	168,171,193,198,229,232,252,258
D3ZTE7	1170	271,363,410,414,420,467,470
P15999	553	213,214,215,216,217,218,219,220,473,474,475
Q9JKF8	280	31,32,33,34,35,36,37,38,78,79,80,81,82,145,146,147,148
D4A065	1117	207,253,351,403,407,413,463
A1A5Q6	654	30,31,32,33,34,35,36,37,38,53
Q6MG62	831	589,590,591,592,593,594,595,596
Q5BJX0	223	69,74,91,92,93,119,120,135
Q8CG09	1532	679,680,681,682,683,684,685,686,1328,1329,1330,1331,1332,1333,1334,1335
P05982	274	12,18,19,67,104,105,106,107,126,127,128,148,149,150,151,156,201
Q641Y1	222	48,86,120,159
Q6KC51	612	83,86,103,106,109,112,131,134,212,215,232,235,238,241,260,263
D3ZUZ4	409	107,123,142,222,223,224,225,294,309
Q5XI97	412	109,113,209,213
D3ZNQ2	342	72
D4ACP5	973	52,53,54,55,56,57,58,59,412,428,432,435
P0C8E4	606	42,43,44,45,46,47,48,49,50,63
Q4V882	608	8,11,25,30,63,73
P0C6Y7	796	209,212,220,223,260,261,262,292,293,294,295,296,297,298,324,325,361,394,397,410,415,716,719,732,736,744,747,760,764,772,775,788,792
Q6AXZ5	440	394,397,405,408,414,418,426,430
Q68FR8	450	11,71,140,144,145,179,206,228
P27881	917	30,84,85,86,87,88,89,155,156,172,173,208,209,232,235,260,291,292,293,294,413,414,415,425,426,449,532,533,534,535,536,537,603,604,620,621,656,657,680,682,683,708,739,740,741,742,747,748,784,785,786,787,788,861,862,863,864,865,866,867,897
P50280	267	90,156,166,168,173,174,176,178,181,188,190,192,194,196,199,217,221,227
P11711	492	437
Q9QXN4	285	29,85,86,87,98,123,124,127,141,142,194,220,221,253
O35552	555	42,43,44,45,46,47,48,49,50,75,99,127,133,164,165,166,167,168,169,190,194,253,260,266,334,345,346,347,348,352,363,389,390,391,392,393,425
O88377	416	202,203,204,214,369
Q9ESV6	432	109,110,130,175,197,217,247,248,249,278,307,308,330,412
Q9Z2Z8	471	354,358,391,396,403,404,443,447,448,449,450,451,458
Q5XIK5	352	107,110,114,144,153,163,175
Q6AZ83	346	79,161
Q02769	416	52,77,80,83,84,218,315,317
E9PTA3	332	98,99,100,103,189,190,191,211,281,304
G3V861	497	442
P35400	915	159,180,181,182,230,314,407
F1LVM0	1216	1274
E9PTQ3	718	342,346,352
Q53B90	210	23,24,25,26,27,28,29,30,71,72,73,74,75,129,130,131,132,161,162
F7F4B1	419	33
Q5U2W9	315	12,42,61,62
D2XV59	669	167,168,169,170,171,172,173,174,252,253,254,255,256,308,309,310,311
P02803	61	5,7,13,15,19,21,24,26,29,33,34,36,37,41,44,48,50,57,59,60
Q66HA6	186	29,30,31,32,33,34,35,71,72,73,74,75,130,131,132,133
P61794	364	39,124,125,126,127,128,129,210
Q6AYS8	298	40,41,42,43,44,45,46,47,48,49,50,51,52,53,54,55,56,57,58,59,60,61,62,63,64,172
P06765	105	96,97,98,99,100,101,102
D3ZZX4	494	435
P17764	424	216,255,256,257,260,277,278,280,281,378
Q62862	448	172,173,174,175,176,177,178,179,180,195
D3ZVI5	592	328,330,556
P21575	864	41,43,44,45,46,59,60,206,208,211,236,237,239
A0JPJ7	396	32,33,34,35,36,37,56,231
Q5RKJ2	286	50,70,79,83,86,108,115,116,117,118,120,152,159,180,225
P62630	462	14,15,16,17,18,19,20,21,153,154,155,156,194,195,196
F1M885	2152	158,159,160,161,162,163,164,165
Q08834	740	377,378,525,553
P04177	498	331,336,376
D3ZGJ6	342	100,101,102,103,104,171,179,295,296,297,298,299
Q6P6V0	558	159,160,210,211,212,213,214,215,354,358,389,519
F1LNR9	597	21,23,24,28,268,300,365,368,369
Q5XI22	397	223,226,252
Q5PQL4	425	22,62,124,125,126,127,128,129
A0A0G2K857	791	493,494,495,496,497,498,499,500
P32305	448	165
P06768	134	41,109
O88794	261	42,43,44,45,95,96,97,98,100,110,111,116,117,139,157,161,165,174,175,219,225,226,227,229
Q1HAQ0	534	392,394,398,403
D3ZR49	640	619
D4ADQ1	351	100,131,134,194,228,231
D3ZIP6	726	336,340,346
O35920	690	81,83,88,167,284,291,312,314,316,574,576,578,580,585,604,606,608,610,615
Z4YNM2	493	251,252,253,254,255,256,257,258
Q8VIE4	446	173,174,175,176,177,213,214,323,374
A0A0G2JVM7	525	230
D4A128	445	150
F1LXA3	417	122
G3V847	615	32,34,35,39,263,295,412,416
Q5XIV7	509	32,34,35,39,263,369,373
F1LV12	852	299,300,301,302,303,304,341,342,343,387,943,1023,1024,1025,1030,1031,1032,1033,1034,1070
A0A0G2JZ68	345	36,38,63,85,111,141
Q7TNA8	382	77,78,79,80,81,82,102,163,186,187,188
B0BNM3	595	286,288,327
A0A0G2K890	585	64,65,66,67,282
F1LX13	777	508,509,510,511,512,546,547,657,709
A0A0G2JUW8	1024	465,469,488
A0A0G2JYN3	1011	466,470,489
A0A0H2UHK5	900	339,343,362
A0A0G2JSP8	381	128,129,130,131,132,191,236,292,293,294,295,296,320,321,322,323,324,325
A0A0G2JTD8	688	88
A0A0G2K2H0	875	552,661,662,675
E9PSX9	879	531
F1LMN1	492	437
F1M6Z6	495	446
A0A0G2JXU4	492	439
A0A0G2K193	393	340
A0A0G2KAX4	493	438
E9PSZ7	495	450
D4ACC4	589	140
A0A0G2JWM2	388	68,69,70,71,72,78,79,80,150,151,152,153,178,183,204,207,245,246,269,270,271,307
B5DF42	676	296,334
B5DEN4	332	27,28,29,30,31,32,52,113,136,137,138
H9N9H4	274	27,28,29,30,31,32,52,113,136,137,138
A0A0G2QC31	584	480,515,516,517,518,519,520,521,559
A0A0G2JVE6	965	358,362,381
G3V7W7	964	387,391,410
A0A0G2JUF6	427	115,116,117,122,134,135,136,137,138,139,140,149,172,291,299,314,349,350,351,352,353,354,367
A0A0G2K4C6	571	190,280,281,304,443,488
A0A0G2K876	916	628,629,630,631,632,668,669,780,831
F8WFW5	935	655,656,657,658,659,695,696,807,858
P20974	275	98,146,164,202
A0A0G2KB07	285	67,69,84,86,89,101,102
G3V879	179	60,90,93,142,178,181
A0A140TAD2	603	82
A0A0G2K5Q0	652	165,166,172,174,224,225,226,227,230,231,233,327,328,329,330,331,332,333,334,335,350
F1LS42	672	185,186,192,194,244,245,246,247,250,251,253,347,348,349,350,351,352,353,354,355,370
F1LS36	670	192,193,199,201,251,252,253,254,257,258,260,354,355,356,357,358,359,360,361,362,377
G3V7V9	332	71,96,169,170,196
F1LSD5	1056	58
F1LN06	726	392,393,394,395,396,397,398,422,470,471,472,476,535,549
F1LNW0	840	506,507,508,509,510,511,512,536,584,585,586,590,649,663
F1LRU8	752	418,419,420,421,422,423,424,448,496,497,498,502,561,575
A0A0G2K943	915	2,3,34,44,48,49,50,51,52
F1LMA4	652	220
Q63376	662	139,156,238,240
Q45QJ4	1236	333,362,364,413
A0A0G2K6X6	731	82
A0A0G2JSS6	421	175,226,274,399,421
Q6P2A5	227	17,18,19,20,21,22,38,43,64,65,66,91,92,93,94,98,128,137,138,161,172,201
B2RZC1	201	116
A0A0G2K879	430	365
F1LR47	490	435
D4ABM1	490	458
A0A1B0GWL1	445	435
A0A1B0GWV3	150	395
Q64648	490	435
Q5I0P5	490	435
B5AMZ7	489	434
Q68G40	494	439
A0A0G2JSR8	507	441
G3V6E2	151	54,56,58,75
B5DFC5	401	130
A0A0G2K7Z9	472	65
H9KVF6	980	65
A0A0G2K2N2	595	33
A0A0G2K5J4	634	33
A0A0G2JUD6	683	99,100,101,102,103,104,105,106
Q546L7	449	230,231,232,233,234,235
E9PTH2	812	85
Q4KSH6	397	129
S4VP54	408	140
A0A140TAE7	701	17,80,398,403,578,701
G3V6Z8	677	15,17,39,86,87,374,379,554,677
A0A0G2KBB2	170	174,177,236,240
B4F796	514	17,74,75,360,365
F1M9C8	1097	134,135,136,137,138,139,140,141
F1LQD2	505	157
A0A1W2Q5Z4	179	20,23,115
A0A1W2Q6K0	262	20,23,115
F1LSH9	1111	196
M0RDG2	1147	197
D3ZGE2	458	217
A0A0H2UHA9	228	77,202,206
B2RYR2	216	198
B5DFC4	672	186,187,193,195,245,246,247,248,252,254,345,346,347,348,349,350,351,352,353,368
F1LS98	672	186,187,193,195,245,246,247,248,252,254,345,346,347,348,349,350,351,352,353,368
F1M2P8	636	186,187,193,195,245,246,247,248,252,254,345,346,347,348,349,350,351,352,353,368
F1LQC1	660	138,177
F1M609	588	66,105
A0A0G2K5T8	325	77,150,151,264
A0A0G2JT71	981	625,626,627,628,629,630,631,632,633,651
Q68EJ2	967	205,261,344,351,401,405,411,462,465
A0A0G2JYQ4	464	126,130,153,184
A0A1W2Q6P4	316	352,354,357,383
D3ZBQ4	345	281,283,286,312
A0A0G2JSH4	420	86
A0A0G2KB98	430	86
G3V9G1	1262	429,430,431,432,433,434,471,472,473,517,1078,1152,1153,1154,1159,1160,1161,1162,1163,1199
A0A0G2JYY3	1055	182
F1M7W9	1040	132,133,134,135,136,137,138,139,140,158
A0A0H2UHA1	704	73,81,126,128,144,145,147,164,165,168,240,250,287,289
M0R6V9	420	192,194,197
A0A140TAH5	434	339,341,343,352,354
F1M6X5	525	97,227,228,229,230,231,232,233,234,319,361
G3V635	497	442
M0R6M9	149	437
A0A0G2JT98	502	444
Q06884	502	441
A0A0G2K9K9	645	197
F1M9X5	358	180,189,304,313
A0A0G2K5K4	479	442
Q5PQX2	503	442
F1LPT4	588	193
Q66HK9	789	373,377,383
F1LRI6	883	54
A0A0G2K2W3	690	105,106,107,108,109,110,111,112
A0A0G2K145	654	220
B1WBN5	423	197
E9PT79	278	225
D0EA88	207	14,15,16,17,18,19,20,21,64
R9PXY6	519	259,260,261,262,263,264,265,266,309
Q80ZF4	386	79
F1LN50	585	236
A0A0H2UHG4	465	160
G3V9S0	305	96,97,98,113,115,130,131,132,189
G3V6V1	650	169,170,171,296,297,298,299,300,301,325,329,348,600,601,602
A0A0G2JUP0	340	63
A0A0A0MP81	206	47,52,97,98,113
F1LNL9	382	150,196,244,254
D4A0C5	851	208,235,318,325,375,379,385,437,440
A0A0G2JXD7	474	187
F1M6A8	452	187
A0A0G2K0V3	323	74,117,120,262
A0A0G2K4K8	568	34
Q6TXH3	651	34
G3V9R9	608	273
G3V6D0	611	273,278
A0A0G2JSH5	608	27,30,37,91,264,268,271,273,276,279
D3ZCV9	893	572,573,574,575,576,577,578,579,580,598
F1M7W0	1039	684,685,686,687,688,689,690,691,692,710
D3ZBZ7	891	546
A0A0G2JTL4	974	562,590,591,592,593,594,595,596,597,617,665,666,667,668,669,670,671,789,790,803
G3V6A0	1088	571,598,599,600,601,602,603,604,605,606,626,674,675,676,677,678,679,680,821,822,835
B2RYC7	629	396
G3V6C4	493	11,12,13,14,15,16,36,41,89,90,91,92,93,130,131,161,162,163,164,165,220,221,222,223,224,260,267,268,269,270,271,272,273,274,275,276,277,278,279,282,283,284,285,344,345,352,448
G3V7E2	312	69,70,71,72,73,152,160,260,275,276,277,278,279
F1M9A7	699	174,213
F1LSN4	800	473,474,475,476,477,478,479,503,551,552,553,557,616,630
G3V6K1	427	152,153,154,155,156,197,245,292,380,381,395,396,397,405,427
A0A0G2K8C7	1207	325,326,327,328,350,351,412,413,414,415,416,417,418
G3V717	591	76,77,78,79,294
F1LNI8	589	43
A0A0G2K542	507	127,190,222,223,253,396
D4A5Z9	1111	456
F1LNW3	681	154,193
A0A0G2JTF6	227	7,9,11,55,57,65,125,145,157,159,193
Q5FVP6	286	26,27,78,129,130,131,180,181,183,186,189,219,220,221,242,243,268,269,270,285,286
G3V7T7	789	335,339,345
H9KVF3	419	46
D4A0U0	672	264,265,266,267,268,269,270,271,272,287
Q5M813	309	36
F1M7K8	524	468
A0A0G2K5C7	1021	33
Q99JC9	480	251,252,253,254,255,256
A0A0A0MXX3	184	90,116,119
F1LM54	727	484,485,486,487,488,489,490,514,562,563,564,568,627,641
F1LMC9	407	345
A0A0N4SWI7	340	282
A0A0G2K6R1	512	33
D3ZCU1	513	33
B2GVA7	279	213,215,226,231,237,240,253,256
D3ZLK9	365	171,224,225,226,227,228,229,230,264,265,266,267,268,283,284,285,286,287,288,289,290,291,292,293
A0A0G2K5X6	837	559,560,561,562,563,564,565,566,567,587
A0A0G2K6E5	589	200
F1LNP2	560	224
F1LRV6	345	26,27,78,129,130,131,180,181,183,186,189,219,220,221,242,243,268,269,270,285,286,287,288,289,290,314,315,316,317
A0A0G2K5L3	464	206,276,278,327,339
G3V811	732	437,439,486,491
A0A0M6L0M6	227	212
A0A140TAC6	216	201
A0A0M5HDY8	228	212
G3V850	250	245
A0A0H2UHN3	241	215
A0A0H2UHN4	221	47,205
A0A0G2JWD1	228	58
G3V873	220	57
B0BMU3	234	60,218
Q8K3W4	227	56
A0A0M5HDY9	221	50,205
F1LQB3	228	49,208
Q1KZH8	229	49,208
G3V8A4	1253	248,311,312,697,770,771,772,773,774,818,822,874,962,1160,1215,1216
C7C5T2	788	34,97,98,127,128,129,130,173,174,175,210,217,218,219,273,301,307,308,309,310,481,538,539,540,541,542,576,583,584,585,639,665,671,672,673,674,744
A0A387KBL1	323	117
F1LQ80	334	117
A0A387KC71	324	118
A7UAK3	462	253,254,255,256,257,258,259,260
F1LM10	707	386,387,388,389,390,391,392,393,394,409
D3ZNZ5	462	186,188,199,251,254,286
D3ZKK5	664	350,351,352,353,375,376,437,438,439,440,441,442,443
A0A0G2K1C8	428	93,143,170,172,259,298
D4AEB0	335	77,79,166
A0A0A0MXY3	448	72
A0A0G2JUV8	475	42
F1LZG4	475	42
A0A0G2K7A6	660	48,51,55,294,326,391,394,395
G3V8F1	637	48,51,55,294,326,391,394,395
A0A0G2KBC4	978	561,588,589,590,591,592,593,594,595,596,616,664,665,666,667,668,669,670,782,783,796
D4ACA7	1022	603,630,631,632,633,634,635,636,637,638,658,706,707,708,709,710,711,712,824,825,838
D3ZRE3	365	46
A0A0G2JUN5	283	77,97,99,100,227
D3ZJH9	584	165,255,256,279,421,466
A0A0G2KAA8	533	71,73,74,78,341,406,409,410
F1LQW0	567	71,73,74,78,318,350,415,418,419
E9PSM5	663	102,134,168,178,180,185,186,190,193,202,204,206,208,209,211,478,480,524,574,621,623
B2GUU4	852	375,376,377,378,379,380,381,382
A1L1M0	351	73
G3V7N1	566	172,237,308,514
F1LSV8	370	78
A0A0G2K2Y3	884	342,346,365
B0BNC0	419	162,163,164,165,166,225,270,326,327,328,329,330,354,355,356,357,358,359
A0A0G2JSK9	407	301,383,384
F1LMG2	361	208,290,291
F1LMZ4	779	77,78,79,80,81,82,83,84,141,142,143,144,145,195,196,197,198
F1LQC8	347	18,19,20,21,22,23,24,25,26,41,42
F1M8L1	704	312,313,314,315,316,317,318,319
A0A140TAB1	733	352,353,354,355,356,392,393,510,561
F1M978	277	123,143,145,146,273
A0A0G2K4N5	474	105,280,433
G3V787	507	119,294,447
F1LM88	482	212,213,214,215,216,252,253,362,413
A0A0U5J7B5	292	241
A0A1W2Q632	421	86
A0A1W2Q6Q2	739	423
A0A096MJ75	439	335,336,337,338,339,340,341
A0A0G2K2C2	700	250,251,252,253,254,255,256
E9PSS1	710	399
A0A0U1RS35	144	116,271,275
A0A0U1RS38	75	161,165
Q5XI98	500	193
A0A0G2K713	396	117,118,119,146,168,170,196,205,264,286,288,291,319,320,321,322,323,342,343
F1M8I6	1211	219
A0A140TAI8	475	108,182,207,237,241,273,274,275,276,277,278,294,397
A0A0G2JTI8	944	215,349,350,351,352,353,385,389,408,878
A0A0G2K6J2	870	572
F1LPA4	983	685
G3V796	421	158,159,160,161,162,163,164,165,166,167,191,192,193,306,307,308,316,317,374,375,376,377,378,403,404,405
F1LPM9	835	490
A0A0G2K9K5	398	124,125,126,127,128,129,130,131,132,133,134,135,136,137,181,182,183,184,185,186,187,188,189,190
G3V628	311	124,125,126,127,128,129,130,131,132,133,134,135,136,137,160,161,162,163,164,165,166,167,168,169
F1LRG0	493	423
Q4KLN3	655	109
Q56A33	360	54
M0R8W8	447	272,273,274,296,325,326
F1M4P9	171	12,14,15,16,17,108
G3V9N9	655	635
Q7TP80	246	226
A0A096MKC1	534	296
F1M7N2	545	204,205,206,207,208
A0A0H2UI32	344	112,113,114,117,202,203,204,224,236,294,317
A0A0H2UHD6	346	114,115,116,119,204,205,206,226,238,296,319
M0R609	1003	85,168,175,226,230,236,286,289
D3ZC07	958	676
A0A0H2UI21	626	420,424,425,426,427,428,429,430,431,453,455,457,466,505,556
M0RC66	87	34,35,36,37,38,39,55,60,81,82,83,110,111,112,113,117,148,154,165,193
A0A0H2UHR0	337	103,104,105,108,194,195,196,228,286,309
Q66HK3	602	122,390
B1H218	313	74
A0A0G2K070	775	86,87,88,89,90,91,92,93
A0A0G2K2P7	528	254
F1M9Q8	644	220,221,222,223,224,225,226,289,290,291,292,293,294,295,302,303,304,305,354,355,356,357,358,359,360,477
A0A0G2JZX9	507	151,152,153,154,155,191,192,298,349
D4AEB4	909	245,246,247,248,249,250,251,252,253,254,428,587,588,589,594,595,596,597,598,599,600,683
G3V752	1024	287,288,289,290,291,292,293,294,295,296,470,629,630,631,636,637,638,639,640,641,642,725
A0A0G2K4W6	1213	226
A0A0G2JW74	764	113,114,115,116,117,118,119,120
F1M7U7	880	457,566,567,580
Q5BJT9	418	162,163,164,165,166,225,270,326,327,328,329,330,354,355,356,357,358,359
Q6AZ33	295	16,17,18,19,43,44,45,76,77,78,79,97,279,280,291,292
A0A0G2K3T0	622	143,182
A0A0G2JVR0	797	391,423,424,425,426,427,428,429,467
F1M1Q3	770	348,352,358
F1M084	1135	251,280,282,331
R9PXY3	1072	332,361,363,412
D3ZCI6	1022	329,358,360,409
D4A8C5	1206	329,358,360,409
F1LNK2	1176	329,358,360,409
A0A0G2KA10	589	82,163,173,175,180,181,188,197,199,201,203,206,226,230,236,244,374,376,423
M0RCS0	477	70,150,160,162,167,168,175,184,186,188,190,193,213,217,223,231,361,363,410
R9PXX7	366	73
A0A0G2JUD9	708	100,132,166,176,178,183,184,188,191,202,204,206,207,209,355,359,365,373,478,480,526,620
D3ZYK8	708	100,132,166,176,178,183,184,188,191,202,204,206,207,209
A0A0G2K1T5	504	269,271,497
F1LP67	497	105,111,286,381,440
Q3MHU2	397	136,155,204,205,206,253,254,267
P63095	394	47,48,49,50,51,52,53,54,55,197,198,199,200,201,202,203,204,223,224,225,226,227,292,293,294,295,366
A0A0G2JVG0	1271	145,163,172,207
F1LQC7	1202	183
B1WBT4	681	108
A0A0G2K5Y7	356	193,195,196,197,198,261,264,268,292,329,351,356
A0A0A0MXZ8	548	245,246,247,295,296,297,299,300,302,335,336,337,358,359,382,383,384,385,386,412,467
G3V786	316	111
Q6AY99	316	111
Q6P6G4	258	10,11,12,13,14,15,16,17,62,89,90,91,92,116,117,189,190
A0A0G2KAI1	633	228,229,230,231,232,268,269,376,427
A0A0H2UHE1	360	78,79,80,81,104,157,158,159,221
A0A0G2JSJ5	576	64,66,130
A0A0G2K0D8	902	88,89,90,142,567,568,569,593,594,595,596,626,627,628,629,630,631,646,647,794,795,796
M0R8T2	907	88,89,90,142,565,566,567,591,592,593,594,624,625,626,627,628,629,644,645,789,790,791
A0A0G2K227	631	68,71,75,313,345,410,413,414
A0A0G2JSY7	348	201,279
A0A0G2JU29	620	17,39,79,80,368,373,551,617
F1LMM5	674	17,39,79,80,368,373,551,674
R9PXV0	602	47,54,289,321,386,389,390
A0A0G2JSN3	628	65,72,308,340,405,408,409
D4A1T6	660	78,86,131,133,154,157,179,180,183,265,302,304
D4A1S0	679	60,68,113,115,131,132,134,149,153,226,236,275
G3V7L3	694	66,74,117,119,135,136,138,153,157,230,240,279
A0A0G2K064	595	420,501
A0A0G2K163	612	431,512
Q5RK05	103	71
A0A0G2JWT3	558	294,296,522
F1LNA6	870	51,52,87,316,317
M0R582	496	191
Q7TPJ5	569	297,299,300,423
F1M7F5	546	101,183,193,195,200,201,208,217,219,221,223,226,246,250,256,264,393,442,492
B5DFA8	512	270,286,314,315,316,443,444,445,446,447,448
A0A0G2K7T2	753	442,443,444,445,446,447,448,449,450,451,508,520,548,574,575,576,577,578,579,580,581,582,583,597,600,610,612,617,619
A0A096MJA1	92	865,896,897,898,899,900,901,902,940
F1LMK4	868	605,606,607,608,609,610,611,612,632,679,680,681,682,683,684,685,752,753,766
A0A0G2K583	283	18,60,61,93,94,196,197,220,221,222
A0A0G2K921	483	378
Q5BKA2	501	447
F1LVB0	501	448
F1M032	502	448
F1M1T9	643	326,327,328,329,330,366,367,484,535
A0A0G2JTN5	239	44,45,46,47,48,49,70,92,93,94,124,125,126,127,131,165,171,182,210
F1M7X1	506	441
H7C5X2	506	461
D3ZHZ6	488	454
D3ZJX6	452	453
A0A0G2K3K7	419	72
D3ZQG8	721	345,346,347,348,349,350,351,352
F1M457	670	297,298,299,300,301,302,303,304
A0A0G2JSG6	232	25,26,27,28,29,30,46,51,72,73,74,100,101,102,103,107,142,151,152,175,186,214
A0A0H2UHH7	520	284
D3ZHX6	510	262,264,460
F1LXV0	735	41,42,43,44,45,46,47,48,49,67,394,395,396,397,398,399,400,401,402,417
A0A0G2K736	865	301,302,303,304,305,306,307,308,309,310,311,312,313,314,315,316,317,318,319,320,321,322,323,324,325,326,327,328,329,330,336,352,353,825,834,835
B3STT9	872	301,302,303,304,305,306,307,308,309,310,311,312,313,314,315,316,317,318,319,320,321,322,323,324,325,326,327,328,329,330,336,352,353,821,830,831
F1MAJ0	963	628,629,630,631,632,633,634,635,636,654
F1LMX3	978	640,641,642,643,644,645,646,647,648,666
Q4V8L7	158	55,57,59,76
A2VCV7	685	67,75,120,122,138,139,141,158,159,162,234,244,281,283
Q5BJ93	434	158,167,245,293,318,370,371,372,373,394
A0A140TAI5	554	313,314,375,376,377,378,379,380,381
Q6DUV1	737	414,415,416,417,418,419,420,421,422,437
A0A0G2JSV5	286	43,47,53,91,95,105
A0A0G2JVZ8	824	22,23,24,25,26,27,28,29,30,45
R9PXT4	873	22,23,24,25,26,27,28,29,30,45
D4A6I4	347	470
M0RDJ3	513	282
A0A0G2K590	529	379,380,381,382,383,384,385,386
G3V7J8	796	97,98,99,100,101,102,103,104
G3V6I2	1144	324,325,326,327,328,329,366,367,368,412,975,1062,1063,1064,1069,1070,1071,1072,1073,1109
G3V711	827	334,338,344
A0A0G2KAH2	1237	1047
F1LN48	914	482
D4A0T1	321	116,215,269,270
A0A0G2K5G0	310	119,128,248,257
Q4KLG5	310	115,124,244,253
A0A0G2K0I3	478	183,206,234,298,299,300,340,341,371,379
A0A0G2K082	953	633,635,641
A0A0G2K928	876	553,554,555,556,557,558,559,560,561,576
F1LYK6	449	276,314,315,342,343,374
G3V7H6	354	120,143,145,147,251,253
A0A0G2JUN9	1077	143,144,145,146,147,148,149,150,151,164
F1LPB8	427	238,239,240,241,242
A0A0H2UHC3	625	282,512
D3ZK96	739	115,116,117,124,128,129,130,182,243,252,261,262
A0A0G2JWG7	403	340
A0A0G2JWI7	237	33
A0A0G2JU56	798	85
F1M836	797	77
R9PXX6	1193	978,980,1087,1139
Q6P751	298	33
G3V960	236	20,42,46,50,69,70,71,72,73,74,117,118,135,171,172
A0A0G2K3K4	548	278
E9PT70	531	392,396,402
Q4V8L0	211	24
R9PXU4	498	68,132,197,198,199,200,201,202,203,204,292,334
A0A0G2K4I4	643	103,107,149,154,162,168,169,170,194,195,196,197,198,199,245,448
Q6AYW2	453	285,290,330
F1LRI8	479	209,229,240,309,317,342,437
Q6IRK1	442	195,215,226,295,303,328,423
M0R3V1	501	448
A0A0G2K0Q2	1027	86,87,88,89,90,91,92,93
F1M8F2	1022	81,82,83,84,85,86,87,88
F1LV10	1043	101,102,103,104,105,106,107,108
B1WBQ5	491	56
F1LRP7	880	598,670,808
A0A0G2KAT5	1067	505
D3ZCW0	498	382,448
A0A0G2K9N5	498	380,446
F1LPS4	500	383,449
A0A0G2KAB2	583	44
B2GV79	292	25,27,58,59,60,178,209,234
Q9JJ75	367	38
Q9JJ76	416	38
Q5I0P9	504	446
A0A0G2JSU8	504	446
A0A0G2K0N7	504	446
A0A0G2JYL2	509	284
F1M9R1	244	42,49
A0A0G2K399	250	46,47,48,49,50,51,52,53,54,69,148,155
Q4V8M2	326	46,47,48,49,50,51,52,53,54,69,124,131
D4ADI4	542	74,75,76,77,78,79,80,81
A0A0G2K6B1	975	557,559,565,642
A0A0G2KBC7	851	96,159,160,189,190,191,192,235,236,237,272,279,280,281,335,363,369,370,371,372,542,599,600,601,602,603,637,644,645,646,700,726,732,733,734,735,806
Q52KS1	780	25,88,89,118,119,120,121,164,165,166,201,208,209,210,264,292,298,299,300,301,471,528,529,530,531,532,566,573,574,575,629,655,661,662,663,664,735
A0A0G2K429	1180	396,397,398,399,400,401,438,439,440,484,1043,1117,1118,1119,1124,1125,1126,1127,1128,1164
F1LSD1	1166	419,420,421,422,423,424,461,462,463,507,1066,1140,1141,1142,1147,1148,1149,1150,1151,1187
F1LQ89	888	164,165,166,167,168,169,170,171,172,185
G3V742	472	97,129,163,173,175,180,181,183,185,188,195,197,199,201,203,204,206,223,227,233,241,292,294,336,338,384,386,433,435
R9PXT7	477	100,132,166,176,178,183,184,191,202,204,206,209,226,230,236,244,297,343,391,438,440
A0A0G2KA34	338	92,124,158,168,170,175,176,183,194,196,198,199,201,218,222,228,236,297,341,343,391,438,440
G3V788	476	92,124,158,168,170,175,176,183,194,196,198,199,201,218,222,228,236,296,340,342,390,437,439
G3V7D0	466	92,158,168,170,175,176,183,192,194,196,198,201,218,222,228,236,287,333,381,426,428
A0A0H2UHF3	419	121,122,123,124,125,175,218,245,333,335,338,364
A0A0G2K6Z6	335	43,81,84,120,215,250,252
F1LMB4	481	237
A0A0G2JTL2	887	104,105,106,107,108,109,110,111,112,127
A0A0G2K095	379	57,58,59,60,275
Q5PQK5	583	60,61,62,63,278
F1LPY2	503	437
A0A0H2UHG1	490	423
A0A0G2K7Y7	891	112,113,114,115,116,117,118,119
A0A0H2UHI2	368	97
A0A0G2K7C4	427	73
A0A0G2K9E8	998	10,11,12,13,14,15,16,17
A0A0G2K6S7	510	225,230
Q5M895	494	209,214
B2RYN0	542	64,276,278,280,370,371,372,496,497,498,499,500,505
A0A0G2K1S6	571	130,220,221,244,383,428
F1LQQ1	497	73,163,164,187,326,371
A0A0G2JSK2	520	324,325,350,352,402
A0A0G2K405	423	227,236,357,366
B0ZTH9	372	256,257,258,259,260,261,262,263,306
D0VED2	567	250,251,252,253,254,255,256,257,258,277
G3V9D1	756	30,31,32,33,34,35,36,37,38,39,40,41,42,43,44,45,46,47,48,49,50,51,52,53,54,55,56,57,312,341,343,390,438,440,522,549,651,653,677,706,707,708
A0A0G2KAX6	667	378,380,430,435
Z4YP11	667	378,380,430,435
F1LZT7	616	245,277,396,400
G3V6Q4	616	46,47,51,275,307,426,430
A0A0G2K793	694	58,63,71,77,78,79,98,99,100,101,102,103,149,362
A0A0H2UHV7	907	537,541,654,658
P46418	221	9,45,54,55,67,68
P04904	221	9,45,54,55,67,68
M0R3R1	324	88,89,90,119,156,161,186,187,188,301,302,303
Q4V8C0	484	287,367,384
A0A1B0GWV6	1112	47,52,55,77,117,120,152,154,264,265,266,267,268,269,270,271,367,411,429,771,802,916,918,1083
F1LSK6	462	409
Q3MIF0	199	10,35,37,70,146,147,148,149
F1M7X4	1231	679,680,681,682,683,684,685,686,687,706
A0A0H2UHN7	550	496
D3ZIL9	876	381,390
A0A0G2JWW9	547	63,174,176,287,292,296,333,334,409
G3V8I1	540	62,173,175,331,336,340,377,378,452
A0A140TAC4	822	526,527,528,529,530,531,532,533,534,548
F1LPI8	453	222
Q68G39	496	194
B1H256	412	181,183,186,194,195,222,226,228,232,254,255,256,323,324,326,365,400,401,402,407
A0A0G2K0S8	427	214,215,216,217,218,219,220,221,264
A0A0H2UH89	469	256,257,258,259,260,261,262,263,306
E2E1S0	877	43
A0A096MK30	577	60,61,62,63,278
A0A0G2JXA6	714	96,97,98,99,100,101,102,103,104,122,449,450,451,452,453,454,455,456,457,472
A0A0G2K6M9	550	432
