UniProtID	Seqlen	binding
Q969Y2	492	256,257,258,259,260,261,262,263,303,304,305,306,307,374,375,376,377
Q8TDX5	336	6,8,47,174,291
O95219	450	106,108,132,154
Q9H1H1	148	9,15,25,29,43,49,59,63
Q92995	863	211,214,231,244
Q86V35	215	46,48,50,57,82,84,86,88,93
Q9H040	489	111,115,130,456,459,471,475
O94823	1461	433,434,435,724,766,790,835,915,916,917,1029,1035,1055,1058,1059
Q86YS7	1000	19,26,76,78,81,84
P09960	611	135,136,137,267,268,269,270,271,272,296,300,319,564,565,566
P49419	539	192,193,194,218,258,259,274,275,296,297,331,427,489,490
O60906	423	49
P61019	212	13,14,15,16,17,18,19,20,21,61,62,63,64,65,119,120,121,122,149,150,151
Q16698	335	66,67,68,69,70,71,91,117,119,149,157,214,240,241,242,243,251
P12277	381	72,128,129,130,131,132,191,232,236,285,292,320,321,322,323,324,325,335
Q96PN6	1610	47,48,49,50,51,52,95,99,144,167,176,337,406,412,413,414,415,416
Q9P2T1	348	26,27,78,129,130,131,180,181,183,186,189,219,220,221,242,243,268,269,270,285,286,287,288,289,290,314,315,316,317
Q9UHI5	535	53,134,246,395
P22455	802	473,474,475,476,477,478,479,480,481,503
P41439	245	103,107,124,125,126,127,128,157,158,159,160,161,162,196
Q96BS2	214	123,125,127,129,134
P40692	756	38,63,82,83,84,100,101,102,103,104
P51151	201	14,15,16,17,18,19,20,21,22,62,63,64,65,66,124,125,126,127,155
P04156	253	61,62,63,69,70,71,77,78,79,85,86,87
Q86UD5	537	244,275,278,279
P17041	273	79,82,95,99,107,110,123,127,141,144,157,161,198,201,214,218,247,250,263,267
P51693	650	174,206,209,210,561
P63316	161	65,67,69,71,76,105,107,109,111,116,141,143,145,147,152
Q9NUL7	540	172,173,174,175,176,177,178,179
Q8NB49	1132	412,413,414,501,543,566,597,677,678,679,792,798,819,822,823
Q96GR2	724	282,283,284,285,286,287,288,289,290,472,473,474,475,476,477,550,565,701
P05187	535	64,114,177,238,291,292,307,333,338,342,379,380,454
Q06141	175	50,107,121,145
P08185	405	254,286,390,393
P20585	1137	896,897,898,899,900,901,902,903
Q7Z4N8	544	440,442,510,520
Q9NQR9	355	79,168
Q96LC7	697	119
P06744	558	159,160,210,211,212,213,214,215,354,358,389,519
Q9UHI8	967	198,261,344,351,401,405,411,462,465
O60658	829	560,596,597,726
O15066	747	96,97,98,99,100,101,102,103
O43374	803	21,27,74,76,79,82,149,155,202,204,207,210,683,694,695,705
Q68J44	220	146,147,148,149,150,151,152,153
Q96RI1	486	345,375,383,461
Q9Y4B4	1467	305,306,307,308,309,310,311,312
Q9UP95	1085	131,132,216,429,432,433,434,435,589,697,699,707,708,730,794,795,797
Q06187	659	26,28,39,53,143,154,155,165,408,409,410,411,412,413,414,415,416,430,474,475,476,477,542
Q5HYI8	236	16,17,18,19,20,21,148,149,150,179,180
Q8TEA8	209	4,6,28
P05141	298	80,92,235
Q9UBG3	495	62,64,66,68,73
Q8N465	521	386,390,401,434,441,443,475,476
Q92930	207	15,16,17,18,19,20,21,22,63,64,65,66,67,121,122,123,124
P13569	1480	401,434,458,459,460,461,462,463,464,465,493,1219,1244,1245,1246,1247,1248,1249,1250,1251
Q9NS61	270	153,155,157,159,164,189,191,193,195,200,237,239,241,248
Q14258	630	13,16,28,30,33,36,50,53
P54619	331	70,85,86,87,88,89,90,130,151,152,170,200,205,226,227,242,243,244,245,269,277,298,299,314,315,316,317
Q8IZT8	346	100,101,102,103,104,122,123,124,125,126,127,128,155,156,157,158,183,191,226,227,293,309,310,311,312,313
Q9UBK8	698	93,94,95,96,97,98,99,100,101,102,103,104,105,106,107,108,109,110,111,112,113,114,115,116,117,118,119,120,121,122,123,124,291,451,452,453,454,487,488,489,490,610,611,624,625,626,659,697
Q8NE86	351	264
Q8NBQ5	300	40,41,42,43,44,45,46,47,48,49,50,51,52,53,54,55,56,57,58,59,60,61,62,63,64,172
Q6NXP0	572	212
P16035	220	27
Q5VT79	327	266,268,270,310
P98196	1134	414,415,416,511,553,576,607,687,688,689,798,804,825,828,829
Q8N987	351	39,41,43,45,50
Q9BVS5	477	259,278,279,317,335,463
Q16134	617	71,72,73,74,75,76,77,78,79,80,81,82,83,84,85,305,306,561,586,589,592
Q9BYV6	548	124,127,147,153
P02771	609	22
Q9NPG2	151	64,96
O75106	756	516,518,525,526,527,568,637,659,661,663,669,670,680
Q9UBQ0	182	8,10,39,62,86,115,117
Q9UKA1	691	15,57,58,61,80,126,130,662,676,686,687
Q8N4E7	242	87,122,125,167,201
Q9UKK9	219	28,46,47,51,84,96,98,112,116,133,166
P02649	317	162,163,164,165,229,230,231,232,233,234,235,236
P17174	413	39,141,195,387
Q01974	943	479,480,481,482,483,484,485,486,487,507
Q12798	172	41,43,45,47,52,150,152,154,156,161
Q96P71	396	49,51,53,55,60
Q9NXR8	418	363,365,376,381,387,390,403,406
P59044	892	202,203,204,205,206,207,208,209
O60760	199	8,14,39,49,50,51,63,64
P04839	570	101,115,209,222,338,339,340,341,342,343,344
Q9P2N4	1935	223,434,438,444
Q9BXY5	557	439,443,450,477,479,481,486,511,513,515,517,522
Q9NVD3	440	272
Q96IR7	371	163,258,339
Q8TE49	926	890,895,907,910
O43526	872	214,230,327
P26045	913	811,842,843,844,845,846,847,848,886
Q8WUX2	184	3,4,5,6,7,8
P30679	374	49,50,51,52,53,54,55,56,183,184,185,186,187,188,189,208,209,210,211,212,277,278,279,280,346
Q14117	519	67,69,159,164,192,248,326,347
Q9Y661	456	207,208,209,210,211,229,230,231,232,233,234,235,260,261,262,263,288,296,328,329,413,414,415,416,417
O15488	501	42,43,44,45,46,47,48,110,135,136,137,166,167,168,193,194,195,196,197,245,246,247,248,249,250,251
Q6P9A2	607	194,251,253,382,385,390
O43861	1147	468,469,470,591,633,638,657,686,687,766,767,768,848,854,874,877,878
Q13596	522	186,188,214,238
Q06203	517	280,327,389,390,426,503,506
Q8WX94	980	178,179,180,181,182,183,184,185
Q9NP86	173	41,43,45,52,118,120,122,124,129,155,157,159,161,166
Q9C037	500	87,90,109,115
P24347	488	80,166,171,172,174,176,179,192,215,219,225
Q96QA5	445	9,10,11,12,13
O43548	720	400,402,448,453
Q05BQ5	628	54,57,74,78
O15198	467	68,113,125,130
O00167	538	274,276,502
P12694	445	158,159,206,207,208,211,212,238,239,240,265,267,269,336
O95342	1321	455,456,457,458,459,460,461,462,1113,1114,1115,1116,1117,1118,1119,1120
P07101	528	361,366,406
Q8N3C0	2202	499,500,501,502,503,504,505,506,1349,1350,1351,1352,1353,1354,1355,1356
P13497	986	213,217,223
Q9H6R0	707	97,98,99,100,101,102,103,104
Q5W0Z9	365	128,131,135,140,141,142,143,145,148,155,162
P49790	1475	664,667,678,681,728,731,742,745,799,802,813,816,857,860,871,874
Q8IUG5	2567	660,661,662,663,664,665,666,667
P62877	108	42,45,53,56,68,75,77,80,82,83,94,97
Q52WX2	424	59,60,61,62,63,64,65,66,67,82
Q8NCT3	520	331,336,367
Q01433	879	364,366,435,436,437,438,439,440,633,636,710,711,712,713,714
A6NHQ2	334	184,185,203,204,228,229,248,249,250,251
Q9UKM7	699	688
P49589	748	55,56,96,348,373,377,409
P41208	172	41,43,45,47,52,150,152,154,156,161
Q9Y6U3	715	112,113,114,115,116,117,118,119,138,139,140,141,142,143,144,145,146,538,539,562,643,644,666
O75792	299	34,35,141
Q13237	762	232,233,234,235,242,243,347,356,357,358,359,366,367,412,415,459,460,461,462,463,464,465,466,467,482
Q9NX74	493	18,19,20,43,87,155,183,214,215,216,242,243
Q9BWV3	514	109,134,137,398,426,429
P28331	727	64,75,78,92,124,128,131,137,176,179,182,226
P48048	391	223,224,225,226,227,228,229,230
O15381	856	305,306,307,308,309,310,311,312,622,623,624,625,626,627,628,629
Q9BXY8	128	125
Q9NWW6	199	10,11,12,13,14,15,16,17,18,36,37,38,39,55,56,128,129,132,133,134,135,172,173,174
P42677	84	37,40,56,59
Q96CV9	577	555,558,571,575
P50135	292	28,60,89,94,120,142,283
Q96SW2	442	323,326,378,380,386,391,394
Q9Y2P5	690	292,293,294,295,296,297,298,299,300,301,302,303
P0DPD6	811	648,652,708
Q5TCQ9	1481	121,122,123,124,125,126,127,128
P00367	558	141,142,143,147,171,176,252,266,270,319,322,438,444,450,516
O95267	797	483,485,487,489,494
Q96LD4	638	182,185,204,209
Q86UE8	772	468,469,470,471,472,473,474,475,476,491
Q00266	395	23,29,57,70,113,179,180,181,247,248,249,250,258,264,265,281,285,289
Q9NPF2	352	124,125,126,127,128,129,130,186,187,188,189,190,191,192,193,194
O75116	1388	98,99,100,101,102,103,104,105,106,121
P29074	926	820,852,853,854,855,856,857,858,896
P06737	847	43,44,45,76,310
Q9H3H5	408	44,45,46,56,119,125,178,179,180,181,182,183,184,185,186,191,252,301,302,303
P48664	564	388,389,390,419,421,423,427,468,469,470,471,472,501,508,512
Q9H244	342	93,97,105,156,157,158,159,175,176,177,178,179,187,191,256,257,258,259,263,280
O00238	502	210,211,212,213,214,215,216,217,218,231
O60683	326	273,276,288,290,293,296,307,310
P21796	283	12,20,242,243,244,260,261,262,263,264
Q8N165	341	14,15,16,17,18,19,20,21,22,37
Q8WXA3	606	546,549,562,565,570,573,590,593
Q9H4B4	646	68,69,70,71,72,73,74,75,76,91
Q8IYM1	358	56,57,58,59,60,61,62,63,89,115,195,196,197,198,199,200,201,202,203,251,266
Q8N475	847	188,190,192,199,226,228,230,232,237
Q15811	1721	66,68,70,72,77,267,269,271,273,278,1667,1670,1673
P36405	182	24,25,26,27,28,29,30,31,48,67,68,69,70,71,126,127,128,129,159,160,161
A8MPS7	323	14,134
P0DMV9	641	12,13,14,15,71,202,203,204,268,269,270,271,272,273,274,275,339,340,341,342
Q6ZMC9	328	143
Q9NZD2	209	48,49,50,51,52,53,54,55,140,207
Q15080	339	58,59,60,92,93,94
Q16181	437	57,58,59,60,61,62,63,64,90,116,195,196,197,198,199,200,201,202,203,250,265
Q8NFH8	660	328,330,332,339
Q6NZ36	180	147,150,166,170
Q96M20	576	116,117,118,119,120,121,122,123,124,125,126,127,128,129,130,131,132,133,134,135,136,137,138,139,140,141,142,143,144,145,146,147,148,149,150,151,152,153,154,155,156,157,158,159,160,161,162,163,164,165,166,167,168,169,170,171,172,173,174,175,176,177,178,179,180,181,182,183,184,185,186,187,188,189,190,191,192,193,194,195,196,197,198,199,200,201,202,203,204,205,206,207,208,209,210,211,212,213,214,215,216,217,218,219,220,221,222,223,224,225,226,227,228,229,230,231,232,233,234,235,236,237,238,239
Q9P2S2	1712	335,352,420,779,796,854,1189,1206,1288,1290
Q9BV79	373	167,193,194,195,196,216,217,218,285,286,287,288,310,311,312,368
Q05586	938	516,517,518,523,688,732
Q15046	597	277,301,323,324,325,331,332,339,341,494,495,497,501,550,551,552,553
Q9Y259	395	75,76,77,78,79,80,81,104,146,147,148,149,150,151,152,244,264
P51451	505	247,248,249,250,251,252,253,254,255,269
Q53H47	684	75,77,82,87,89,118,122,124,128,149,150,151,192,220,223,224,226,287,289,294,496,588
Q3SXY8	428	28,29,30,31,32,33,34,35,71,72,73,74,75,130,131,132,133
O76074	875	617,653,654,764,817
Q8N371	416	238,272,275,318,321,323,327,336,400,414
P20020	1220	475,477,797
P21549	392	360
P62166	190	73,75,77,79,81,84,109,111,113,115,120,157,159,161,163,168
Q9Y4I1	1855	163,164,165,166,167,168,169,170
Q9UBL6	633	245,251,307,309,315
Q9UL54	1235	34,35,36,37,38,39,40,41,42,57
O00746	187	45,93,121,127,138,148
O94760	285	30,73,78,79,98,145,268,274
P0DM35	61	5,7,15,19,21,24,26,29,33,34,36,37,41,44,48,57,59,60
Q6N063	350	235,237,290,300
Q16620	822	544,545,546,547,548,549,550,551,552,572
Q9BY49	303	23,24,25,26,27,28,29,30,31,32,33,34,35,36,37,38,39,40,41,42,43,44,45,46,47
Q9NXC5	875	737,740,775,778,788,827,830,832,835,838,849,854,858
P21860	1342	715,716,717,718,719,720,721,722,723,742,788,789,790,834,835,836,837,838,839
P46063	649	91,93,96,116,118,119,120,453,471,475,478
P11172	480	257,259,281,282,283,314,317,321,372,430,431,432,450,451
A0FGR9	886	321,322,332,379,380,381,383,385,386
P51648	485	185,186,187,188,189,190
Q9UGM6	360	42,48,49,50,51,167,179,180,181,217,226,227,228,229,230
Q9Y468	840	622,627,640,646
O60507	370	79,80,81,82,83,184,192,196,239,286,287,288,289,290,291,292,293,294,295,301
O43593	1189	1007,1009,1125
Q8IZC6	1860	1708,1710,1713,1716
P40261	264	20,25,63,69,85,90,142,143,163,197,213
P35625	211	24
Q96RR4	588	171,172,173,174,175,176,177,178,179,194
P37059	387	82,83,84,85,86,87,88,89,90,91,92,93,94,95,96,97,98,99,100,101,102,103,104,105,106,107,108,109,110,111,219
A6NCM1	818	567,568,569,570,571,572,573,574
P48058	902	500,502,507,676,677,727
Q7Z3S7	1137	297,299,301
Q6P6C2	394	193,195,204,206,266,277
Q14164	716	15,16,17,18,19,20,21,22,23,38
Q9BXR0	403	105,159,202,229,317,319,322,348
Q9H2M3	363	208,290,291
Q6FIF0	208	14,18,30,33,149,152,163,165,170,173,179,181
P68371	445	11,69,138,142,143,144,204,226
Q9UNK4	145	47,49,51,68
O95180	2353	140,189,191
Q9H3R0	1056	134,190,192,200,208,236,242,243,278,308,310
A6NCK2	446	93,96,115,121
O14960	151	53,57,138
Q13586	685	76,78,80,82,87
Q96D21	266	26,27,28,29,30,31,32,33,73,74,75,76,77,140,141,142,143
Q6ZNA5	592	373,414,446,482
Q8NI22	146	81,83,85,92,129,131,133,135,140
Q9H6S0	1430	216,217,218,219,220,221,222,223,1294,1295,1296,1310,1360
Q5MAI5	379	10,11,12,13,14,15,16,17,18,33
Q96A99	478	322,323,406,407,408
P39900	470	92,124,158,168,170,175,176,178,180,183,190,192,194,196,198,199,201,218,222,228,289,333,381,430
Q9Y2J0	694	98,101,115,118,123,126,140,143,422,423,429,484,485,486,492,539,581,587,641,642,643,649
Q08AH3	577	139,221,222,223,224,225,226,227,228,229,359,360,361,362,363,364,446,461,469,470,471,472,501,532,540,541,542,557
P27815	886	433,437,473,474,591,642,645
Q92599	483	51,52,53,54,55,56,57,58,106,187,188,189,190,191,192,193,194,195,241,256
Q9UG22	337	31,32,33,34,35,36,37,50,57,58,147,148,149,184,318,319,320
Q01196	453	112,116,139,170
P10586	1907	68,69,70,71,72,73,74,75,76,77,1516,1548,1549,1550,1551,1552,1553,1554,1592
Q8WVM0	346	38,63,85,86,111,112,141
O75874	414	75,76,77,82,94,95,96,97,98,99,100,109,132,212,252,260,275,279,310,311,312,313,314,315,328
Q96EB6	747	261,262,263,264,265,266,267,268,269,270,271,272,273,274,275,276,277,278,279,280,345,346,347,348,371,374,395,398,440,441,442,465,466,467,482
Q86W10	505	452
Q96AZ6	181	11,13,90,93,154
Q9UMS0	254	210,213
Q9UKF2	790	172,338,342,348
O95394	542	64,276,278,280,370,371,372,496,497,498,499,500,505
Q8IUF8	465	179,181,240
Q658P3	488	36,37,38,39,58,59,91,92,93,94,95,96,97,98,116,151,152,160,229,281,302,303,316,319,378,395,409
O60260	465	238,241,253,257,260,263,289,293,332,337,352,360,365,368,373,377,418,421,436,441,446,449,457,461
Q8TDE3	154	65,66,67,68,69,90
Q8WU08	396	29,30,31,32,33,34,35,36,37,52
Q9UBP0	616	382,383,384,385,386,387,388,389
Q7Z7M9	940	536,565,588,589,590,695,723,726,731
Q9Y6X5	453	34,70,91,154,189,193,237,238,336
Q16825	1174	1067,1108,1109,1110,1111,1112,1113,1114,1152
Q08477	520	328,468
O60840	1977	330,711,1086
P67775	309	57,59,85,117,167,241
Q13523	1007	693,694,695,696,697,698,699,700,701,717
Q12873	2000	761,762,763,764,765,766,767,768
Q03721	635	116,122,143,144,436,437,438,439
Q05932	587	106,107,108,109,130,200,228,363,377
P54289	1103	259,261,263
Q96L15	291	99,160,180,214
P55265	1226	910,966,1036
Q9BR61	282	69,70,71,72,73,95,114
P11509	494	107,297,439
Q3SY69	923	110,111,112,164,592,593,594,618,619,620,621,651,652,653,654,655,656,671,672,694,695,778,825,826,827
Q86YG4	428	22,24,317
Q9NTG7	399	145,146,147,148,149,150,151,152,153,154,155,156,157,158,159,160,161,162,163,164,165,228,229,230,231,256,259,280,283,319,320,321,344,345,346
Q10471	571	143,176,201,224,225,226,331,359,362,365,367
Q969G9	470	144,146,148,150,155
P62834	184	10,11,12,13,14,15,16,17,18,29,30,31,32,33,34,35,60,116,117,118,119
O95989	172	10,18,19,20,39,40,41,50,66,70,89,90,91,115,133
O14950	172	42,44,46,53
Q01959	620	75,77,78,82,321,353,418,421,422
Q6PFW1	1433	64,65,145,198,205,224,225,248,249,250,251,257,258,259,273,275,320,332,333,334,337,338,339,340
Q8WVB6	975	374,375,376,377,378,379,380,381
O95672	775	612,616,672
Q8IVW4	592	10,11,12,13,14,15,16,17,18,33
Q96EM0	354	105,106,269,274,275
Q9BQG2	462	284,287,302,307,318,354,355,356,370,374,415
Q5JRX3	1037	104,108,205
Q6GMV2	418	351
Q96K21	471	80,83,96,99,104,107,125,128
Q9BWT3	736	99,100,101,108,112,113,114,166,227,236,245,246
Q9BPX1	270	13,14,15,16,17,18,19,20,21,22,23,24,25,26,27,28,29,30,31,32,33,34,35,36,37,38,39,40,141,158
A0A1B0GVX0	72	7,10,59,62
P46952	286	43,47,53,91,95,105
Q6KCM7	469	60,62,64,66,71
P50281	582	93,186,188,193,194,196,198,201,208,210,212,214,216,219,239,243,249
P51813	675	121,132,133,143,423,424,425,426,427,428,429,430,431,445
Q96BM9	186	29,30,31,32,33,34,35,71,72,73,74,75,130,131,132,133
Q8IYT4	538	294,295,296,297,298,299,300,301
Q9UPN9	1127	217,220,241,245,276,279,299,304
Q9H0I9	626	41,78,124,125,126,156,157,186,188,248,262,349,370,396,420,428,432
Q504Q3	1202	978,980,1087,1139
P43686	418	206,207,208,209,210,211,212,213
P50053	298	15,41,42,45,108,226,227,228,229,255,256,257,258
Q6ZQW0	420	347
Q9H0C1	365	17,20,28,31,37,41,50,54
Q96JB6	756	611,613,615
Q9NQL2	400	71,72,73,74,75,76,77,91,95,97,120,179,180,182,220,221
Q05193	864	41,43,44,45,46,59,60,206,208,211,236,237,239
A4FU69	1503	882,884,886,893
P23743	735	123,125,127,134,168,170,172,174,179
Q96LW4	560	76,114,115,116,165,166,167,168,169,288,289,290,291,297,419,426,446,451
Q9GZX3	395	49,50,51,52,53,54,55,202,203,204,205,206,207,208,209,210
Q13003	919	518,520,525,691,692,739
P26006	1051	315,317,319,323,378,380,382,386,439,441,443,445,447
Q9NUT2	735	507,508,509,510,511,512,513,514
Q9UBS0	482	73,74,75,76,77,78,79,80,81,99
Q86VH2	1401	84,85,86,87,88,89,90,91
O95405	1425	705,708,721,724,729,732,750,753
P00505	430	65,162,215,407
P22033	750	50,96,97,98,99,106,107,108,109,110,216,217,218,228,255,265,304,305,306,627
P15531	152	12,60,88,94,105,115
P54762	984	625,626,627,628,629,630,631,632,633,651
Q96RQ9	567	69,70,89,90,97,113,114,115,116,287,398,481,488,489,490,491,492,493
Q9ULI0	1458	441,442,443,444,445,446,447,448
Q15120	406	247,248,249,250,251,252,253,254,287,306,307,323,324,325,326,327,328
O43506	726	173,342,346,352
Q8N7U6	833	574,578,580,585,610,612,614,621
P35462	400	110,345,349
Q6EMB2	1281	180,186,187,208,209,210,211,221,222,223,247,268,269,270,271,293,353,366,368,384
Q8IY18	1101	80,81,82,83,84,85,86,87
P14222	555	429,430,433,434,436,484,486,490,491,492
O75844	475	335,339,415
P28476	465	105,169,197
Q96L46	248	89,92,94,117,132,134,136,138,143,162,164,166,205
O76082	557	218,219,220,221,222,223,224,225
Q1RMZ1	405	95,172,190,202,203,244
P62699	121	17,20,73,76
Q9NUB1	689	224,225,226,227,341,417,418,419,441,442,443,444,445,446,533,548,556,559
P52849	883	613,614,615,616,617,711,832,833,834,835,836
Q9H4A4	650	298,299,300,301,302,325,329,348
Q9NYS0	192	11,12,13,14,15,16,17,18,61,62,63,64,65,120,121,122,123
Q14061	63	23,24
O60678	531	239,263,285,313,314,343
P57735	213	19,20,21,22,23,24,25,26,27,67,68,69,70,71,125,126,127,128,155,156,157
P48637	474	125,144,146,148,149,150,151,214,215,216,220,267,268,269,270,305,364,365,366,367,368,369,370,371,372,373,375,398,399,400,401,425,450,452,458,461,462
Q15262	1439	1050,1082,1083,1084,1085,1086,1087,1088,1126
O15294	1046	849,852,906,907,908,911,912,913,914,930,931,932,935
P46734	347	70,71,72,73,74,75,76,77,78,93
P32929	405	62,114,119,339
Q5JT25	222	38,39,40,41,42,43,44,45,86,87,88,89,90,144,145,146,147
P40617	200	27,28,29,30,31,32,33,34,75,76,77,78,79,134,135,136,137
P17706	415	182,216,217,218,219,220,221,222,260
O95747	527	23,24,25,26,27,28,29,30,31,46
Q9Y6K5	1087	804,816,818,888,947,950,969
P26196	483	140,141,142,143,144,145,146,147
P10155	538	378,380,445
Q53FD0	456	391,394,406,410
Q6NXR0	463	62,63,64,65,66,67,68,69,87,88,89,90,91,169,170,171,216,217,218
Q05513	592	258,259,260,261,262,263,264,265,266,281
Q92620	1227	555,556,557,558,559,560,561,562
Q6ZN17	250	129,132,137,142,151,154,159,164
P98170	497	300,303,320,327
Q9H4A9	486	89,91,188,215,261,282,293,351
P08100	348	201,279
P34096	147	35,40,68,71,72,145
P13796	627	22,24,26,28,33,62,64,66,68,73
P35557	465	78,79,80,81,82,83,151,152,168,169,204,205,228,231,256,290,295,296,332,333,334,335,336,411,412,413,414,415
P53004	296	16,17,18,19,44,45,46,77,78,79,80,98,280,281,292,293
Q96QU6	501	105
Q8WXH6	277	21,22,23,24,25,26,27,28,69,70,71,72,73,126,127,128,129
Q5T9A4	648	352,353,354,355,356,357,358,359
P26440	426	165,166,167,168,169,170,171,172,173,174,198,199,200,222,223,277,284,285,286,287,312,323,380,381,382,383,384,407,408,409,410,411
P11142	646	12,13,14,15,71,202,203,204,268,269,270,271,272,273,274,275,339,340,341,342
Q96BW1	309	133,142,176,177,178,179,186,203,232,238,239,240,241,242,243,244,245,246,299,300,301
P49643	509	287,367,384,424
Q9NS87	1388	109,110,111,112,113,114,115,116
P24046	479	125,189,217
P21579	422	172,173,179,231,232,233,236,237,239,304,310,364,366,372
P12814	892	759,761,763,765,770
O14522	1441	1052,1084,1085,1086,1087,1088,1089,1090,1128
O95239	1232	88,89,90,91,92,93,94,95
Q99518	535	9,10,11,12,13,32,40,41,60,61,62,195,196,197,198
P47870	512	121,180,181,226
P09923	528	61,111,174,235,288,289,304,330,335,339,376,377,451
P10632	490	100,204,241,435
Q6IAN0	325	62,64,194,207,211,242
P08473	750	103,584,588,647
O60306	1485	801,806,826,827,828,829,830,831
P78508	379	210,211,212,213,214,215,216,217
Q9NUN7	267	19,20,22,24,33,81,217,221
Q8IZV5	341	40,41,42,43,44,45,46,47,48,49,50,51,52,53,54,55,56,57,58,59,60,61,62,63,64,197
P08319	380	47,48,49,69,99,102,105,113,180,205,206,207,208,209,210,229,234,298,299,300,323,324,325,375
O75351	444	174,175,176,177,178,179,180,181
P12724	160	65,66,67,68,69
Q8IYB7	885	383,392
O95819	1239	31,32,33,34,35,36,37,38,39,54
Q9NQV7	894	205,208,216,219,256,257,258,288,289,290,291,292,293,294,320,321,357,390,393,406,411,722,725,738,742,750,753,766,770,778,781,794,798,806,809,822,826
P17858	780	25,88,89,118,119,120,121,164,165,166,201,208,209,210,264,292,298,299,300,301,470,527,528,529,530,531,565,572,573,574,628,654,660,661,662,663,734
Q8NFA0	1604	241,243,245,247,252,277,279,281,288
Q9UI17	866	59,60,80,81,87,88,89,90,91,92,93,94,95,219,251,397,398,399,400,401,402,580,581,582,676,683,684,685,744
Q9Y6K8	562	142,143,144,145,146,147,168,191,192,193,219,220,221,222,226,257,263,274,386,387,388,389,390,391,407,412,433,434,435,462,463,464,465,469,500,517,545
Q70J99	1090	127,133,206,208,940,941,947,1005,1007,1013
Q9HCP0	422	50,51,52,53,54,55,56,57,58,73
Q03518	808	538,539,540,541,542,543,544,545,546,641,642,643,644,645,646,647,701
P12931	536	276,277,278,279,280,281,282,283,284,298
O00139	706	313,314,315,316,317,318,319,320
Q96RP9	751	53,54,55,56,57,58,59,60,120,121,122,123,124,174,175,176,177
Q96F15	307	34,35,36,37,38,39,40,41,42,55,152,153,154,189
P52961	327	121,179,233
P56937	341	8,9,10,11,12,13,14,15,171
P29375	1690	409,483,485,491,493,501,571
P10827	490	53,56,70,73,91,97,107,110,228,277
Q9UJ83	578	60,455,482
O00429	736	32,33,34,35,36,37,38,39,40,215,216,217,218,219,220,221,246,247,248,249
Q14149	939	413,416,435,446
Q5T8I9	393	36,55,78,83,115,131,132,135,136,181
Q9UNE2	315	95,98,112,115,120,123,138,141
Q8N6M6	819	479,483,502
Q8N0X4	340	50,57,61,107,171,206,272,273
Q9Y697	457	127,128,235,255,257,295,381
Q9UIC8	334	37,73,98,122,171,172,198
O43897	1013	240,244,250
Q14623	411	94,95,100,130,131,134,136,145,152,187
P06126	327	90,91,92,93,94,171,175
Q587J7	1177	460,461,462,463,464,465,466,467
P42681	527	277,278,279,280,281,282,283,284,285,299
P41594	1212	64,152,173,174,175,223,305,396
Q6NUK1	477	32,34,36,38,43,68,70,72,74,79,99,101,103,105,110,135,137,139,141,146
P02679	453	344,346,348,350
Q8NFZ5	429	405,408,423,427
P04053	509	333,334,335,336,337,338,342,343,344,345,433,448,449
Q6PIY7	484	213,215
O75764	348	310,313,338,341
P69905	142	59,88
Q96CS7	222	20
Q8IV38	441	320,323,332,335,341,345,353,357
P08294	240	114,116,131,139,142,145,181
Q96GK7	314	159,161,190
Q13882	451	197,198,199,200,201,202,203,204,205,219
Q16584	847	123,124,125,126,127,128,129,130,131,144
Q8N3J5	372	127,128,298,337
Q9UBX8	382	163,164,165,166,167,202,203,204,229,230,258,290,292,293,294,295,323,324,334
Q9BZQ4	307	16,17,24,92,95,200,202,212,213,232,271,272,273,274
Q8NA58	520	17,19,260,354
Q6ZT21	453	214,216,246,277,391,393
Q9BYC8	188	110,113,123,126
Q9P2G1	1089	333,336,351,353,356,359,378,383,465,468,473,478,519,522,537,540,545,548,555,565
P41238	236	61,93,96
Q9BX51	225	55,76,107,108,129,130
Q93075	761	499,501,593,630,655,707
A4D1S5	217	24,25,26,27,28,29,30,31,72,73,74,75,76,130,131,132,133
P14555	144	47,49,51,68
Q15485	313	241,242,249,251,253,255
Q6P1M0	643	243,244,245,246,247,248,249,250,251,252,253,254
Q16790	459	226,228,251,332,333
Q9NWT6	349	145,152,181,182,183,196,199,201,202,203,205,214,238,239,279,294,300,321
P20138	364	119,154
P06493	297	10,11,12,13,14,15,16,17,18,33
Q04656	1500	18,19,22,182,185,288,291,388,391,499,502,575,578,1081,1301,1305
Q9UPE1	567	85,86,87,88,89,90,91,92,93,108
Q6XQN6	538	21,210,318,380
P37840	140	2,50
Q05397	1052	428,429,430,431,432,433,434,454,500,501,502
P62714	309	57,59,85,117,167,241
Q9UQ90	795	312,352,353,354,355,356,357,574,578,650
P78329	520	328,468
Q9H6W3	641	340,342,405
Q16280	664	520,523,536,537
Q9BUX1	222	35,36,37,38,39,40
A6NNM8	815	202,208,209,230,231,232,233,243,244,245,269,291,292,293,311,376,389,391,407
Q96FX2	82	26,28,48,51
Q9H7H0	456	333,339,347,404
Q9Y3Q0	740	200,247,259,262,367,377,414,415,423,426,443,507,508,524,525,526,542,543,689,690
Q9H9T3	547	99,109,112,164,474,475,476,477,497,498,499,530
Q9P1U0	126	20,23,38,41,87,90,115,118
Q16099	956	500,502,507,674,675,723
P15735	406	30,31,32,33,34,35,36,37,38,53
Q8N7X0	1667	792,824
Q9HCK8	2581	836,837,838,839,840,841,842,843
P27708	2225	44,222,224,253,256,294,296,297,515,555,561,562,592,599,625,626,627,668,682,684,1088,1127,1129,1134,1159,1160,1161,1162,1202,1214,1216,1471,1473,1475,1505,1556,1590,1613,1614,1637,1661,1686,1690,1702,1975,1976,2003,2024,2052,2055,2085,2146,2185,2186
P56470	323	256,257,258,259,260,261,262
Q6IEG0	339	58,64,74,78
Q499Z3	407	261,262,263,264,265,266,267,268
Q8WVC6	231	8,9,10,11,12,13,14,15
A0PJE2	317	50,52,175,201,205,234
P00488	732	437,439,486,491
A0A1B0GTH9	108	10,13,25,29,83,86,98,102
Q13126	283	18,60,61,93,94,196,197,220,221,222
P60033	236	219
Q9H013	955	132,345,349,355
Q9H7X0	242	38,99,101,102,103,109,110,111,112,113,114,143,150,151,152,153,165
Q9BT23	127	40,43,61,64,67,70,88,91
Q02127	395	95,96,97,98,99,119,144,145,146,147,148,180,211,212,213,214,215,216,254,282,283,284,305,334,355,356
P42566	896	173,175,177,179,184,236,238,240,247
Q9UNY4	1162	6,9,32,37,596,597,598,599,600,601,602,603
O15528	508	455
P11908	318	96,97,98,99,100,101,128,130,139,143
Q9NXG6	502	198,200,202,204,209,237,239,241,248,328,330,374,451
Q9HBH0	211	26,27,28,29,30,31,32,33,73,74,75,76,77,131,132,133,134
Q96DE0	195	24,50,57,59,76,80,99,170,173
Q9P243	1243	273,276,289,293,301,304,317,321,328,331,344,349,356,359,372,377,406,409,422,426,460,463,476,481,772,775,788,793,800,805,818,822,832,835,848,853,882,885,899,903,911,914,927,931,939,942,955,958
P15104	373	134,136,196,203,204,205,206,207,208,246,247,253,255,256,257,319,324,336,337,338,340
Q96QT6	1004	59,61,62,79,82,274,277,289,292,297,300,315,318
P29803	388	90,116,117,163,165,194,195,196,223,225,290
Q9BQ50	236	14,16,17,122,193
Q8WTX7	329	111,112,274,280,281,300,301,302,303,304
Q9H0X9	879	384,385,386,387,388,389,446,447,448,449,478,479,504,670,674,678
Q08828	1119	308,309,310,311,312,313,350,351,352,396,920,997,998,999,1004,1005,1006,1007,1008,1044
Q9H1K1	167	46,70,71,95,112,138
Q8NEX9	313	29,30,31,32,33,34,35,36,37,38,39,40,41,42,43,44,45,46,47,48,49,50,51,52,53,160
Q9HAZ1	481	165,166,167,168,169,170,171,172,173,189
Q8NER1	839	116,156,161,165,200,201,202,203,211,212,511,512,550,557,647
Q8N5C1	309	15,32,37,102,121,202
Q9Y5X9	500	325,326,327,328,329,330,331,332,333,334,335,336,337
P49447	251	53,73,80,84,87,116,117,118,119,121,153,160,181,225
P27695	318	68,96,210,212,308,309
P56545	445	106,186,187,188,189,190,191,210,243,244,245,246,247,248,249,270,271,272,296,321,322,323,324
Q8WY91	577	444,567
P45452	471	96,128,162,172,174,179,180,182,184,187,194,196,198,200,202,203,205,222,226,232,240,291,293,335,337,383,385,432,434
Q6ICH7	369	228,272,283,292,293,294,328,341
Q8IVL1	2488	2157,2158,2159,2160,2161,2162,2163,2164
P09417	244	14,15,16,17,18,19,20,21,22,23,24,25,26,27,28,29,30,31,32,33,34,35,36,37,38
P51955	445	14,15,16,17,18,19,20,21,22,37
P35243	200	74,76,78,80,85,110,112,114,116,121
Q8TAV3	490	433
P02741	224	78,79,156,157,158,168
Q14012	370	26,27,28,29,30,31,32,33,34,49
P24752	427	219,258,259,260,263,280,281,283,284,381
Q9NRC8	400	107,108,109,110,111,112,113,114,115,116,117,118,119,120,121,122,123,124,125,126,167,168,169,170,195,198,225,228,268,269,270,297,298,299,315
Q92630	601	228,229,230,231,232,233,234,235,236,251,301,302,303,304
Q5TCY1	1321	40,41,42,43,44,45,46,47,48,63
Q9NZJ9	180	10,18,19,20,39,40,41,50,66,70,89,90,91,115,133
Q86Y38	959	333,361,390,391,392,494,495,575,598,599
Q92698	747	183,184,185,186,187,188,189,190
P14679	529	180,202,211,363,367,390
P22612	351	50,51,52,53,54,55,56,57,58,73
Q92963	219	28,29,30,31,32,33,34,35,75,76,77,78,79,134,135,136,137
Q9UJA9	477	36,72,191,195,238,239,339
Q8N5I4	330	55,208,212,245
P42262	883	499,501,506,675,676,726
Q92900	1129	123,126,137,140,145,155,159,165,183,186,209,213,486,506,507,508,509,510,676,713,844
P16066	1061	85,117,118
Q8TDQ0	301	111,116,118,119
Q9Y217	621	248,273,274,337,338,339,340,341,342,378,382
Q15831	433	55,56,57,58,59,60,61,62,63,78
Q9BUB4	502	87,93,94,142,299,302,305,435,470
P40937	340	60,61,62,63,64,65,66,67
O43196	834	592,593,594,595,596,597,598,599
Q13332	1948	1557,1589,1590,1591,1592,1593,1594,1595,1633
Q9NPB1	228	41,43,49,75,76,77,96,130,165,176
Q9NXA8	310	58,59,60,61,62,63,64,65,66,67,68,69,70,71,72,73,74,75,76,77,102,105,140,141,142,143,166,169,207,212,249,250,251,275,276,277,293
O96007	188	143,144,159,166,167,168
Q00169	270	58,60,85,89,96,194
Q6IA69	706	355,356,357,358,359,360,361,362
P78382	337	55,101,102,117,118,119,120,121,122,123,124,188,210,211,212,213,214,272
Q15907	218	18,19,20,21,22,23,24,25,26,66,67,68,69,70,124,125,126,127,154,155,156
P53355	1430	19,20,21,22,23,24,25,26,27,42,94,95,96,100,161
Q8IXL7	192	86,89,135,138
P17643	537	192,215,224,377,381,404
O14920	756	21,22,23,24,25,26,27,28,29,44
Q96MI9	1112	804,807,901
O95602	1720	64,67,74,77,104,107,205,208,424,429,436,552,588,590,592,1249
P51800	687	259,261,278,281
Q9NX47	278	14,17,33,35,43,46,65,68
Q86U44	580	377,378,395,513,536,537,538,539,549,550
Q70CQ1	688	4,6,26,29,38,41,46,53,57,63,76,79
Q14147	1143	185,186,187,188,189,190,191,192
O75063	409	107,123,142,222,223,224,225,294,309
Q3KRA9	238	103,104,105,114,116,182,218,219,220,221,222,223,224
Q07869	468	280,314,464
O75891	902	88,89,90,142,571,572,573,597,598,599,600,630,631,632,633,634,635,650,651,673,674,757,804,805,806
O95661	229	44,45,46,47,48,49,50,51,63,64,65,66,67,68,69,91,92,93,94,95,152,153,154,155,182,183
Q96L93	1317	102,103,104,105,106,107,108,109
Q9BW62	490	248,249,250,251,252,253,254,255
Q8N1M1	668	10,293,296,301,304
P22234	425	332
P51798	805	204,514,602,658,659,660,783,784,785,786
Q86UW6	1770	447,448,449,450,451,452,453,454
O43852	315	81,83,85,92,117,119,121,128,164,166,168,175,201,203,205,212,242,244,246,248,253,278,280,282,284,289
Q93015	286	85,90,91,92,93,141,142,143,149,150,151,152,153,154,179
O95932	706	223,226,228,303,305,307,309,327,396,417,445,450
P31323	418	154,155,156,157,158,159,160,161,162,163,164,165,166,167,168,169,170,171,172,173,174,175,176,177,178,179,180,181,182,183,184,185,186,187,188,189,190,191,192,193,194,195,196,197,198,199,200,201,202,203,204,205,206,207,208,209,210,211,212,213,214,215,216,217,218,219,220,221,222,223,224,225,226,227,228,229,230,231,232,233,234,235,236,237,238,239,240,241,242,243,244,245,246,247,248,249,250,251,252,253,254,255,256,257,258,259,260,261,262,263,264,265,266,267,268,269,270,271,272,273,274,275,276,277,278,279,280,281,282,283,284,285,286,287,288,289,290,291,292,293,294,295,296,297,298,299,300,301,302,303,304,305,306,307,308,309,310,311,312,313,314,315,316,317,318,319,320,321,322,323,324,325,326,327,328,329,330,331,332,333,334,335,336,337,338,339,340,341,342,343,344,345,346,347,348,349,350,351,352,353,354,355,356,357,358,359,360,361,362,363,364,365,366,367,368,369,370,371,372,373,374,375,376,377,378,379,380,381,382,383,384,385,386,387,388,389,390,391,392,393,394,395,396,397,398,399,400,401,402,403,404,405,406,407,408,409,410,411,412,413,414,415,416,417,418
O00444	970	18,19,20,21,22,23,24,25,26,41
Q9NRS6	342	51,53,87,96
O60285	661	61,62,63,64,65,66,67,68,69,84
O60547	372	30,31,32,33,34,35,55,56,57,58,86,87,108,109,110,111,112,123,183,209,214
Q08623	228	14,16
O00482	541	421,422,423,424,516,520
P05230	155	33
Q13563	968	763,765,767,769,774
Q96QD8	506	82,386
Q15349	733	65,66,67,68,69,70,71,72,73,91,421,422,423,424,425,426,427,428,429,444
Q07864	2286	2158,2161,2187,2190,2221,2224,2236,2238
P29376	864	516,517,518,519,520,521,522,523,524,544
Q3SXM5	330	74,75,76,77,78,79,80,125,222
Q9UKD1	530	110,136,140,143,154,167,171,175
O60243	411	93,94,95,96,97,98,99,100,101,123,124,140,145,150,185,193,197,204,317,318,319,323,324
O94925	669	286,335,381,388,414,466,484
P62070	204	21,22,23,24,25,26,27,28,29,68,69,70,71,72,127,128,129,130,157,158,159
Q9ULD8	1083	582,583,584,585,586,587,588,589,590,591,592,593,594,595,596,597,598,599,600,601,602,603,604,605,606,607,608,609,610,611,612,613,614,615,616,617,618,619,620,621,622,623,624,625,626,627,628,629,630,631,632,633,634,635,636,637,638,639,640,641,642,643,644,645,646,647,648,649,650,651,652,653,654,655,656,657,658,659,660,661,662,663,664,665,666,667,668,669,670,671,672,673,674,675,676,677,678,679,680,681,682,683,684,685,686,687,688,689,690,691,692,693,694,695,696,697
Q86W50	562	82,110,114,133,164,184
Q14353	236	20,42,46,50,69,70,71,72,73,74,90,91,92,117,118,135,171,172
P03950	147	64,65,66,67,68
Q02880	1626	112,141,169,170,171,182,183,184,185,186,187,188,189,397,398,399,482,562,564
O00159	1063	88,96,139,140,141,142,143,144,145,146,147,148,192,193,194,195,196
Q32NB8	556	124,125,126,127,128,129,130,131
Q53TN4	286	50,70,79,83,86,108,115,116,117,118,120,152,159,180,225
Q7L5Y1	443	24,25,26,34,220,250,252,276,305,355,356,357,386
Q15382	184	16,17,18,19,20,21,32,33,35,38,119,122,150
P13928	327	266,268,270,310
P51795	816	238,525,628,666,687,688,689,794,795,796,797
Q9Y277	283	242,243,244,260,261,262,263,264
Q9UK73	627	185,186,218
Q9H8W5	580	135,138,158,162,191,194,214,219
P09104	434	40,158,167,245,293,318,370,371,372,373,394
P15313	513	394
Q96RL1	719	505,508,520,524
Q92633	364	39,124,125,126,127,128,129,210
Q9H777	363	62,64,66,67,182,253,313
Q13490	618	306,309,326,333
P50406	440	106,288
Q03692	680	626,627,633,634
P51956	506	10,11,12,13,14,15,16,17,18,33
O00571	662	200,201,202,203,204,205,206,207,224,225,226,227,228,229,230,231
Q13438	667	117,118,130,182,188,212,218
Q7L2E3	1194	457,458,459,460,461,462,463,464
Q8IWU2	1503	143,144,145,146,147,148,149,150,151,168
Q9BV57	179	88,90,94,133
Q8IW03	269	107,114,126,131
Q7Z4K8	759	227,230,249,255
P15169	458	86,89,216
Q8N8A6	666	256,257,258,259,260,261,262,263
P29034	98	29,34,64,66,68,70,75
O14746	1132	712,868,869
O14815	690	81,83,88,167,284,291,312,314,316,574,576,578,580,585,604,606,608,610,615
Q86UK0	2595	1378,1379,1380,1381,1382,1383,1384,1385,2290,2291,2292,2293,2294,2295,2296,2297
Q9P286	719	455,456,457,458,459,460,461,462,463,478
Q8WXI8	215	173,175,195,196
Q04760	184	34,38,100,104,123,127,157,158,173
Q05209	780	36,63,64,65,66,67,199,231,232,233,234,235,236,237,278
P0DJR0	217	15,16,17,18,19,20,21,22,23,36,148,149,150
Q9ULX3	412	270,273,285,288
Q9NZL9	334	37,38,39,40,60,61,62,71,72,93,97,159,185
Q14562	1220	588,589,590,591,592,593,594,595
P49137	400	70,71,72,73,74,75,76,77,78,93,139,140,141
P30566	484	20,21,85,86,87,111,112,241,303,329,334,338
P23471	2315	1901,1933,1934,1935,1936,1937,1938,1939,1977
P42261	906	492,494,499,668,669,719
O76039	960	19,20,21,22,23,24,25,26,27,42
Q12965	1108	112,113,114,115,116,117,118,119
Q5JSP0	725	538,541,555,558,563,566,580,583
Q96Q77	187	116,118,120,122,127,157,159,161,163,168
Q460N3	678	312,313,324,325,331,335,409,410,411,412,413,449
Q9Y3A3	225	92,97,110,113,119,127,169,174
P39748	380	34,47,70,86,158,160,179,181,231,233
O94788	518	184,185,186,210,211,212,213,264,265,266,366,367,368,369,370,417
Q6EIG7	209	116,118,122,168,169,170,174,182,190,191,198,203
O75342	701	398,403,578,582,701
Q9BT88	431	250,253,256
Q8N490	385	172,174,176,177,229,253,291,292,293,376,377,378,379
Q9BZM1	189	88,90,92,111
Q66K79	652	248,251,380
P27482	149	21,23,25,27,32,57,59,61,63,68,94,96,98,105,130,132,134,136,141
Q96AH8	199	15,16,17,18,19,20,21,22,34,35,36,37,38,39,40,63,64,65,66,67,124,125,126,127,154,155
O43488	359	72,141,171,172,197,226,227,228,229,230,231,232,233,234,235,236,250,260,263,318,319,320,321,322,323,324,325,326,359
P49903	392	32,67,68,69,87,110,161,162,163,164,265
Q01538	1121	30,35,48,54,442,447,460,466,486,491,504,510,800,805,818,824,844,849,862,868,893,898,911,917,946,951,964,970
Q9Y5R2	645	139,282,286,292
O95050	263	20,25,63,69,85,86,87,90,142,143,163
Q8WY54	755	273,274,435,479
Q96PM5	261	20,22,33,34,40,43,44,50,62,65,75,78,87,90,101,102,105,108,118,119,122,125,134,136
P25815	95	25,27,32,62,64,66,68,73
O43909	919	668,672,697,723,728,744,745,746,832,833,876
Q13394	359	23,24,63,64,65,66,73,75,248,252,253,254,255
P31512	558	9,10,11,12,13,32,40,41,60,61,195,196,197,198
Q8TCJ2	826	103,221,223,459,609
P18085	180	24,25,26,27,28,29,30,31,67,68,69,70,71,126,127,128,129
P0DP24	149	21,23,25,27,32,57,59,61,63,68,94,96,98,100,105,130,132,134,136,141
Q8IUC8	556	155,185,208,210,315,343,346,351
O00623	359	304,307,325,328
Q6ZMV9	814	97,98,99,100,101,102,103,104
P05091	517	262,263,264,265,266,267
P04040	527	194,201,203,213,237,303,305,306,358
P55011	1212	297,298,299,300,301,302,303,372,383,496,497,499,500,501,610,613,614,682,686
Q15392	516	163,164,165,166,167,168,169,170,171,172,173,174,175
Q93008	2554	1727,1729,1771,1774
Q14191	1432	82,84,216,546,548,550,553,574,908,935,936,939
Q9C019	465	83,86,105,111
O77932	396	58,101,131,132,133,192,217,234,236,253,254,255,280
P43353	468	188,189,190,191,192,193
P02100	147	64,93
Q12840	1032	86,87,88,89,90,91,92,93
Q16816	387	26,27,28,29,30,31,32,33,34,49
Q9BVA6	458	234,316,317,318,319,367,368,369,370,371,372,373,374,399,400,407
Q9BX84	2022	1780,1804,1876,1909,1925,1933,1950,1951,1952,1953,1954,1955,1956,1966,1968,1972
P41226	1012	442,443,444,445,446,447,448,449,450,451,452,453,454,455,456,457,458,459,460,461,462,463,464,465,466,467,468,469,470,471
P55072	806	247,248,249,250,251,252,253,348,384,521,522,523,524,525,526
Q13219	1627	562,566,572
Q8WYK0	555	53,54,55,82,83,84,144,234,235,236
Q16875	520	42,43,44,45,46,47,48,49,50,75,99,127,133,164,165,166,167,168,169,190,194,253,260,266,334,345,346,347,348,352,363,389,390,391,392,393,425
Q8WW22	397	135,138,151,154,178,181,194,197
P34931	641	14,15,16,17,73,204,205,206,270,271,272,273,274,275,276,277,341,342,343,344
Q8IV48	349	134,136,137,234,293,298
Q96JD6	320	35,102,194,265,266,267,268,269,270,271,272,273,274,275,276,277
Q8N0Y7	254	10,11,12,13,14,15,16,17,23,24,62,89,90,91,92,100,116,117,187,188
Q02218	1023	143,156,158,312,411,444,446,676
O43505	415	227,229
Q9UJV9	622	225,226,227,228,229,230,231,232
Q9Y2E5	1009	36,38,151,420
O00182	355	48,61,65,75,82,83,84,85,86,87,88,267,271,281,287,288,289,290,291,292,293
Q8N5X7	224	115,116,169,170,171,172,173,174
Q9Y394	339	60,62,190,203,207,239
A1A4Y4	181	41,42,43,44,45,46,47,48,66,67,68,69,70,147,148,149
Q9H9Y6	1135	180,367,755,890,1020,1036,1070,1073,1098,1101
Q15649	155	11,14,22,25,30,34,38,42
Q9NZ20	509	158,160,162,185
Q9NR19	701	219,220,221,222,363,439,440,441,463,464,465,466,467,468,552,567,575,636
Q9BQG1	590	330,336,388,389,390,393,396,462,468,522,524
O95922	423	138,144,145,181,182,183,184,194,195,196,220,241,242,259,313,326,328,344
Q14134	588	225,228,247,252
Q86UV6	250	89,92,111,117
P51788	898	162,459,553
Q9P2J9	529	141,142,412,508
Q9BYN0	137	98,99,100,101
O75881	506	449
O95671	621	482,508,509,510,525
Q9UNH7	406	41,42,43,44,45,46,47,100,101,102,103,104,105,106,114,115,116,117
Q9BZZ2	1709	63,116,122,123,124,125,126
Q10472	559	156,186,209,211,316,344,347,352
O95361	564	131,134,153,157
P29401	623	37,40,77,123,124,125,155,156,185,187,244,258,318,345,392,416,424,428,474
P00568	194	18,19,20,21,22,23,39,44,65,66,67,94,95,96,97,101,132,138,149,177
Q96A61	297	227,230,249,255
Q9H0C2	315	92,104,247
Q9ULC6	663	153,155,157,165,176,179,351,353,364,371,372,375,409,412
O95302	570	501,503,505,507,512,546,548,550,552,557
O96017	543	227,228,229,230,231,232,233,234,249,302,303,304,305,306,307,308,351,352,368
P36269	586	110,406,427,469,470
Q5TFE4	455	16,18,313
Q9NX57	234	12,13,14,15,16,17,18,19,55,56,57,58,59,113,114,115,116
Q96D71	796	331,333,335,342
P31350	389	138,169,172,232,266,269
Q16878	200	86,88,140
Q9BVG8	833	528,529,530,531,532,533,534,535
P23786	658	452,453,454,455,456,457,458,459,460,461,462,463,464,486,488,499
P07451	260	94,96,119,198,199
P09238	476	91,167,169,182,195,217,221,227
Q9Y689	179	23,24,25,26,27,28,29,30,66,67,68,69,70,125,126,127,128,159
O15460	535	430,432,501,511
O14521	159	102,114
Q9NRD5	415	44,46
Q9Y5S2	1711	82,83,84,85,86,87,88,89,90,105
P04406	335	13,14,35,80,122,151,152,153,182,211,212,234,316
Q8NE63	616	17,18,19,20,21,22,23,24,25,40
P00450	1065	55,64,67,120,122,128,143,146,147,180,182,256,295,338,343,408,417,420,617,656,699,704,709,767,776,779,955,994,997,999,1039,1040,1041,1045,1050
Q9NS84	486	110,111,112,113,114,115,116
Q9UGN5	583	428,429,430,437,444,470
Q96Q04	1460	139,140,141,142,143,144,145,146,147,164
P02794	183	28,63,66,108,142
Q96EQ8	232	37,40,52,54,57,60,72,75,100,103,115,119
Q8WYQ5	773	352
P14314	528	49,50,53,55,57,63,64,91,94,96,98,104,105,222,224,226,228,233
Q9UHK6	382	36,55,56,57,58,121,122,123,124,125,126
Q16613	207	124,125,126,132,133,134,135,136,137,159,168,169,170
Q00532	358	10,11,12,13,14,15,16,17,18,33
Q96CB9	384	181,182,183,184,185,186,187,237,255
Q96QS6	385	69,70,71,72,73,74,75,76,77,92
Q8WV74	236	85,89
O95749	300	25,28,57,64,68,73,74,151,152,185,202,212
O43681	348	45,46,47,48,49,50,51,52,251,278,289,292
Q9H2X3	399	359,361,363,366,377,378
Q9BYT8	704	497,501,504
P10321	366	87,94,101,183,195
O75911	302	175
O43143	795	160,161,162,163,164,165,166,167
Q99578	217	27,28,29,30,31,32,33,34,74,75,76,77,78,133,134,135,136
Q6P3W2	149	115,117,136,139
Q96FC9	970	44,45,46,47,48,49,50,51,267,285,315,350
Q9BT30	221	121,123,165,177,197,198,199,203
Q8N2H3	581	38,39,40,41,42,43,44,45,46,47,48,49,50,51,52,53,54,55,56,57,58,59,60,61,62,63,64,65,66,67,68,69,70,71
P20849	921	213,215,253
Q8N428	558	163,188,211,212,213,317,345,348,351,353
Q9NZK7	142	41,43,45,47,49,66,130,132
Q15075	1411	1358,1361,1374,1377,1382,1385,1402,1405
P62136	330	64,66,92,124,173,248
Q9Y6M5	507	43,47,251,255
Q8IWR1	403	97,100,120,126
O15297	605	105,106,314,366
Q9NVV0	291	118,122
P12259	2224	139,140,1843,1845
Q9UNT1	228	28,29,30,31,32,33,34,35,76,77,78,79,80,133,134,135,136
O14756	317	33,34,35,36,37,38,39,40,41,42,43,44,45,46,47,48,49,50,51,52,53,54,55,56,57,164
P09467	338	18,19,20,21,22,28,29,30,31,32,69,98,113,114,119,121,122,123,124,125,141,213,214,215,216,244,245,246,247,248,249,265,275,276,277,281
O43914	113	50
P52209	483	10,11,12,13,14,15,33,34,35,75,76,77,103,129,130,131,187,188,192,261,288,447,453,478,479,480,481
Q9NRD8	1548	832,834,836,838,843,868,870,872,879
Q8NBU5	361	133,134,135,136,137,138,139,140
Q9Y3L5	183	10,11,12,13,14,15,16,17,57,58,59,60,61,116,117,118,119
Q15771	203	16,17,18,19,20,21,22,23,64,65,66,67,68,122,123,124,125
Q66K64	600	193,196,211,214,231,234,235
Q969Q4	196	19,20,21,22,23,24,25,26,63,64,65,66,67,122,123,124,125
Q9H857	520	73,75,358
P05162	132	65,66,67,68,69,70,71
Q9Y2U5	619	362,363,364,365,366,367,368,369,370,371,385
P35813	382	60,61,239,282
O60462	931	197,211,252
Q9UBC3	853	582,583,584,585,586,605,627,628,629,832,833,834
P23368	584	67,91,165,166,167,168,169,170,171,172,173,255,256,259,279,311,312,313,314,315,316,317,318,319,320,321,322,323,324,325,326,327,328,421,466
Q4KMQ2	910	623,666,669
Q9NRH3	451	142,143,144,145,146,147,148
P0C869	781	26,32,82,84,90
Q8WWA0	313	86,87,89,92,97,98,133,260,262,263,274,282
P14410	1827	264,388,588,662
P27144	223	15,16,17,18,19,20,36,41,62,63,64,89,90,91,92,96,126,135,136,170,199
P58397	1594	208,392,396,402
P35250	354	76,77,78,79,80,81,82,83
P50416	773	555,556,557,558,559,560,561,562,563,564,565,566,567,589,602
O14735	213	47,50,51,55,61,68,72
Q7Z569	592	317,320,329,332,337,344,348,354
Q8NCC3	412	46,198,199,340,355,392
P16083	231	12,18,19,20,21,104,105,106,107,127,128,129,148,149,150,151,156,174,178,194,201,223
P22694	351	50,51,52,53,54,55,56,57,58,73
Q9Y530	152	21,119,120,121,122,123,124,125,152
Q6JQN1	1059	792,793,794,795,796,797,798,799,800,801,802,828,943,1013,1044
Q9UQB9	309	49,50,51,52,53,54,55,56,57,72
P00403	227	161,196,198,200,204,207
P0DPD8	883	26,30,41,66,88,89,113,114,130,720,724,780
O43463	412	181,183,186,194,195,222,226,228,232,254,255,256,297,323,324,326,400,402,407
Q8NEV1	391	45,46,47,48,49,50,51,52,53,68
P30038	563	208,233,286,287,288,289,290,447,513
Q13415	861	500,534,535,536,537,538,539,540,541,542,620,621,654,720
Q8WV44	630	227,230,249,255
P15144	967	352,353,354,355,356,388,392,411
P25705	553	213,214,215,216,217,218,219,220,473,474,475
Q96BR1	496	168,169,170,171,172,173,174,175,176,191
Q8TF76	798	490,491,492,493,494,495,496,497,498,511,606,607,608,609,610,611,649,650,651,652,653,654,687,688,689
O43173	380	167,190,300,301,302,322,336,337
Q07912	1038	132,133,134,135,136,137,138,139,140,158
P11678	715	232,234,306,308,310,312,380,474
P57768	344	144,146,184
Q99732	161	96,99,148,151
Q9UIQ6	1025	295,428,429,430,431,432,464,468,487
P23975	617	71,73,74,78,318,350,415,418,419
P48163	572	155,245,246,269,301,302,303,304,305,306,307,308,309,310,311,312,313,314,315,316,317,318,408
O43929	436	67,68,69,70,71,72,73,74
P14324	419	123,126,162,169,173,178,179,266,267,306,323,332
Q96LB9	341	231,235,242
B2RTY4	2548	239,240,241,242,243,244,245,246
Q96G03	612	63,165,322,324,326,327,400,424,438
Q2Q1W2	868	278,281,301,306
A8MPY1	467	111,175,203
Q9Y239	953	202,203,204,205,206,207,208,209
Q9NZN4	543	65,66,67,68,69,70,71,72,220,258,494,496,498,500,505
P02008	142	59,88
Q13418	452	199,200,201,202,203,204,205,206,207,220
P11926	461	200,237,274,275,276,277,331,332,361,389
Q99797	713	495,499,502
O43614	444	324
Q9UNQ2	313	37,39,64,85,113,128
P81605	110	67,71,86,90,100,104
P06734	321	249,251,269,270
Q96E17	227	37,38,39,40,41,42,43,44,45,56,57,58,59,60,61,62,85,86,87,88,89,143,144,145,146,173,174,175
Q9ULV8	474	199,201,210,264
Q9BZC7	2435	1024,1025,1026,1027,1028,1029,1030,1031,2087,2088,2089,2090,2091,2092,2093,2094
Q969T7	300	41,43,88,156,157,205,230
P78536	824	184,405,409,415
Q5VWG9	929	868,871,883,886,891,894,909,912
Q9BZE4	634	175,176,177,178,179,180,181,182,221,222,223,224,225,289,290,291,292
Q6DKI2	356	82,83,84,85,86,87,88,288,289,290,291,292,293,294
Q8IZS8	1091	262,264,266
P12882	1939	179,180,181,182,183,184,185,186
O15075	740	396,397,398,399,400,401,402,403,404,419
Q8IZ69	625	411,461,510
Q53H82	288	77,79,81,82,118,145,164,199
B0I1T2	1018	102,103,104,105,106,107,108,109
P53582	386	9,14,22,25,36,40,48,52,203,220,231,294,301,327,358
Q9Y234	373	107,151,161,179
Q9H867	229	43,75,76,77,96,126,143,148
P36406	574	411,412,413,414,415,416,417,418,454,455,456,457,458,513,514,515,516
P04183	234	26,27,28,29,30,31,32,33,58,59,60,97,98,99,100,128,153,156,172,173,174,175,176,181,185,188
P49407	418	250,255,324,326
P53803	58	19,22,36,39
Q9Y6N5	450	53,54,75,83,118,336,344,345,346,347
A8MZ26	197	58,69,149,153,155,160
Q03113	381	67,68,69,70,71,72,202,203,204,205,208,296,297,298,299,353
Q9H4B7	451	11,69,138,142,143,144,204,226
P0DML2	217	44,200
Q9UQ16	869	38,39,40,41,42,43,44,45,46,205,206,207,208,209,210,211,236,237,238,239
O95455	350	142
Q5FYA8	562	15,16,55,115,271,323,324,348
Q8TDC3	778	40,41,42,43,44,45,46,47,48,63
Q6P587	224	22,68,70,99,120,189
Q9BSE5	352	162,185,187,189,276,278
Q9NZT1	146	21,23,25,27,32,57,59,61,63,68,91,93,95,97,102,127,129,131,133,138
Q8TAB3	1148	31,32,88,90,121,123,124,125,140,155,157,199,212,230,231,232,233,234,249,264,266,270,305,307,338,340,341,342,360,375,377,381,412,414,427,445,446,447,448,449,464,479,481,485,522,524,537,555,556,557,558,559,594,596,600,646
P07306	291	191,197,216,240,242,243,253,254,265,266,278
P55042	308	98,99,100,101,102,103,104,105,203,204,205,206
Q86US8	1419	1251,1353,1392
Q05952	138	12,16,26,30
Q9UGQ3	507	174,286,287,418
Q92551	441	220,221,222,223,224,225,226,227,228
Q9NQE9	182	76,77,145,146,147
Q16775	308	102,104,106,107,158,182,191,192,193,221,222,223,297,298,299,300
O15496	165	68,70,72,89
O00469	737	666,668,718
Q9NWZ3	460	192,193,194,195,196,197,198,199,200,213,313,314,315,316,329
Q6XUX3	929	658,659,660,661,662,663,664,665,666,681
Q9Y6X6	1858	497,498,499,500,501,502,503,504
Q96MM7	605	233,234,235,236,237,238,239,240,241,263,264,280,285,290,325,333,337,344,457,458,459,463,464
P15848	533	53,54,91,145,242,300,301,318
Q9C029	511	130,133,152,158
Q17RY0	729	667,675,684,689,694,697,702,710
O94966	1318	791,794,808,811,817,821,829,833
Q92878	1312	13,38,39,41,42,43,44,67,69,159,681,684
P08575	1306	821,853,854,855,856,857,858,859,897
Q7RTP6	2002	97,116,117,118,123,124,125,183,298,398,764,767,785,788,791,794,814,817
Q6GTS8	502	125,157,192,217,464
P78364	1004	800,803,819,823
Q9P2E2	1029	91,92,93,94,95,96,97,98
P50570	870	41,43,44,45,46,59,60,206,208,211,236,237,239
Q13224	1484	127,284,514,519,690,691,732
Q9NQC7	956	788,791,799,802,817,820,825,833
Q8WYB5	2073	856,857,858,859,860,865,866,867,868,869,870,871,895
Q6UW02	462	409
P38919	411	60,65,85,86,87,88,89,90,342,367,368,369,370,371
Q8IXN7	391	154,189,190,191,192,193,194,195,196,197,198,199,215,260,273,275
O95622	1261	474,475,476,477,478,479,516,517,518,562,1123,1197,1198,1199,1204,1205,1206,1207,1208,1244
Q8N543	542	155,157,169,218,230
P11233	206	24,25,26,27,28,29,40,41,42,43,44,45,46,127,128,129,130
Q8TE57	1224	249,433,437,443
P35626	688	197,198,199,200,201,202,203,204,205,220
P00558	417	24,25,26,39,63,64,65,66,123,171,220,313,344,373,374,375,376
P49748	655	214,215,216,217,218,219,220,221,222,223,249,250,251,461,462,463,464,465,466,562
P05067	770	96,97,98,99,100,101,102,103,104,105,106,107,108,109,110,147,151,168,183,186,187,677,681,684,685
P07948	512	253,254,255,256,257,258,259,260,261,275
O43252	624	62,63,64,65,66,67,89,90,91,92,101,106,107,108,109,132,133,171,184,185,207,212,419,420,421,422,521,522,523,524,525,563
P10809	573	75,111,112,113,114,115,440,520
Q96A32	169	38,40,42,49
O15123	496	429,431,433,435
Q9H999	370	192,195,207
P35916	1363	851,852,853,854,855,856,857,858,859,879
Q96PY6	1258	10,11,12,13,14,15,16,17,18,33
Q9NXU5	204	39,40,41,42,43,44,45,46,82,83,84,85,86,142,143,144,145
Q9BPW9	319	34,35,36,37,38,39,40,41,42,43,44,45,46,47,48,49,50,51,52,53,54,55,56,57,58,83,164,180
Q9NYL5	469	414
P30939	366	103,107
Q06210	699	394,395,439,440,441,444,595
Q14995	579	384,568
P45983	427	32,33,34,35,36,37,38,39,40,55
Q9UQE7	1217	32,33,34,35,36,37,38,39
Q96S53	571	64,65,66,67,68,69,70,71,72,87
P20807	821	662,665,667,672,705,707,709,711,716,735,737,739,741,746,800,802,804,806
Q8TEK3	1537	136,137,138,139,159,160,161,162,163,164,165,166,167,168,186,222,223
P30556	359	15,17,167,182,183,184,199
P47895	512	204,207,257,258,259,260,261,262,361,411
Q8WUH1	139	2,5,30,33,59,61,64,66,71,88,91
P0DUB6	511	115,173,182,210,216,313,352
Q9NPA2	562	90,233,237,243
Q9NYQ3	351	77,78,79,106,128,130,156,165,222,249,277,278,279,280,281,300,301
Q96PN8	268	16,17,18,19,20,21,22,23,24,39
Q9NWM0	555	35,55,63,79,80,261,519,528,529
P35579	1960	174,175,176,177,178,179,180,181
Q16696	494	297,439
A8K979	691	41,43,156,213,218,597,599,622,634
O95837	355	42,43,44,45,46,47,48,49,176,177,178,179,180,181,182,201,202,203,204,205,270,271,272,273,327
P35270	261	14,15,16,17,18,19,20,42,43,69,70,157,158,170,174,199,201,202,203,204,205,206,257
Q96M96	766	565,568,582,585,590,593,611,614
Q86SQ9	333	34,35,37,38,85,205,211,213
Q8IYJ1	553	163,169,225,227,233
P04632	268	109,112,114,119,137,152,154,156,158,163,182,184,186,188,193,225
Q9H257	536	3,10,73
Q149M9	1564	341,342,343,344,345,346,347,348
Q9UKQ2	775	169,339,343,349
Q15058	1648	447,448,449,450,451,452,453,454
P28827	1452	1063,1095,1096,1097,1098,1099,1100,1101,1139
Q5T2R2	415	134,137,173,180,184,189,190,266,267,304,321
P00374	187	10,16,17,18,19,20,21,22,31,32,33,34,35,36,55,56,57,65,71,77,78,79,117,118,119,120,121,122,123,124
O43314	1243	53,54,134,187,194,213,214,237,238,239,240,246,247,248,262,264,309,321,322,323,326,327,328,329
Q9NZC2	230	67,68,77,88
Q96J92	1243	184,254,255,256,257,304
A6NK02	468	97,100,119,125
P08123	1366	1181,1183,1184,1186,1189
Q8IWZ4	208	109,112,131,137
Q9Y6E0	443	42,43,44,45,46,47,48,49,50,65,112,113,114,161,174
Q8WY64	445	360,363,368
Q99741	560	202,203,204,205,206,207,208,209
Q9UHI6	824	84,89,109,110,111,112,113,114
Q9H239	520	91,240,244,250
P0C264	359	49,50,51,52,53,54,55,56,57,72
O00587	321	70,143,144,256
O60346	1717	1210,1211,1374,1413
Q15036	470	36,38,62,75
Q969S9	779	77,78,79,80,81,82,83,84,141,142,143,144,145,195,196,197,198
P50148	359	50,51,52,53,54,156,180,181,183,186,274,275,277,331
O75311	464	225,227,235,236,237,238,239,240,248
Q8TDX6	532	360,477
P47898	357	121
P0DPI3	272	137,139,157,159,162,201,204
P60891	318	96,97,98,99,100,101,128,130,139,143
Q9H1D9	316	287,290,296,307
Q15797	465	64,109,121,126
Q96GX9	242	97,115,117,195
Q9UPP1	1060	280,283,285,300,355
P06239	509	251,252,253,254,255,256,257,258,259,273
Q9UQC9	943	164,168,175
Q53H54	448	218,225,265,293,294
Q3LIE5	342	25,27,74,110,241,278,280
Q99558	947	406,407,408,409,410,411,412,413,414,429
Q6SZW1	724	103,110,149,150,151,152,153,154,155,156,157,190,191,192,193,569,570,599
Q9ULW5	256	70,71,72,73,74,75,76,77,78,119,120,121,122,123,177,178,179,180,207,208,209
Q9UPZ9	632	10,11,12,13,14,15,16,17,18,33
P25205	808	353,393,394,395,397,523,664
Q9BUM1	346	79,161
P09429	215	1,2,3,4,5,6,7,8,9,10
P10301	218	36,37,38,39,40,41,42,43,44,83,84,85,86,87,142,143,144,145,172,173,174
Q6P179	960	200,334,335,336,337,338,370,374,393
P51690	589	46,47,86,145,301,353,354,378
Q8N118	509	454
P27169	355	53,54,117,168,169,224,269,270
P43246	934	669,670,671,672,673,674,675,676
P98198	1209	411,412,413,515,556,579,613,693,694,695,807,813,833,836,837
P60510	307	54,56,82,114,164,238
Q16512	942	621,622,623,624,625,626,627,628,629,644
Q9BRQ3	303	56,87,139,144,151,156,158,189,193,274
Q9Y2K3	1946	176,177,178,179,180,181,182,183
Q6ZMT4	941	279,282,284,299,354
Q8TCB7	284	45,49,61,85,87,110,136,137,157
Q9H6R3	686	227,228,229,230,425,426,427,446,447,448,449,450,451,539,554,565,624
Q6PCT2	694	39,42,45,50,53,56,72,77,88,91,114,117,122,125,145,148
Q13085	2346	315,316,317,318,319,320,424,437,439,1823,2127,2129
Q9BZX2	261	27,28,29,30,31,32,33,34,35,84,112,117,166,176,184,213
Q8NBK3	374	130,259,260,273,275,293,296,298,300,336,341
Q96KS0	407	297,299,358,367
Q86TM6	617	291,294,307,309,312,315,326,329
P21980	687	398,400,437,447,452,476,477,478,479,480,481,482,483,539,580,581,582,583
Q96QA6	119	23,26,79,82
Q9NVH6	421	242,244,389
Q9Y662	390	147,148,149,150,151,169,170,171,172,173,174,175,200,201,202,203,228,236,268,269,353,354,355,356,357
Q14114	963	64,67,69,71,77,78
Q86UT6	975	166,167,168,169,170,171,172,173
Q8N819	430	103,104,274,317
Q6V0L0	522	459
P28332	368	47,69,99,102,105,113,175,200,201,202,203,204,205,224,229,293,294,295
Q9UNL4	249	199,201,212,217,223,226,239,242
O15382	392	168
O15440	1437	595,596,597,598,599,600,601,602,1227,1228,1229,1230,1231,1232,1233,1234
Q8NFU0	473	10,308,311,316,319
Q86UR5	1692	116,119,132,135,140,143,162,165
P60321	138	63,66,79,90,98,101,109,114
A2CJ06	578	228,231,243,246,252,255,265,269
Q9NR34	630	610
Q9H611	641	228,229,230,231,232,233,234,235
Q9Y2M0	1017	44,47,59,64,834,960,975,976
Q9UMX6	200	66,68,70,72,77,102,104,106,108,113,154,156,158,160,165
Q16836	314	34,35,36,37,38,39,57,73,80,122,127,149,173,305
Q9H3Y6	488	236,237,238,239,240,241,242,243,244,258
O15344	667	119,122,134,137,142,145,150,159,175,178,198,204
Q07837	685	214,284,318,319,321
Q9H0M4	648	259,264,285,296
Q02818	461	253,255,257,264,305,307,309,316
P01876	353	352
Q14409	553	20,24,94,148,259,281,326,427,428,429,430,431
Q96NX5	476	29,30,31,32,33,34,35,36,37,52
P49736	904	530,531
Q92793	2442	363,367,380,385,394,398,404,409,418,422,427,430,1434,1435,1436,1446,1447,1493,1498,1502,1707,1710,1720,1723,1729,1732,1738,1740
Q9Y4R7	772	283,289,290,321,322,323,324,334,335,336,378,379,381,456,469,471
P78317	190	132,135,154,156,159,162,173,176
P35968	1356	840,841,842,843,844,845,846,847,848,868
Q15669	191	11,12,13,14,15,16,17,18,58,59,60,61,62,116,117,118,119
Q9NTI2	1188	428,429,430,528,569,592,625,705,706,707,795,801,821,824,825
Q13043	487	36,37,38,39,40,41,42,43,44,59
O95445	188	136,143
O43525	872	243,259,366
Q9Y2G5	429	53,54,55,56,57,292,293,294,371,388,389
Q96C36	320	6,7,8,9,10,11,34,56,69,70,71,72,95,96,97
Q3MIT2	529	21,24,109,112
P42679	507	241,242,243,244,245,246,247,248,249,262
Q96P11	429	234,235,236,237,238,239,240,258,263,305
P98066	277	183,191,232,234,235
P59047	1200	286,287,288,289,290,291,292,293
Q99674	318	82,84,86,88,93,127,129,131,138
Q16706	1144	175,177,289,569
Q9NVN8	582	173,174,175,176,259,260,261,262,263,264,265,266,303,304,305,306
Q8NA66	436	322,323,324,325,326,327,328,329,330,331,332,333,334,335,336,337,338,339,340,341,342,343,344,345,346,347,348,349,350,351,352,353,354,355,356,357,358,359,360,361,362,363,364,365,366,367,368,369,370,371,372,373,374,375,376,377,378,379,380,381,382,383,384,385,386,387,388,389,390,391,392,393,394,395,396,397,398,399,400,401,402,403,404,405,406,407,408,409,410,411,412,413,414,415,416,417,418,419,420,421,422,423,424,425,426,427,428,429,430,431,432,433,434,435,436
Q9P0N8	246	64,67,80,82,90,93,106,109
P16118	471	49,50,51,52,53,54,55,56,57,82,105,133,139,170,171,172,173,174,175,196,200,258,265,271,308,339,350,351,352,353,357,368,394,395,396,397,398,430
Q9BZY9	425	95,98,117,123
Q9H992	704	552,555,570,572,580,583,604,607
O75251	213	88,89,153,183
P78362	688	87,88,89,90,91,92,93,94,95,110
Q9Y2J8	665	123,125,127,129,131,154,156,158,166,169,171,177,180,354,389,408,411,412
Q9UM07	663	153,155,157,165,168,170,176,179,349,351,353,369,370,373,374,388,407,410,411,639
Q9UNA4	740	59,60,64,96,151
Q9NWZ5	548	105,106,107,108,109,110,111,112
Q7Z4S6	1674	88,89,90,91,92,93,94,95
Q9H2K8	898	30,31,32,33,34,35,36,37,38,53
Q16773	422	36,185,398
Q9UH17	382	66,97,100,253,284,289
Q6NT55	531	335,475
Q9HCC8	539	256,258,271
Q93096	173	105,106,107,108,109,110
Q16820	701	152,156,162
Q99952	460	197,229,230,231,232,233,234,235,276
P08709	466	398
O15438	1527	661,662,663,664,665,666,667,668,1323,1324,1325,1326,1327,1328,1329,1330
P11021	654	36,37,38,39,96,227,228,229,293,294,295,296,297,298,299,300,364,365,366,367
Q96L73	2696	1952,1953,1954,1994,1995,1996,1997,2020,2021,2065,2071
P49591	514	271,302,303,304,318,319,320,321,325,391,392,393,394,427
Q9NPP4	1024	169,170,171,172,173,174,175,176
P55786	919	180,316,317,318,319,320,352,356,375
Q96CW1	435	341,345,354
Q06278	1338	44,49,52,74,113,114,117,149,151,264,265,266,267,268,269,270,271,345,354,358,367,411,806,807,1047,1088,1089,1090,1091,1203,1268
Q3ZCM7	444	11,69,138,142,143,144,204,226
O15399	1336	539,540,541,546,717,718,759
Q86UY6	237	85,127,128,129,138,140,141,142,148,149,150,151,152,153,174,179,197,211
P28329	748	520,521,522,523,524,525,526,527,528,529,530,531,532,558,659
P0C0E4	278	21,22,23,24,25,26,27,28,69,70,71,72,73,126,127,128,129
Q9H160	280	215,217,228,233,239,242,255,258
O95453	639	28,30,292,382
Q6ZV73	1430	1228,1231,1244,1247,1252,1255,1273,1276
Q99418	400	268,269,270,271,272,273,274,275,276,280,291,301,339,350,351
P29350	595	419,453,454,455,456,457,458,459,500
Q13797	1035	312,314,316,320,373,375,377,381,435,437,439,443
Q9BXT6	1211	770,771,772,773,774,775,776,777
O00462	879	190,191,192,456
Q9NX02	1062	213,214,215,216,217,218,219,220
P34969	479	162
P00747	810	136,158,172,432,445
O14965	403	143,162,211,212,213,260,261,274
Q9H0F7	186	24,25,26,27,28,29,30,31,50,69,70,71,72,73,130,131,132,133,164
O43237	492	61,62,63,64,65,66,67,68
Q6YN16	418	17,18,19,20,21,22,23,42,74,172
Q02750	393	74,75,76,77,78,79,80,81,82,97,143,144,145,146,150,151,152,153,192,193,194,195,208,209,210,211
Q5BJF2	176	75,77
Q96RR1	684	415,416,417,418,419,420,421,422
Q6P5W5	647	507,508,511,536,537,540
Q15118	436	279,280,281,282,283,284,285,286,318,337,338,354,355,356,357,358,359
Q9NR22	394	86,95,119,120,121,122,141,170
O60502	916	67,98,174,175,219,285,313
Q8TDI0	1954	725,726,727,728,729,730,731,732
P54098	1239	306,579,593,754,763,768,806,849,863,869,890,891,893,895,943,947,951,1094,1095,1135
Q9NRW3	190	66,97,100
O15146	869	581,582,583,584,585,586,587,588,589,609
P14060	373	10,11,12,13,14,15,155,159
Q9Y617	370	44,45,79,80,107,156,176,199,241,242,335,336,342
Q9NP58	842	599,623,624,625,626,627,628,629,630,631,632,633,634
Q6PIW4	674	404,444,445,446,447,448,449
Q8NFT6	615	301,304,314,320
Q9UIA0	394	268,269,270,271,272,273,274,275,279,290,300
P80294	61	5,7,13,15,19,21,24,26,29,33,34,36,37,41,44,48,50,57,59,60
O00743	305	53,55,81,113,163,237
Q9UL51	889	599,608,609,610,611,618,619,659
Q9Y5P4	624	472,493,530,579
P12821	1306	231,390,394,414,418,442,529,791,829,988,992,1016,1090,1094,1127
Q86V88	176	11,12,13,20,69,70,100,123
Q96SQ9	504	440
P16234	1089	599,600,601,602,603,604,605,606,607,627
P15121	316	10,11,12,13,14,15,16,17,18,19,111,211,212,213,214,215,216,217,218,219,220,221,222,223,224,225,226,227,228,229,230,231,232,233,234,235,236,237,238,239,240,241,242,243,244,245,246,247,248,249,250,251,252,253,254,255,256,257,258,259,260,261,262,263,264,265,266,267,268,269,270,271,272,273
P15918	1043	269,273,293,296,298,308,310,313,316,328,331,358,363,375,379,603,711,965
Q5T848	1215	172,173,271,307
P40126	519	189,211,220,369,373,396
P11177	359	89,142,190,191,193,195
Q6ZRP7	698	426,433,437,478,482,505,506,507,508,509,510,511,512,527,530
Q8IYM9	498	97,100,119,125
Q13470	666	122,123,124,125,126,127,128,129,130,148
Q9NPJ1	570	192,193,194,195,196,197,198,199
P49366	369	105,106,107,108,109,131,132,133,136,137,238,243,283,288,308,309,314,315,316,323,324,325,326,327,328,329,342,343
Q9BXB5	764	413,414,415,416,417,418,477,478,479,480,535,536,561,721,725,729
Q9NY59	655	364
Q7Z2Z2	1120	26,27,28,29,30,31,32,33,92,93,94,95,96,146,147,148,149
Q8IX18	779	76,77,78,79,80,81,82,83
Q9H5Q4	396	75,124,150
O15204	470	352,356,362
P04629	796	516,517,518,519,520,521,522,523,524,544
P43250	576	192,193,194,195,196,197,198,199,200,215,264,265,266,267,268,269,270,315,316,317,318
P40145	1251	419,420,421,422,423,424,461,462,463,507,1034,1109,1110,1111,1116,1117,1118,1119,1120,1156
Q8WXG8	99	20,23,28,33,63,65,67,69,74
O43175	533	78,155,156,175,207,234,235,236,260,283,284,285,286
P14902	403	346
Q9NRA0	654	188,189,190,220,221,222,223,224,245,246,247,248,252,277,278,279,344,351,357,622,623,624
P19447	782	340,341,342,343,344,345,346,347,642,645
Q14240	407	77,78,79,80,81,82,83,84
O60333	1816	97,98,99,100,101,102,103,104
P33151	784	58,59,109,111,143,144,145,146,147,177,179,186,231
O94855	1032	363,366,385,388
Q6NTF7	200	54,85,88
Q15257	358	183,188,189,243,249,339,342,343
Q9H222	651	86,87,88,89,90,91,92,93
Q11201	340	105,147,170,230,266,270,290,299,316
Q9BY41	377	101,151,178,180,267,306
P0DPH8	450	11,71,140,144,145,179,206,228
O94768	372	39,40,41,42,43,44,45,46,47,62
Q9BZE2	481	195
Q9Y4C1	1321	1120,1122,1249
Q8N5K1	135	99,101,110,114
O75460	977	577,578,579,580,581,582,583,584,585,599,643,644,645,690,691,692,693,711
Q9UBF6	113	50,53,61,64,73,80,82,85,87,88,99,102
P32456	591	45,46,47,48,49,50,51,52,181,182,245
P06241	537	277,278,279,280,281,282,283,284,285,299
Q2M1P5	1343	94,95,96,97,98,99,100,101
Q96FL9	552	151,176,199,200,201,305,333,336,339,341
Q9H093	628	59,60,61,62,63,64,65,66,67,81
Q9Y3I0	505	119,122,226,227,228,229,230,259,353,354,402,403,404,405,409,428,429,430,431,504
Q9Y251	543	62,63,64,97,158,159,160,161,162,270,271,272,273,274,275,276,277,278,279,280,296,303,348,349,350,389,390,391
Q14527	1009	294,295,296,297,298,299,300,301
Q9H8U3	227	18,20,32,35,157,160,174,176,181,184,190,192
Q9UKP4	1686	204,388,392,398
P18433	802	410,442,443,444,445,446,447,448,486
P08631	526	268,269,270,271,272,273,274,275,276,290
Q6PHR2	472	20,21,22,23,24,25,26,27,28,44
Q3LXA3	575	56,57,58,59,109,114,401,402,403,404,446,447,486,494,495,556,557,558
P51149	207	15,16,17,18,19,20,21,22,34,35,36,37,38,39,40,63,64,65,66,67,125,126,127,128,156,157
P06732	381	128,129,130,131,132,191,236,292,320,321,322,323,324,325,335
Q96GD4	344	83,84,85,86,87,88,89,90,91,106
Q96NT5	459	90,156,185,281,315
Q9ULA0	485	104,180,274,311,312,356,359,384,391,450
P02458	1487	1301,1303,1304,1306,1309
Q9NUZ1	547	350,351,352,353,354,355
O60512	393	130,131,132,133,134,169,170,171,196,197,226,258,260,261,262,263,291,292,293,303
A0A1B0GTW7	788	305,309,385
Q8TDB8	520	183,304,305,310,339,402,410
P54819	239	25,26,27,28,29,30,46,51,72,73,74,100,101,102,103,107,138,142,151,152,175,186,214
A6NIH7	251	142
Q14CN2	919	155,159,166
P0DMM9	295	48,49,50,51,52,53,86,106,107,108,130,138,146,193,227,228,229,230,231,232,257,258,259
P07477	247	75,77,80,85
P33260	490	435
P04899	355	40,41,42,43,44,45,46,47,176,177,178,179,180,181,182,201,202,203,204,205,270,271,272,273,327
P46977	705	49,167,169,405,530
Q7Z419	303	30,33,53,56,121,126,145,148,153,156,161,166,193,196,211,214,219,222,234,240
Q15418	735	68,69,70,71,72,73,74,75,76,94,424,425,426,427,428,429,430,431,432,447
Q13232	169	29,105,111,122,129,132
Q7Z4T8	443	174,204,227,228,229,332,360
P13640	62	5,7,14,16,20,22,25,27,30,34,35,37,38,42,45,49,51,58,60,61
O14975	620	222,223,224,225,226,227,228,229,230,231,232,233
Q8IXI2	618	11,12,13,14,15,16,17,18,57,58,59,60,61,118,119,120,121,197,199,201,203,208,317,319,321,328,425,426,427,428,429,430,431,432,463,464,465,466,467,527,528,529,530
P43378	593	470,515,516,517,518,519,520,521,559
O60858	407	94,97,117,123
Q8NF64	920	616,618,639,642
Q15311	655	69,70,71,72,73,74,418,419,420,421,422,423,424,425
Q8NI37	304	78,79,223
Q9NVH0	621	108,110,246
O95347	1197	32,33,34,35,36,37,38,39
Q53F39	396	77,119,157,249,303,305
P61457	104	61,62,63,78,79,80,81
Q92730	232	23,24,25,26,27,28,38,39,40,41,42,43,44,45,67,68,69,70,71,125,126,127,128,169,170
Q7Z7L1	901	209,214,285,287,321,322,599,600,601,602,603,604,605,606
Q9UJ70	344	13,36,107,127,129,130,145,146,147,152,214,271,275
Q16853	763	520,522,529,530,531,572,641,663,665,667,673,674,684
O15389	551	119,127,129
Q86UX6	486	99,100,101,102,103,104,105,106,107,122
Q9H2F3	369	163
Q6ZNL6	1462	1248,1251,1264,1267,1272,1275,1293,1296
P53985	500	38,309,313
P14207	255	97,101,118,119,120,121,122,151,152,153,154,155,156,190
P13686	325	33,71,74,110,205,240,242
Q12756	1690	97,98,99,100,101,102,103,104
Q9NZU7	370	238,240,242,244,249,315,317,319,321,326,352,353,354,356,357,358,360,363
Q9Y5A9	579	416,417,418,422,432,433,462,486,491
Q9H0K1	926	26,27,28,29,30,31,32,33,34,49
P51512	607	101,183,193,195,200,201,203,205,208,215,217,219,221,223,226,246,250,256
Q9Y5K1	396	224,277
Q9Y2G3	1177	407,408,409,531,572,595,626,706,707,708,794,800,821,824,825
Q9P1Z3	774	492,493,495,502,503,543,546
Q504Y3	356	33,38,60,71
P29323	1055	627,628,629,630,631,632,633,634,635,653
Q9BRQ8	373	18,19,20,21,22,54,82,285
P16662	529	373,374,375,376,377,378,379,398
P07998	156	35,38,69,70,71,72,73,94,113
P23276	732	581,585,634
Q15166	354	53,54,116,167,168,223,268,269
Q9ULM6	557	240,276,361,366,412,414,481,486
Q12866	999	593,594,595,596,597,598,599,600,601,615
Q6ZS10	378	341,343,348,360,361
Q9BWP8	271	200,207,211,232,234,235,238,240,241,244,252,253,254
Q08462	1091	295,296,297,298,299,300,337,338,339,383,939,1019,1020,1021,1026,1027,1028,1029,1030,1066
Q5T1V6	619	247,248,249,250,251,252,253,254
O60706	1549	705,706,707,708,709,710,711,712,1346,1347,1348,1349,1350,1351,1352,1353
P51858	240	19,21,72,75,79,80
Q9UGP5	575	386,417,418,419,420,426,427,428,429,490,513
P17948	1338	833,834,835,836,837,838,839,840,841,861
Q9Y3B8	237	47,49,147,199
Q9Y2Q0	1164	409,410,411,508,549,572,605,685,686,687,741,742,743,744,745,746,747,748,775,781,801,804,805,1095,1096,1097,1098,1099,1100,1101,1102
Q8WTW4	380	78
Q8NCH0	376	155,156,157,158,159,160,161,213,214,215,216,217,218,219,220,221
P50120	134	41,109
Q9NRJ5	636	101,102,103,110,114,115,116,168,229,238,247,248
P38570	1179	522,524,526,530,586,588,590,594,654,656,658,662
O14569	222	48,86,120,159
P68871	147	2,3,64,83,93,144
O95831	613	138,139,140,141,142,164,165,172,177,196,233,285,308,309,310,311,336,342,399,438,453,454,455,483,493,583
P51159	221	16,17,18,19,20,21,22,23,24,74,75,76,77,78,133,134,135,136,163,164,165
Q9BY32	194	14,15,16,17,18,19,44,56,72,73,89,149,150,151,152,172,177,178
Q32P41	509	289,327,328,355,356,387
Q9HBA0	871	192,197,201,236,237,238,239,248,249,250,251,296,297,298,299,344,682
Q5SXM8	178	75,78,100,103
P61011	504	108,109,110,111,112,113,114,115,190,191,192,193,194,248,249,250,251
Q9H5Z1	703	77,78,79,80,81,82,83,84
P49411	452	67,68,69,70,71,72,73,74,129,130,131,132,133,184,185,186,187
P18440	290	103,104,106,107,208,214
Q9NQX4	1742	161,162,163,164,165,166,167,168
Q9BYZ8	158	98,99,100,101,102,103,135,136,137
P13716	330	122,124,131,132,209,221,223,279,318
Q6FI81	312	237,246,249,251,274,277,285,288
P07738	259	10,11,12,13,14,15,16,17,23,24,62,89,90,91,92,100,116,117,189,190
Q969S2	332	231
P01112	189	13,14,15,16,17,18,29,30,31,32,33,34,35,59,60,116,117,118,119,145,146,147
P45985	399	108,109,110,111,112,113,114,115,116,131
Q8WTQ7	553	197,198,199,200,201,202,203,204,205,220
Q96S55	665	20,23,31,35,39,270,271,272,273,274,275,276
P11310	421	158,159,160,161,162,163,164,165,166,167,191,192,193,278,281,306,307,308,316,317,374,375,376,377,378,401,402,403,404,405
Q99598	290	129,197
Q5ST30	1063	661
Q96AK3	386	78,109,112,262,293,296
Q9H1H9	1805	102,103,104,105,106,107,108,109
Q5FWF5	840	772,773,774,780,781,782,783,784,785,812,813,814
Q9P2R7	463	98,105,106,107,258,272,323,380,381,382
Q6W3E5	623	230,232,245
P08684	503	442
P25713	68	6,8,14,16,20,22,25,27,30,34,35,37,38,42,45,49,51,64,66,67
Q7Z4H3	204	49,77,78,81,86,87,143
P22392	152	12,60,88,94,105,115
Q9UI32	602	219,268,314,321,347,399,417
Q9UGJ0	569	302,317,318,319,320,321,322,362,383,384,402,432,437,458,459,474,475,476,477,501,530,531,546,547,548,549
Q8WUD1	216	13,14,15,16,17,18,19,20,21,61,62,63,64,65,119,120,121,122,149,150,151
P15328	257	103,107,124,125,126,127,128,157,158,159,160,161,162,196
P20794	623	10,11,12,13,14,15,16,17,18,33
Q8WZA2	1011	422,423,424,425,432,433
Q9NZC9	954	458,459,460,461,462,463,464,465
Q96T51	708	648,651,664,667,672,675,692,695
Q495X7	471	97,100,119,125
P52732	1056	105,106,107,108,109,110,111,112
Q5VVY1	283	124,129,146,174,175,190,195
O75317	370	186,189,233,236
Q5VWJ9	437	132,134,162,176
Q6PCB7	646	246,247,248,249,250,251,252,253,254,255,256,257
P32321	178	84,110,113
P29275	332	174,254,279,280
Q9BQ65	265	120,121,122,164,202,204,205,206,207,208,209,210
Q8WV99	257	10,15,25,28,33,36,42,44,100,105,115,118,123,126,132,134
Q6J9G0	422	120,121,122,123,124,125,126,127,128,147
Q5EBN2	209	97,100,119,125
P35218	305	130,132,155
P28566	365	102,106
Q9NXH8	423	194,195,196,197,198,199,200,201
Q9Y2T3	454	82,84,85,86,87,213,214,240,241,242,243,330
Q92905	334	138,140,151
P09958	794	115,154,162,174,179,181,191,192,205,208,210,212,236,253,254,255,256,257,258,264,292,293,294,295,301,306,308,331,368
Q9Y5X1	595	286,288,327
P0C025	328	142,146
O75382	744	115,118,138,143
Q9H078	707	346,348,383,384,385,386,387,388,455,496,561,620
Q9ULX5	631	318,319
Q13627	763	165,166,167,168,169,170,171,172,173,188,238,239,240,241
Q8NB12	490	17,18,19,52,55,65,68,74,78,86,90,135,205,206,208,270,271,272,274,276,279
P11388	1531	91,120,148,149,150,161,162,163,164,165,166,167,168,376,377,378,461,541,543
Q96GW9	593	350
Q96E52	524	327,331,392
Q8N1Q1	262	95,97,120,200,201
O15229	486	19,37,38,39,40,57,85,99,111,136,172,304,317,318,363,398
Q9HD40	501	75,97,98,105,271,313,398,463
P09471	354	43,46,47,48,152,176,177,178,179,182,270,273,325
P16219	412	152,153,154,155,156,157,158,159,160,161,185,186,187,269,270,271,272,297,308,365,366,367,368,369,393,394,395,396
Q99829	537	21,27,80,82,92,153,159,214,216,222
Q92484	453	45,47,110,114,151,152,252,293,295
Q13496	603	288,313,314,376,377,378,379,380,381,417,421
Q99719	369	51,52,53,54,55,56,57,58,85,111,190,191,192,193,194,195,196,197,198,248,263
Q8IWU4	369	52,53,54,106,110,137,220,224,301,318,345,352,361,364
P36639	197	8,23,27,33,35,36,37,38,52,55,56,100,117,118,119,120
Q6ZSG1	346	294,297,317,320
Q9NQ86	728	212,215,235,241
O95528	541	242,243,432
P18669	254	10,11,12,13,14,15,16,17,23,24,62,89,90,91,92,100,116,117,187,188
P49638	278	185,187,190,191,192,208,209,210,211,217,221
O43448	404	97,98,104,126,199,229,230,255,284,286,287,288,289,295,305,364,366,370,373
P20701	1170	468,470,472,476,530,532,534,538,590,594,598
P00480	354	90,91,92,93,141,168,171,199,263,267,268,303,304,330
P55345	433	112,121,145,168,197
P35228	1153	110,115,118,200,263,372,373,377,381,462,463,476,491,545,546,547,549,550,591,592,628,633,635,661,665,750,772,906,908,909,924,926,929,930,943,944,945,984,1017,1046,1047,1053,1055,1057,1090
P00156	380	83,97,182,196,201
O00519	579	191,217,238,239,240,241
Q9NYR8	311	9,10,11,12,13,14,15,16,17,18,142
Q8WWF8	208	52,54,56,58,63,88,90,92,94,99
Q96LJ7	313	19,64,151,163,167,198
Q9H0R4	259	13,14,15,46,47,179,204
P10644	381	137,138,139,140,141,142,143,144,145,146,147,148,149,150,151,152,153,154,155,156,157,158,159,160,161,162,163,164,165,166,167,168,169,170,171,172,173,174,175,176,177,178,179,180,181,182,183,184,185,186,187,188,189,190,191,192,193,194,195,196,197,198,199,200,201,202,203,204,205,206,207,208,209,210,211,212,213,214,215,216,217,218,219,220,221,222,223,224,225,226,227,228,229,230,231,232,233,234,235,236,237,238,239,240,241,242,243,244,245,246,247,248,249,250,251,252,253,254,255,256,257,258,259,260,261,262,263,264,265,266,267,268,269,270,271,272,273,274,275,276,277,278,279,280,281,282,283,284,285,286,287,288,289,290,291,292,293,294,295,296,297,298,299,300,301,302,303,304,305,306,307,308,309,310,311,312,313,314,315,316,317,318,319,320,321,322,323,324,325,326,327,328,329,330,331,332,333,334,335,336,337,338,339,340,341,342,343,344,345,346,347,348,349,350,351,352,353,354,355,356,357,358,359,360,361,362,363,364,365,366,367,368,369,370,371,372,373,374,375,376,377,378,379,380,381
Q96FN4	548	39,45,97,99,102,109,170,176,232,234,240
Q6PKH6	230	36,37,38,39,40,41,42,43,44,45,46,47,48,49,50,51,52,53,54,55,56,57,58,59,60,169,186
Q9Y4K4	846	26,27,28,29,30,31,32,33,34,49
Q9NUI1	292	35,36,37,38,39,40,60,61,62,63,64,86,88,118,126,127,128,182,208,209,210,211,212,213,214,219
P19404	249	135,140,176,180
O00763	2458	458,459,460,461,462,463,567,580,582,1934,2238,2240
Q9Y5R4	338	167,168,169,170,171,190,225,239,240,241,242
P35790	457	117,118,119,120,121,122,123,146,207,208,209,210,211,212,213,308,330
Q460N5	1801	824,833,922,923,924,925,926,961,1023,1024,1034,1046,1047,1048,1049,1133,1134,1135,1136,1137,1175,1176,1177,1178,1235,1236,1247,1258,1332,1333,1334,1335,1336,1371
Q7LFL8	322	263,266,269,275,278,281,291,296
P32418	973	420,456,481,482,484,486,489,533,534,535,551,587,613,614,615,718
O60313	960	298,300,301,302,303,317,323,398,468,470,503,506,507
Q9H0T7	212	26,27,28,29,30,31,32,33,73,74,75,76,77,132,133,134,135
Q6SA08	328	31,32,33,34,35,36,37,38,39,54
Q8TCQ1	289	80,83,97,99,107,110,123,126
Q96G46	650	311,312,313,365,435,465,497,498,499,520,521
O75907	488	374,375,376,377,378,379,380,381,382,390,404,477
Q9P246	746	80,82,84,91
Q7Z572	469	268,270,272,274,279
Q9HBH5	336	50,51,52,53,54,55,56,192
O15247	247	25,227
Q5D862	2391	62,64,66,68,73
Q99714	261	20,22,41,64,65,91,155,168,172,201,203
O14786	923	195,209,250
Q9UGI0	708	10,13,24,27,90,93,104,107,155,158,169,172
Q9H4L7	1026	521,522,523,524,525,526,527,528,529,897,898,899,900,901,902,903,904
Q8IWU9	490	318,323,363
P82251	487	43,44,45,46,47,233
P23109	780	303,305,374,375,376,377,378,379,572,575,649,650,651,652,653
O15105	426	125,180,192,197
Q13822	863	172,210,231,312,316,359,360,475,740,742,744,746,748
Q14432	1141	752,756,836,837,950,1001
P29474	1203	94,99,102,184,247,356,357,361,365,366,446,447,460,475,526,527,528,530,572,573,654,661,687,691,776,798,938,940,941,956,958,962,975,976,977,1016,1049,1078,1079,1085,1087,1089
Q96FX7	289	20,21,22,35,36,37,38,39,40,41,42,64,65,85,86,87,88,89,110,111,112,113,114,115,116,117,135,140,163,164,180,181,182,183,205,206,207,208,209,210,211,212,278
Q5HY92	759	489,529,530,531,532,533,534
P35998	433	216,217,218,219,220,221,222,223
Q9UNI1	258	77,79,82,87
P04731	61	5,7,13,15,19,21,24,26,29,33,34,36,37,41,44,48,50,57,59,60
P34949	423	110,112,137,276
O75897	302	55,56,57,58,59,60,113,114,115,137,145,200,234,235,236,237,238,239,262,263,264,265,266
O43707	911	778,780,789
O43854	480	119,120,122,136,137
P21127	795	444,445,446,447,448,449,450,451,452,467
Q9Y6P5	492	386,387,388,389,398,463
P11766	374	45,67,97,100,103,111,174
P02671	866	791,793,795,797
O00442	366	104,131,294,297,298,320
P36894	532	240,241,242,243,244,245,246,247,248,261
P14550	325	11,12,13,14,15,16,17,18,19,20,21,22,45,162,163,211,213,215,216,263,264,265,266,269,272,273
Q8NF37	534	392,394,396,398,403
Q14141	434	49,50,51,52,53,54,55,56,104,185,186,187,188,189,190,191,192,193,239,254
Q9NP78	766	539,540,541,542,543,544,545,546
Q14683	1233	32,33,34,35,36,37,38,39
Q93070	314	126,206,240
Q8TCG2	481	133,148,257,258,259,260,271,272,344
P23280	308	111,113,138,220,221
Q15652	2540	2336,2338,2466
Q99435	816	440,441,443,459,460,463,555,556,558,574,575,578,602,603,605,621,622,625
Q8NCW6	608	191,222,245,246,247,350,378,381,386
Q92830	837	579,580,581,586,587,588,589,590,591,592,617
Q14393	678	329,331,440,656
Q7L7X3	1001	34,35,36,37,38,39,40,41,42,57
P58005	492	386,387,388,389,398,463
P11215	1152	465,467,469,473,529,531,533,537,592,596,600
P54829	565	461,496,497,498,499,500,501,502,540
Q9H974	415	351,353,356,382
P45880	294	23,31,253,254,255,271,272,273,274,275
P37268	417	52,77,80,83,84,218,315,317
Q99972	504	380,428,429,477,478
P51793	760	181,469,572,610,631,632,633,738,739,740,741
Q96EF0	704	250,275,276,339,340,341,342,343,344,380,384
Q8NFZ0	1043	463,464,465,466,467,468,469,470
Q8N1G2	835	203,204,205,206,207,218,234,277,278,279,280,281,282,283,335,336,374,375,376,439
P42684	1182	294,295,296,297,298,299,300,301,302,317,362,363,364,365,366,367,368
Q7RTR0	991	152,153,154,155,156,157,158,159
P11511	503	309,374,437
P03956	469	92,124,158,168,170,175,176,178,180,183,190,192,194,196,198,199,201,218,222,228,285,329,378,427
P31152	587	26,27,28,29,30,31,32,33,34,49
Q86W56	976	726,727,740,754,795,869,870,871,872,873,874
O00635	465	93,96,115,121
P07900	732	51,93,112,138,400
Q9H649	340	139,140,141,142,143,144,145,162,193,211
Q7Z695	626	206,207,208,209,210,211,212,213,214,311
Q10469	447	123,124,125,126,127,154,229,230,231,232,233,261,298,374
O43570	354	119,121,145,226,227
Q96HD9	319	21,24,63,70,71,116,178,288
P41743	596	260,261,262,263,264,265,266,267,268,283
Q9NUU7	478	118,137,138,139,140,141,142,143,144,428,431
Q96F10	170	27,28,92,94,95,96,102,103,104,105,106,107,133,134,135,140,152
Q9NTJ4	1040	260,262,372,577
Q13075	1403	315,318,335,342,473,474,475,476,477,478
Q16288	839	544,545,546,547,548,549,550,551,552,572
Q9BZ23	570	392,395,407
O00194	218	16,17,18,19,20,21,22,23,24,74,75,76,77,78,133,134,135,136,163,164,165
Q8N568	766	400,401,402,403,404,405,406,407,408,423
O75578	1167	494,496,498,502,558,560,562,566,620,622,624,628
Q9UBT6	870	107,198,199,624,627,642,646,779,782,797,801
Q9BU70	441	47,48,49,90,91,117,127,148,149,150,151
O94923	617	180,185,186,187,202,210,213,216,238,240,268,269,392,429,430,431,432,499,500,510,514,560,563,572,573,574,575,576,577,578,579,580,581
Q8N5S9	505	134,135,136,137,138,139,140,141,142,157
P84095	191	10,11,12,13,14,15,16,17,28,29,30,31,32,33,34,35,57,58,59,60,61,115,116,117,118
Q6PL18	1390	467,468,469,470,471,472,473,474
Q9Y692	573	113,139,143,146,157,170,174,178
Q16798	604	190,280,281,304,443
Q9H5I1	410	191,193,196,201,202,229,233,235,239,261,262,263,330,331,333,372,398,399,400,405
P19021	973	102,103,167,237,239,309,517,530,582,584,651,687,703,783,784
Q8WYJ6	372	37,38,39,40,41,42,43,44,71,97,176,177,178,179,180,181,182,183,184,234,250
P00709	142	57,58,68,98,100,101,102,103,106,107,135
Q9BXP8	1791	733,737,743
O14983	1001	304,305,307,309,351,353,442,489,515,560,625,626,627,678,684,703,706,768,771,796,799,800,908
P04035	888	565,566,567,568,569,570,571,626,627,628,653,654,655,656,657,658,659,660,661,720,721,722,865,866,870,871
Q8N841	843	223,229,230,251,252,253,254,264,265,266,290,312,313,314,315,332,395,408,410,411,426
O14678	606	421,422,423,424,425,426,427,428
Q08499	809	462,466,502,503,620,623,671,674
Q92628	1395	89,90,91,92,93,94,95,96
Q9BZJ4	359	74,78,88,94
P61225	183	10,11,12,13,14,15,16,17,57,58,59,60,61,116,117,118,119
Q96RG2	1323	1005,1006,1007,1008,1009,1010,1011,1012,1013,1028,1082,1083,1084,1085,1086,1087,1088,1089,1146
Q8N8L6	244	84,85,86,87,88,89,90,91,128,129,130,131,132,185,186,187,188
Q6UVY6	613	235,236,307,389,391,464
Q00534	326	19,20,21,22,23,24,25,26,27,43
Q8TF40	1166	608,610,613,615
Q13423	1086	182,183,184,237,257,258,259,287,300,319,933,965,966,967,968,969,970,1007,1008,1009,1010,1011,1026,1027,1042,1043,1044,1045,1046,1047,1048,1049,1068,1069
P30837	517	262,263,264,265,266,267
Q7Z3F1	870	43,57
P53708	1063	275,277,279,283,329,331,333,335,337,395,397,399,401,403,459,461,463,465,467
Q13349	1161	465,467,469,473,529,531,533,537,592,596,600
Q14833	912	159,180,181,182,230,312,405
Q92499	740	46,47,48,49,50,51,52,53
P02792	175	54,57,58,61,64
P22413	925	218,256,277,290,295,340,376,380,423,424,532,535,800,802,804,806,808
Q8IYD1	628	213,214,215,216,217,218,349,350,351,352,391,392,393
P07205	417	24,25,26,39,63,64,65,66,123,171,220,313,344,373,374,375,376
P49356	437	248,249,250,251,291,292,293,294,297,299,300,301,302,303,362
P0C7P3	912	593,594,595,596,597,598,599,600
P29597	1187	903,904,905,906,907,908,909,910,911,930
P33993	719	345,384,386,387,388,489,514,604
Q8IZ52	775	617
Q04828	323	20,21,22,23,24,50,117,166,167,190,216,217,218,219,220,221,222,227,270,271,272,273,274,275,276,277,278,279,280
Q6T310	242	34,35,36,37,38,39,40,41,81,82,83,84,85,147,148,149,150
P49915	693	244,245,246,247,248,249,250,337,522,610,685,691
P54652	639	13,14,15,16,72,205,206,207,271,272,273,274,275,276,277,278,342,343,344,345
O94806	890	582,583,584,585,586,587,588,589,590,605
O95294	804	21,27,74,76,82,149,155,202,204,210,682,693,694,704
Q92918	833	23,24,25,26,27,28,29,30,31,46
Q96AC6	838	484,485,486,487,488,489,490,491
Q9H0S4	455	68,69,70,71,72,73,74,75
O15530	556	92,93,94,111,160,161,162,166,209,223
Q14896	1274	208,210,223,225
Q9Y6K0	416	86,133,151,154,158
P33316	252	173,174,175,187,188,189,190,191,192,193,198,241,246,247
Q09013	629	77,78,79,80,81,82,83,84,85,100
P06702	114	20,23,26,28,30,31,36,67,69,71,73,78,91,95
Q9BYT3	514	122,123,124,125,126,127,128,129,130,145
O14733	419	126,127,128,129,130,131,132,133,134,149
O43148	476	176,177,180,205,227,261,284,289
Q56UN5	1328	1067,1068,1069,1070,1071,1072,1073,1074,1075,1089
Q8TBC4	463	100,101,102,103,104,105,106,107,108,109,110,111,112,113,114,115,116,117,118,119,120,121,122,123,124,148,149,150,151,152,153,154,155,156,157,158,159,160,161,162,163,164,165,166,167,168,169,170,171
Q13907	227	36,40,51,70,74,87,146,148
P00352	501	167,168,169,170,193,194,195,196,226,227,246,247,269,270,271,349,350,351,352,353,400,401,402
P20711	480	82,148,149,192,246,300
P62195	406	190,191,192,193,194,195,196,197
P22607	806	478,479,480,481,482,483,484,485,486,508
Q9UBC5	1043	101,102,103,104,105,106,107,108
P80188	198	72,73,74,126,145,154,158
P05107	769	136,138,141,142,173,229,231,233,234,264,347
P23467	1997	1870,1904,1905,1906,1907,1908,1909,1910,1948
Q15777	294	65,67,86,117,118,213,225,226,252,253,254,255
P48448	385	107,108,109,110,111,112
P05164	745	260,262,334,336,338,340,408,409,502
P78563	741	394,400,401,451,556,559,562,669,702,712,730
Q4VNC0	1218	850,854
Q9UPT9	525	23,25,63,66,76,79,84,89,93,99,112,115
Q9ULY5	219	117,119,123,169,171,193,194,206
Q13637	225	32,33,34,35,36,37,38,39,81,82,83,84,85,143,144,145,146
Q9UKU7	415	158,159,160,161,162,163,164,165,166,167,191,192,193,274,275,276,277,302,312,313,371,372,373,374,375,400,401,402,410
Q9H5X1	160	89,123,150,153
P28221	377	118,122,321
Q9NY64	477	162,267,268,273,394
Q96SB4	655	86,87,88,89,90,91,92,93,94,109,166,167,168
P84085	180	24,25,26,27,28,29,30,31,67,68,69,70,71,126,127,128,129
P51532	1647	779,780,781,782,783,784,785,786
P49773	126	43,44,99,105,106,107,112,113,114
P49888	294	47,48,49,50,51,52,105,106,107,129,137,192,226,227,228,229,230,231,256,257,258
Q9Y450	684	267,268,269,270,271,272,273,274,406,407,408,409,445,446,447
Q86W25	1043	235,236,237,238,239,240,241,242
Q9UQ88	783	432,433,434,435,436,437,438,439,440,455
Q96AY3	582	510,512,514,516,521,555,557,559,561,566
A0A1B0GWK0	134	68,70,72,74,76,79,109,113,120
P19099	503	381,450
A6NMX2	242	81,82,127,128,182,183,184,185,186,187,230,231,232
P67870	215	109,114,137,140
Q16720	1220	794,798
P33527	1531	653,678,679,680,681,682,683,684,685,713,1327,1328,1329,1330,1331,1332,1333,1334
Q96C10	678	24,25,26,27,28,29,30,31,556,559,612,615
Q8IWB7	410	287,290,314,317,322,325,344,347
Q9BVG3	475	93,96,114,120
Q16873	150	30,51,52,53,54,55,58,59,93,94,95,96,97
Q7LBC6	1761	1560,1562,1689
Q8N9I0	419	169,170,176,228,229,230,233,234,236,301,307,361,363
P55017	1021	148,149,151,227,234,352,353,354,355,359,464,467,468,540,648,655,677,741,780,781
P17693	338	31,94,101,108,167,170,179,180,183,195
P42694	1942	668,669,670,671,672,673,674,675
Q96QI5	342	100,101,102,103,104,122,123,124,125,126,127,128,153,154,155,156,181,189,220,221,305,306,307,308,309
Q9HBY8	367	41,42,43,44,45,46,47,48,49,64
P46100	2492	1594,1595,1596,1597,1598,1599,1600,1601
P20339	215	27,28,29,30,31,32,33,34,35,46,47,48,49,50,51,52,75,76,77,78,79,133,134,135,136,163,164,165
O75771	328	107,108,109,110,111,112,113,114
Q86XT4	487	89,92,111,117
Q9BSJ8	1104	344,345,357,404,406,408,410,411
Q9UBS5	961	247,270,287,367,466
P41091	472	51,52,53,54,55,56,190,191,192,193,225,226,227
Q8N4G2	192	20,21,22,23,24,25,26,27,64,65,66,67,68,123,124,125,126
Q16539	360	30,31,32,33,34,35,36,37,38,53
Q9NZ45	108	72,74,83,87
O00625	290	56,58,101,103
Q5TCH4	519	321,457
O15118	1278	41,79
Q96MB7	349	149,199,225,261
Q15438	398	269,270,271,272,273,274,275,276,277,281,292,302,351
Q96QE3	1844	1132,1133,1134,1135,1136,1137,1138,1139
Q96EK6	184	61,108,109,110,111,120,121,122,130,131,132,133,134,135,151,152,165,166,167,175,181
O15466	376	192,214,215,216,300,301,302
O14936	926	18,19,20,21,22,23,24,25,26,41
P17655	700	89,91,96,175,229,230,292,299,323,542,545,547,552,585,587,589,591,596,615,617,619,621,626,658,661
P35610	550	137,415,418,421,425,433,445,456
Q9H9S5	495	289,296,317,318,345,352,359,360,361,362,363,364,437,438,480,481,482
Q86VD1	984	486,489,512,523
Q5T2L2	129	16,17,18,19,20,21,22,23,24,25,120
Q86W28	1048	210,211,212,213,214,215,216,217
Q17R31	274	12,14,107,147,170,218
Q9H0E7	712	7,9,29,32,41,44,49,56,60,66,79,82
Q9Y496	699	100,101,102,103,104,105,106,107
Q9UBS8	474	220,223,238,240,243,246,265,270,309,314,329,332,337,340,345,350,404,407,422,425,430,433,445,453
A2RUC4	315	106,160,162,166,175,235
P22732	501	32,167,288,296,297,298,387,419,420
O00142	265	57,58,59,60,61,62,63,64,65
O60551	498	117,122,250,252,258,260,261,262
Q9NR71	780	134,194,303,540,579,712,714,717
P48764	834	138,141,142,398,497,498,500
Q9Y644	331	74,147,148,261
Q8IYR2	804	112,113,114,296,299,309,312,318,322,331,335,427,539,540,573,595
P16435	677	86,87,88,89,90,91,138,139,140,141,173,174,175,176,177,178,179,180,181,182,208,298,424,454,455,456,457,472,473,474,478,488,489,490,491,535,596,597,602,603,604,605,606,638,676
Q32M88	737	300,301,498,499
Q8IV20	430	250,284,301
Q8IXK2	581	176,205,228,230,335,363,371
Q96PP8	586	45,46,47,48,49,50,51,52,67,68,69,181,182,245
O00338	296	49,50,51,52,53,54,107,108,109,131,139,194,228,229,230,231,232,233,256,257,258,259,260
O95677	639	375,377,603
Q8IVW1	177	24,25,26,27,28,29,30,31,67,68,69,70,71,125,126,127,128
Q9BRI3	323	53,106,110,223,227,304,321,355
Q96S15	790	719,722,733,736,743,746,757,760,762,765,768,779,783,785,787
P02585	160	28,30,34,39,64,66,68,70,75,104,106,108,110,115,140,142,144,146,151
Q9H008	270	17,18,19,54,55,189,214
Q8NDL9	886	252,255,434
P13584	511	315,453
Q9Y508	228	91,94,106,110
Q99570	1358	32,33,34,35,36,37,38,39,40,53
O95251	611	368,371,384,388,475,476,477,483,484,485,486,487,488,512,521
Q92626	1479	826,828,907,909,911,913,980,1074
P10153	161	65,66,67,68,69
Q14004	1512	711,712,713,714,715,716,717,718,719,734
Q96E22	293	291,292
P11182	482	291,306,349,378,399,400,403,424,426
Q16678	543	470
O14730	519	257,258,259,260,261,262,263,264,265,290
Q13485	552	71,115,127,132
P22314	1058	478,504,515,528,576,577
O14863	429	146,150,277,281
Q8N7C3	387	19,22,41,47
Q9H4M9	534	65,66,67,68,69,70,71,72,220,258,489,491,493,500
O95741	557	167,173,229,231,237
P29728	719	396,408,410,481,544,547
P13866	664	457
P35236	360	257,291,292,293,294,295,296,297,335
O00507	2555	1729,1731,1773,1776
P57059	783	33,34,35,36,37,38,39,40,41,56
A6NMB9	653	395,435,436,437,438,439,440
P28222	390	129,134,201
Q7L5N7	544	404,406,408,410,415,441,443,445,447,452
Q96CD2	204	59,104,105,106,107,140
O15550	1401	1146,1148,1226,1331,1334,1358,1361
Q9Y5Y2	271	22,23,24,25,26,27,28,29,196,199
P54136	660	200,201,202,211,384,388,412
Q9HAQ2	790	12,13,14,93,94,95,96,97,98,99,100
Q969Q1	353	122,125,145,151
O94808	682	377,378,422,423,424,427,578
P09172	617	262,263,333,412,414,487
P16070	742	41,78,79,105
Q6PJP8	1040	122,125,140,144
Q9BTZ2	278	36,37,38,39,40,41,42,43,44,45,46,47,48,49,50,51,52,53,54,55,56,57,58,59,60,169,186
Q92187	359	147,170,279,280,281,301
Q9BZF1	889	420,421,422,423,424,425,482,483,484,485,514,515,540,706,710,714
P49336	464	27,28,29,30,31,32,33,34,35,52
Q9H2X6	1198	205,206,207,208,209,210,211,212,213,228
Q99707	1265	260,323,324,382,383,384,449,470,537,579,585,591,709,782,783,784,785,786,830,834,886,974,1172,1227,1228
Q15560	299	261,264,289,292
O75914	559	289,290,291,292,293,294,295,296,297,312
Q5RIA9	395	49,50,51,52,53,54,55,56,107,109,110,111,112,113,114,203,204,205,206
Q9HBI6	524	328,468
Q00537	523	198,199,200,201,202,203,204,205,206,221
O14795	1591	616,622,668,670,687
O75185	946	332,333,335,337,674,678,768,772
Q9H0U4	201	15,16,17,18,19,20,21,22,23,33,34,35,36,37,38,39,40,63,64,65,66,67,121,122,123,124,151,152,153
P05109	93	17,27,33,59,61,63,70,83,87
Q96FI4	390	176,339
P06576	529	207,208,209,210,211,212,213,214,239
P19474	475	92,95,114,120
Q9UL01	958	452,470,481
Q9NRB3	414	171,172,173,174,175,176,177,245,246,247,248,249,250,251,252,253
Q9NZM1	2061	390,396,444,446,452,1155,1161,1217,1219,1569,1575,1624,1626,1891,1894,1897
Q5HYK3	327	117,171,199,200
Q13639	388	100,279
P61587	244	30,31,32,33,34,35,36,37,77,78,79,80,81,135,136,137,138
Q9UBE8	527	144,145,146,147,148,149,150,151,152,167
Q9UQM7	478	19,20,21,22,23,24,25,26,27,42
P0C7P0	127	60,62,71,75,98,100,109,113
Q53GQ0	312	50,51,52,53,54,55,56,57,58,59,60,61,62,63,64,65,66,67,68,69,70,71,72,73,74,75,76,77,78,79,189
P23469	700	303,335,336,337,338,339,340,341,379
P49916	1009	105,108,139,142,506,513,528,560,655,660,671,675
Q13153	545	276,277,278,279,280,281,282,283,284,299,345,346,347
Q86XH1	822	575,576,577,578,579,580,581,582
Q8TBE9	248	12,13,14,131,132,164
Q9BXA6	273	18,19,20,21,22,23,24,25,26,41
Q8WY41	292	214,217,230,241,249,252,260,265
O95045	317	66,100,144,145,146,147,148,149,223,224,225
Q12913	1337	1205,1239,1240,1241,1242,1243,1244,1245,1283
Q9H4K7	406	231,232,233,234,235,236,237,238,256,257,258,259,260,278,279,280,281,345,346,347,348,371,372,373
Q13443	819	347,351,357
P42892	770	607,611,667
Q9NYY3	685	88,89,90,91,92,93,94,95,96,111
Q07617	926	781,782,783,784,785,786,787,788
P57796	275	142,144,146,148,153,219,221,223,225,230,256,258,260,262,267
P38405	381	49,50,51,52,53,54,55,56,185,186,187,188,189,190,191,210,211,212,213,214,279,280,281,282,353
Q9BUY7	163	140,142,144,146,151
Q9ULC3	237	16,17,18,19,20,21,22,23,64,65,66,67,68,121,122,123,124
Q01415	458	43,49,50,52,143,145,146,190,233,234
Q8TCF1	268	10,15,25,28,33,36,42,44,64,69,79,82,87,90,96,98
P47985	274	217,219,236,239,241
P62068	366	182,185,229,232
P31645	630	94,96,97,98,101,336,368,434,437,438,439,494,495,556,559
Q5FYB0	599	84,85,122,176,269,327,328,345
Q05329	585	181,182,183,558
P24941	298	10,11,12,13,14,15,16,17,18,33,81,82,83,86,129,130,131,132,145
Q86Z02	1210	196,197,198,199,200,201,202,203,204,219
P10515	647	461,475,566,567,591
P08754	354	43,44,45,46,47,48,150,151,175,176,177,178,179,180,181,200,201,202,203,204,269,270,271,272,326
Q6B0K9	141	58,87
Q15493	299	18,101,103,121,154,204
P15813	335	98,169,170,171,172
Q8WVD3	245	86,89,101,105
P04083	346	59,60,62,97,100,105,127,129,131,132,134,171,210,213,215,253,255,256,261,286,288,290,328,330,331,336
Q6IMI4	303	65,66,67,68,69,70,140,148,203,237,238,239,240,241,242,259,260,261
Q05639	463	14,15,16,17,18,19,20,21,91,92,93,94,95,153,154,155,156
Q03013	218	7,8,46,47,48,49,50,59,60,72,73,116
P16455	207	5,24,29,85,95,114,115,123,128,151
Q93063	718	461,465,490,517,522,538,539,540,582,584,627,628,651,653,673
O43824	516	301,302,303,304,305,306,307,308,327,328,329,330,331,349,350,351,352,418,419,420,421,437,438,439
Q8NI77	898	113,114,115,116,117,118,119,120
Q6UWV6	458	39,75,96,199,203,246,247,353
Q8IYT2	770	148,167,235
P21695	349	10,11,12,13,14,15,41,97,120,153,269,270,296,298
Q08345	913	211,230,233,235,253,255,360,361,616,617,618,619,620,621,622,623,624,655
Q6UX07	377	46,48,170,197,201,232
P20337	219	29,30,31,32,33,34,35,36,37,48,49,50,51,52,53,54,77,78,79,80,81,135,136,137,138,165,166,167
Q7Z333	2677	1963,1964,1965,1966,1967,1968,1969,1970
P07437	444	11,69,138,142,143,144,204,226
Q8NHM5	1336	239,242,244,259,314,613,616,619,624,627,630,646,651,662,665,688,691,696,699,719,722
O43847	1151	233,237,314
Q9Y6Q6	616	133,134,160
P55263	362	35,49,147,148,306
Q9Y2I6	1382	246,248,250,252,257
P15559	274	12,18,19,67,104,105,106,107,126,127,128,148,149,150,151,156,201
Q02763	1124	830,831,832,833,834,835,836,837,838,855
Q96HE7	468	187,189,200,252,255,287,300
P23258	451	142,143,144,145,146,147,148
O00141	431	104,105,106,107,108,109,110,111,112,127
Q8NBI6	393	104,105,106,226,227,228,290,328,331,360,383,385
P35670	1465	69,72,154,157,268,271,370,373,499,502,575,578,1267,1271
Q8WW27	367	93,127,134
Q6HA08	431	182,186,192
Q9BW19	673	410,411,412,413,414,415,416,417
Q8NFW8	434	52,62,111,120,122,143
P07333	972	588,589,590,591,592,593,594,595,596,616
Q15436	765	61,66,85,88
O00187	686	67,75,120,122,123,138,139,141,158,159,162
P14867	456	94,157,273
Q86W26	655	173,174,175,176,177,178,179,180
P54764	986	627,628,629,630,631,632,633,634,635,653
Q15126	192	17,18,19,20,21,22,23,141,170,171,176,180
P51531	1590	749,750,751,752,753,754,755,756
Q6S9Z5	364	97,100,112,116,168,171,183,187,224,227,239,243,287,290,302,306
P49840	483	125,126,127,128,129,130,131,132,133,148
P54707	1039	732,736
Q9Y3Z3	626	116,117,119,137,142,145,149,150,156,164,167,206,207,210,215,311,312,315,319,333,352,354,358,366,372,374,375,376,377,451,455,523
Q96GJ1	504	323,373,423
Q9UQQ1	740	258,261,368,378,417,425,428,445,545
Q9UHW5	284	13,14,15,16,17,18,174,175,176,177
P19793	462	135,138,152,155,171,177,187,190,316,327
Q9H488	388	43,44,45,46,238,239,240,340,357,358
P13995	350	84,85,86,87,88,131,132,133,200,201,202,233,309,310,311,312,313
Q96MN2	994	155,156,157,158,159,160,161,162
O60725	284	190,197,198,199,200,205,210,211,212,213,247,251
P0DTE8	511	115,173,182,210,216,313,352
P41240	450	201,202,203,204,205,206,207,208,209,222
Q00796	357	45,51,70,71,156,184,204,209,273,274,275,297,298,299,300
Q9NS39	739	432,490,555
O76031	633	105,108,127,130,294,295,296,297,298,299,300,301
Q8NCG5	386	51,52,53,54,55,56,57,205,206,207,208,209,210,211,212,213
Q8IZ41	740	21,23,25,27,29,32,55,57,59,61,66,551,552,553,554,555,556,654,655,656,657,691,692
Q9NS91	495	204,207,219,223
P00387	301	92,93,94,109,111,114,126,127,128,185
A6NNW6	625	300,548
P52701	1360	1134,1135,1136,1137,1138,1139,1140,1141
P62140	327	63,65,91,123,172,247
Q01814	1243	820,824
Q02338	343	59,60,61,62,63,64,65,66,67,68,69,70,71,72,73,74,75,76,77,78,79,80,81,82,83,195
Q96Q11	434	64,67,77,79,151,194,197,200,203
O60930	286	145,186,210,274
Q9NPH2	558	67,68,69,70,141,177,178,188,191,228,229,230,231,278,279,303,306,337,338,339,352,390,391,419,420
Q5TAX3	1644	306,309,322,328,998,999,1000,1001,1008,1009,1010,1011,1081,1103,1121,1122,1123,1124,1125,1237
P53778	367	33,34,35,36,37,38,39,40,41,56
Q9P2W7	334	91,92,93,122,165,170,195,196,197,311,312,313
P19174	1290	165,167,169,171,176
Q86SR1	603	154,156,185,214,237,238,239,342,370,373,378
Q96MU7	727	361,362,363,377,378,428,476
P49326	533	10,11,12,13,14,33,41,42,62,63,196,197,198,199
Q9UHL0	483	143,144,145,146,147,148,149,150
Q99717	465	65,110,122,127
P21266	225	11,12,50,51,52,53,54,63,64,76,77,120
Q9UKX2	1941	179,180,181,182,183,184,185,186
P61236	119	23,26,79,82
Q86WJ1	897	71,72,73,74,75,76,77,78
Q9H015	551	218,219,220,221,222,223,224,225
P14672	509	177,298,299,304,333,396,404
Q13188	491	33,34,35,36,37,38,39,40,41,56,151,164
Q9HC29	1040	239,252,253,299,300,301,302,303,304,305,306,307,603
O15540	132	127,128,129
Q9H201	632	8,11,25,30,63,73
Q5T1C6	240	183,185,206,207
Q15274	297	102,138,139,160,161,171,201,222,248,249,250,270
Q5JTZ9	985	110,128,210,240,241,242,265,269,632,636,749,753
O95861	308	74,117,119,120,195,198,220,224,247
Q7LDG7	609	439,441,443,445,450,468,470,472,474,479
Q96EP0	1072	699,702,717,719,722,725,744,747,799,802,817,820,825,828,836,841,871,874,890,893,898,901,916,925
P08922	2347	1951,1952,1953,1954,1955,1956,1957,1958,1959,1980
Q9BZG1	259	59,60,61,62,63,64,65,66,107,108,109,110,111,166,167,168,169
Q8N339	61	5,7,13,15,19,21,24,26,29,33,34,36,37,41,44,48,50,57,59,60
Q03426	396	13,55,135,140,141,142,143,144,145,146,193
Q9UKT4	447	378,381,396,401,406,409,414,419
Q7Z6J4	655	464,467,481,484,489,492,510,513
Q9Y5X2	465	109,135,148
P05177	516	226,458
Q6MZM0	1159	127,129,187,189,304,347,352,657,700,705,710,1003,1006,1008,1048,1049,1050,1054,1059
P20702	1163	157,159,161,259,466,468,470,474,530,532,534,538,593,597,601
Q9Y272	281	31,32,33,34,35,36,37,38,78,79,80,81,82,145,146,147,148
Q8N3Z3	284	117,118,119,120,121,122,123,124,146,147,148,149,150,164,165,166,167,226,227,228,229,261,262,263
Q3T906	1256	449,464,467,516,531,534,1018,1020,1022,1029
P43004	574	362,363,364,393,395,397,401,442,443,444,445,446,475,482,486
P49441	399	54,79,80,153,155,156,157,158,267,269,289,290,293,311,316
O15523	660	198,199,200,201,202,203,204,205,222,223,224,225,226,227,228,229
Q9HD20	1204	533,534,535,626,684,749,864,865,866,867,868
P22304	550	45,46,84,334,335
O43699	453	122
P49703	201	28,29,30,31,32,33,34,35,76,77,78,79,80,135,136,137,138
Q969F2	451	132,134,138,143
Q9BUT1	245	16,17,18,37,58,144,151,180,181,182,183,184,188,205
P21439	1286	406,432,433,434,435,436,437,477,536,1046,1071,1072,1073,1074,1075,1076,1077,1124,1184,1185,1186
P26010	798	161,163,166,167,198,254,256,258,259,289,373
P53396	1101	58,66,67,109,111,118,216,257,260,262,309,346,348,364,379,779,780,781,782,783,784,785,786,787,788,789
Q96HN2	611	236,310,335,336,337,338,365,369,370,401,402,403,404,405,406,422,457,478,479,525
Q09428	1581	713,714,715,716,717,718,719,720,1378,1379,1380,1381,1382,1383,1384,1385
P31151	101	18,25,63,65,67,69,74,87,91
P51790	818	239,527,630,689,690,691,796,797,798,799
P41250	739	299,331,332,333,342,343,350,457,458,576,577,578,583
O14618	274	22,25,147,155,164,167,244,246
Q7Z444	233	48,49,50,51,52,53,54,55,95,96,97,98,99,151,152,153,154
Q5K4L6	683	288,289,290,291,292,331,428,528,543,635
Q96L33	236	38,39,40,41,42,43,44,45,85,86,87,88,89,143,144,145,146
Q9NWX6	298	58,59,60,61,62,63,104,105
P34947	590	192,193,194,195,196,197,198,199,200,215
P55895	527	419,423,446,452,455,458,478,481
P06681	752	262,264,337
O75762	1119	414,421,621,641,665,710,788,791,805,808,1046,1047,1048,1049,1050,1051,1052
Q14184	412	157,163,218,220,297,303,357,359,365
Q8N8Q3	282	52,126
P42126	302	106,107,108,109,110,153,177
A6NDI0	452	93,96,115,121
O00487	310	113,115,126
P19022	906	170,226,228,259,260,261,262,263,293,295,301,353
Q9Y2D0	317	130,132,155,235,236
P49760	499	169,170,171,172,173,174,175,176,177,193
P29373	138	133,134,135
Q08AF3	891	578,579,580,581,582,583,584,585
Q9BRT8	395	49,50,51,52,53,54,55,56,107,109,110,111,112,113,114,203,204,205,206
Q9UMQ6	739	623,625,627,629,634,653,655,657,659,664
P51589	502	448
Q7Z449	544	490
Q6ZS86	529	28,29,98,275,276,297,340,440
Q13508	389	101,163
P0C5J1	330	139,165,166,167,228,247
P04732	61	5,7,13,15,19,21,24,26,29,33,34,36,37,41,44,48,50,57,59,60
Q8N884	522	211,213,225,226,227,319,362,376,377,378,379,380,381,382,383,390,396,397,404,414,435,436,437,438,439
O43704	296	48,49,50,51,52,53,107,108,109,131,139,194,228,229,230,231,232,233,258,259,260
Q3YEC7	729	50,51,52,53,54,55,56,57,100,101,102,103,104,177,178,179
O00151	329	260,263,280,283,286,289,307,310
P52198	227	14,15,16,17,18,19,20,21,61,62,63,64,65,119,120,121,122
P08237	780	25,88,89,118,119,120,121,164,165,166,201,208,209,210,264,292,298,299,300,301,471,528,529,530,531,532,566,573,574,575,629,655,661,662,663,664,735
Q9ULD0	1010	130,143,145,299,398,431,433,663
P05089	322	101,124,126,127,128,129,130,137,138,139,183,232,234,246,277
Q9BRR6	497	297,328,481
P32249	361	87,112,116,260
Q14390	218	55,76,107,108
P11216	843	43,197,310,569
P53350	603	59,60,61,62,63,64,65,66,67,82,131,178,179,180,181,194
Q8NCW5	288	119,120,121,122,123,185,189,190,191,192,193,194,195,218,221
Q5VVJ2	828	656,658,669
P08254	477	92,124,158,168,170,175,176,178,180,183,190,192,194,196,198,199,201,218,222,228,297,389,438
Q7LGC8	479	141,142,143,144,145,146,147,301,302,303,304,305,306,307,308,309
Q14142	442	24,27,47,53
Q8WXS8	1223	398,402,408
P19087	354	40,41,42,43,44,45,46,47,175,176,177,178,179,180,181,200,201,202,203,204,269,270,271,272,326
Q14680	651	17,18,19,20,21,22,23,24,25,40
P36897	503	211,212,213,214,215,216,217,218,219,232
Q8N6G5	542	369,486
P51511	669	111,259,263,269
P00540	346	66,67,68,69,70,71,72,73,74,87
Q86X55	608	159,168,192,214,243,271
O94910	1474	42,117,118,119,120
P47900	373	46,203,204,205,283,284,285,286,287,303,304,305,306,310
O43520	1251	454,455,456,555,596,619,652,732,733,734,867,873,893,896,897
O95382	1288	654,655,656,657,658,659,660,661,662,677
Q9NUP7	481	59,65,75,79
P48729	337	23,24,25,26,27,28,29,30,31,46
Q71U36	451	11,71,140,144,145,179,206,228
Q16850	503	455
P17980	439	227,228,229,230,231,232,233,234
Q9NQH7	507	300,331,342,424,431,451,475
P09210	222	9,45,54,55,67,68
P68400	391	45,46,47,48,49,50,51,52,53,68
Q6P0Q8	1798	518,519,520,521,522,523,524,525,526,541
Q9BXU8	183	28,66,108,142
Q9HCH3	593	38,44,98,100,103,108,110,192,198,254,256,262
O75038	1416	182,184,186,188,193,342,371,373,420,469,471,653,680,784,786,810,839,840,841
Q9NYG5	84	23,26,34,37,44,51,53,56,58,59,73,76
P21673	171	27,28,92,94,95,96,102,103,104,105,106,107,126,127,128,133,134,135,136,140,141,142,143,152
Q9UBQ6	330	71,75,100,129,134,150,151,152,244,245,293
P10721	976	568,596,597,598,599,600,601,602,603,623,671,672,673,674,675,676,677,796,797,810
Q9BU20	258	64,65,67,68,69,70,82,84,87,176,178,206
Q15165	354	53,54,116,167,168,223,268,269
O94973	939	11,12,43,53,57,58,59,60,61
P29320	983	628,629,630,631,632,633,653,700,701,702,703,704,705,706,750,751
P36222	383	70,71,97,98,99,100,141,204,205,206,207,263,352
Q9H981	624	55,56,283,284,285,286
Q96NR8	316	46,47,48,49,50,51,52,175
O14646	1710	506,507,508,509,510,511,512,513
Q13231	466	70,71,97,98,99,100,141,210,211,212,213,358
Q6ZNF0	438	141,170,173,205,286,333,335
O75794	336	104,107,109,111,167,168,169,170,177,179,193,233,246,248
P37235	193	73,75,77,79,84,109,111,113,115,120,157,159,161,163,168
Q8NFU5	416	75,82,131,132,133,144,146,160,161,162,163,164,165,166,167,196,385,388
P02689	132	107,127,128,129
P27037	513	198,199,200,201,202,203,204,205,206,219
Q6VAB6	950	413,425,428,438,441,446,449,456,672,673,674,675,676,677,678,679,680,788,803
Q9UJT1	453	143,144,145,146,147,148,149
Q6DD88	541	67,68,69,70,71,72,73,74,114,115,116,213,214,272,273,274,275
Q9UKG9	612	406,410,411,412,413,414,415,416,417,439,441,452
I1YAP6	450	93,96,115,121
Q68EN5	471	280,285,316
Q9NZ08	941	183,317,318,319,320,321,353,357,376
P04271	92	16,19,22,24,26,27,32,62,64,66,68,73,86,91
Q9NR31	198	34,35,36,37,38,39,40,75,134,135,137,180,181
Q9NUV9	329	37,38,39,40,41,42,43,44,45,58,155,156,157,191
P11245	290	103,104,106,107,208,214,287
O60218	316	20,21,22,44,111,160,161,184,210,211,212,213,214,215,216,217,261,262,263,264,265,266,267,268,269,270,271,272,273
Q9UM19	191	73,75,77,79,84,109,111,113,115,120,159,161,163,165,170
Q9Y2K6	914	8,10,30,33,43,48,53,60,64,70,83,86
O95486	1093	431,434,452,455
Q6XPR3	784	32,62,64,66,68,73
P55039	364	69,70,71,72,73,74,75,76,94,95,96,97,98,115,116,117,118,246,247,248,249,269,270,271
Q86SK9	330	49,94,99,122,129,130,131,134,135,162,163,236,243,272,275,276
Q96MF7	247	185,187,210,215
Q9NYG8	393	103,104,105,106,212,213,214,215
P49286	362	175,194
Q8IXI1	618	11,12,13,14,15,16,17,18,57,58,59,60,61,118,119,120,121,197,199,201,208,317,319,321,328,423,424,425,426,427,428,429,430,459,460,461,462,463,524,525,526,527
Q86TM3	631	244,249,268,269,270,271,272,273,311
Q93088	406	217,299,300
Q9HCB6	807	325,354,358
P22681	906	229,231,233,235,240,294
P05181	493	298,299,300,301,302,303,437
O76062	418	311,315,338,343,350,351,390,394,395,396,397,398,405
Q8WZA1	660	129,179,207,307,308,309,310,311,338,371,394,395,500,506,507
Q86VP1	789	730,733,749,753,757,760,776,780
Q8TD19	979	58,59,60,61,62,63,64,65,66,81
Q02928	519	321,457
Q8TBK2	473	73,74,75,122,223,224,226,251,252,262,297
Q96S38	1066	801,802,803,804,805,806,807,808,809,820
Q9NZI2	227	146,148,150,152,157,194,196,198,205
P05129	697	186,187,193,246,247,248,251,252,254,357,358,359,360,361,362,363,364,365,380
Q9UHE8	339	140,161,175,237,254,268
P53041	499	242,244,271,275,303,304,352,400,427
Q99727	224	30
Q5T890	1561	148,149,150,151,152,153,154,155
P36954	125	17,20,39,42,86,89,114,119
P51157	221	19,20,21,22,23,24,25,26,27,68,69,70,71,72,129,130,131,132,159,160,161
Q86UD3	253	71,74,87,89,97,100,113,116
P30085	196	13,14,15,16,17,18,39,61,62,63,93,94,95,96,100,134,140,151,179
Q9BYZ6	727	21,22,23,24,25,26,27,28,84,85,86,87,88,140,141,142,143
O75604	605	425,428,476,479
P12271	317	180,202
Q7L2J0	689	422,433,451,452,453,474,475,559,560,581
O15217	222	9,54,55,67,68,212
Q49A26	553	271,272,273,274,275,276,277,278,279,280,281,282,283,284,285,362,505
Q96Q89	1820	152,153,154,155,156,157,158,159
Q9BQS7	1158	70,73,126,128,134,152,153,186,188,265,304,347,352,416,425,428,617,656,699,704,709,769,778,1000,1003,1005,1045,1046,1047,1051,1056
Q9NWM8	211	148,150,152,154,159,192,194,196,198,203
Q7Z5W3	292	46,76,110,135,136,164
Q9UK80	565	384,387,437,440
P32322	319	6,7,8,9,10,11,34,56,69,70,71,72,95,96,97
Q92993	513	370,371,372,377,378,379,380,381,382,383,407,416
Q15759	364	30,31,32,33,34,35,36,37,38,53,71
Q8TCT1	267	32,34,43,123,203
P54922	357	54,55,56,85,101,102,103,124,130,163,164,165,263,264,265,269,270,302,304,305
Q06124	593	425,459,460,461,462,463,464,465,506
Q5T6J7	187	11,12,13,14,15,16,17,18
A0A1W2PR19	241	40,53,54,66,67
Q2TAC6	998	104,105,106,107,108,109,110,111
P04637	393	176,179,238,242
Q8IWV7	1749	99,112,115,124,127,133,136,148,149,150,151,153,163,166,1098,1101,1159,1161,1164,1167,1197,1200,1627,1630,1653
Q7Z2W7	1104	782,785,799,802
Q9Y6I3	576	8,11,25,30,63,73
P19623	302	49,79,80,104,124,155,156,173,174,175,176,241
P36959	345	26,27,78,129,130,131,180,181,183,186,189,219,220,221,242,243,268,269,270,285,286,287,288,289,290,314,315,316,317
P30530	894	542,543,544,545,546,547,548,549,550,567
O95271	1327	1234,1237,1242,1245
P29218	277	70,90,92,93,94,95,194,195,196,213,220
Q9Y5W9	270	59,85,99
Q9NZC7	414	131,132,133,134,135,136,137,260
Q9H0W9	315	266,268,278
Q6P461	480	226,227,228,229,230,231,232,233,234,366,367,368,369,370,371,453,468
Q8N3Y3	721	201,203,521,523
Q9Y2Q3	226	16,17,18,53,183,200,201
Q14534	574	133,134,153,154,161,166,234,250,408,421
Q8NE28	680	34,35,36,37,38,39,40,41,42,57
P30291	646	305,306,307,308,309,310,311,312,313,328,342,431,463,465
O94880	888	322,325,339,342,347,350,374,377,385,388,405,408,441,444,458,463,468,471,495,498,728,731,743,746,751,754,773,776,871,874,886,889,894,897,915,918
O75319	377	153,154,155,156,157,158
Q13614	643	330,355,356,418,419,420,421,422,423,459,463
P01111	189	10,11,12,13,14,15,16,17,18,29,30,57,58,59,60,61,116,117,118,119
Q99259	594	190,191,192,567
P78540	354	120,143,145,146,147,148,149,156,157,158,202,251,253,265,296
P16050	662	360,365,540,544,662
Q9Y3D8	172	13,15,16,17,18,109,148
P53597	346	64,65,66,67,90,143,144,145,207
Q96PD5	576	410,522,530
P17081	205	16,17,18,19,20,21,22,23,63,64,65,66,67,121,122,123,124
P30043	206	10,12,13,14,15,35,38,39,54,55,75,76,78,87,109,132,153,154
Q96EY8	250	60,61,62,63,68,69,78,190,191,192,193,194,214
P08183	1280	427,428,429,430,431,432,433,434,1070,1071,1072,1073,1074,1075,1076,1077
P11169	496	159,280,281,286,315,378,386
O14773	563	517,518,539,541,543
Q9NY47	1150	297,299,301
Q95460	341	31,46,65,116,174,175
P35913	854	561,597,598,718
Q96A37	237	98,101,113,117
C9JRZ8	316	20,21,22,44,111,160,161,184,210,211,212,213,214,215,216,217,261,262,263,264,265,266,267,268,269,270,271,272,273
A6NDG6	321	34,36,260
P18505	474	122,181,182,227
Q9NP90	201	14,15,16,17,18,19,20,21,22,33,34,38,39,65,124,125,126,127,155,156
O14966	203	14,15,16,17,18,19,20,21,33,34,35,36,37,38,39,63,64,65,66,67,125,126,127,128,156,157
Q8WWR8	484	23,43,177,179,222,242,389
Q86SF2	657	247,277,301,303,412,440,443
Q86UY8	548	102,104,251,252,253,254,255,256,257,258,259,389
Q8WYH8	240	189,191,202,207,213,216,229,232
P80297	61	5,7,13,15,19,21,24,26,29,33,34,36,37,41,44,48,50,57,59,60
Q9NX62	359	133,174,176,177,242,245,268,272,300
Q7L523	313	16,17,18,19,20,21,22,36,42,65,127,130,148,164
Q07075	957	223,357,358,359,360,361,393,397,416,887
Q96C86	337	175,185,205,207,268,269,270,271,272,273,274,275,276,277,278,279
Q8WXQ8	436	196,197,198,199,254,271,272,323,324,325,375
O14656	332	102,103,104,105,106,107,108,109
P33763	92	28,33,60,62,64,66,71
Q96IY4	423	181,182,183,184,239,256,257,310,311,312,363
Q14318	412	149,151
Q00975	2339	451,452,453,454,455,456,457,458,544,584,587,1737,1743,1748
O43257	154	117,120,128,131,136,140,144,149
Q38SD2	2015	647,648,650,651,652,653,669,670,758,760,806,807,1248,1249,1250,1251,1252,1253,1254,1255,1256,1270
Q9UBV8	284	127,129,131,133,138,194,196,198,200,205
P05062	364	43,272,273,274,304
Q96A54	375	191,337,341
A7MCY6	615	586,589,605,609
Q8N752	337	23,24,25,26,27,28,29,30,31,46
Q6UWY0	536	40,80,128,251,313,314
Q9BYM8	510	282,285,300,302,305,308,323,332,371,376,391,394,399,402,406,411,447,450,465,468
Q5VU57	503	230,233,328
O14638	875	167,204,205,226,275,289,325,329,372,373,483,752,754,756,758,760
Q96BH1	459	135,138,153,155,158,161,198,201
P36871	562	23,117,288,290,292,293,357,376,378,389
Q6PI48	645	266,267,268,535,542,584,585,586,587
P04075	364	43,272,273,274,301,304
Q15465	462	89,90,95,125,126,129,131,140,147,182
O43781	588	215,216,217,218,219,220,221,222,223,238,288,289,290,291
P29973	690	541,544,557,558
P25325	297	188
Q9Y4U1	282	104,115,116,117,118,129,130,131,149,160
Q9HAN9	279	15,16,17,23,24,55,57,58,92,95,156,157,158,168,169,215,219,224,225,226,227
Q14376	348	12,13,14,33,34,35,36,37,66,67,88,92,132,133,134,161,185,186,187,206,207,208,224,225,226,239,300,301,302,303
Q86VK4	478	221,226,239,243,251,256,269,273,281,286,299,303,311,316,329,333,341,344,357,361
P00533	1210	718,719,720,721,722,723,724,725,726,745,790,791,855
Q96IU2	234	69,72,92,97
Q9UBP6	276	84,107,108,109,140,141,160,238,240
O43598	174	27,29,30,31,98,100,104,128
Q9Y463	629	117,118,119,120,121,122,123,124,125,140,190,191,192,193
Q68D91	279	83,85,87,88,170,189,231
Q9H7F0	1226	498,499,500,628,684,750,883,884,885,886,887
Q7RTV0	110	11,23,26,30,33,46,49,58,61,72,75,85
Q9ULJ6	1067	758,760,781,784
O60266	1144	324,325,326,327,328,329,366,367,368,412,975,1062,1063,1064,1069,1070,1071,1072,1073,1109
O95450	1211	408,412,418
Q7LFX5	561	263,264,265,266,267,392,400
P22894	467	91,157,167,169,174,175,177,179,182,189,191,193,195,197,200,217,221,227,286,378,425
Q9UHR6	403	7,10,22,25,30,34,38,41
Q8IWA4	741	85,86,87,88,89,90,237,238,239,240,284,286
Q13546	671	23,24,25,26,27,28,29,30,31,45
O60825	505	45,46,47,48,49,50,51,52,53,78,102,130,136,167,168,169,170,171,172,193,197,256,263,269,337,348,349,350,351,355,366,392,393,394,395,396,428
Q96C23	342	81,82,107,176,177,178,243,279,307
O95140	757	106,107,108,109,110,111,258,259,260,261,305,307
Q99661	725	264,348,349,350,351,352,353,354,355
P51828	1080	284,285,286,287,288,289,326,327,328,372,931,1010,1011,1012,1017,1018,1019,1020,1021,1057
Q9NP56	450	177,213,214,323
O43819	266	133,137,224
P21953	392	152,178,180,181,228,231,233
Q4FZB7	885	98,203,204,205,206,210,257,272,273,275,319,320,321,324
Q86V86	326	46,47,48,49,50,51,52,53,54,69
P24844	172	42,44,46,53
O95568	372	168,169,170,171,172,195,216,217,218,268,269,270,293
Q9Y231	359	75,137,168,192,194,195,202,226,241,246,252,255,256
P32455	592	45,46,47,48,49,50,51,52,67,68,69,97,98,99,100,101
Q9BRF8	314	53,90,127,247
Q9NTX7	359	108,111,115,145,154,164,176
Q6PJ69	517	95,98,117,125
Q8WUI4	952	533,535,541,618
O95202	739	676,678,680,682,687
P60842	406	76,77,78,79,80,81,82,83
Q6ZSI9	719	633,635,637,639,644
Q99759	626	368,369,370,371,372,373,374,375,376,391
Q9NY57	414	29,30,31,32,33,34,35,36,37,52
P50440	423	170,305,322,354,355
Q8IVH4	418	150,151,152,153,154,155,156,157,158,292,328,329,330
O75173	837	194,361,365,371
Q9HBL8	299	11,12,13,14,15,16,37,38,39,40,41,58,59,62,79,80,81,92,133,155,156,157,158
O14830	753	179,181,208,240,292,488,665,667,669,676,705,707,709,711,716
Q8IW45	347	153,206,207,208,209,210,211,212,246,247,248,249,250,265,266,267,268,269,270,271,272,273,274,275
Q06481	763	163,167,184
P14384	443	83,86,190
O75110	1047	391,392,393,502,544,549,568,597,677,678,679,759,765,785,788,789
P51688	502	31,32,70,273,274
Q9NPF4	335	109,113,130,131,132,133,134,162,177,181,266,294
Q8TAT5	605	192,271,507,510,533,541,554,556,579,587
O95822	493	299,300,301,302,303,304,305,329,423
Q9Y6H3	246	125,129
Q9NRK6	738	527,528,529,530,531,532,533,534
A6NHL2	446	11,78,147,151,152,186,213,235
Q9H1E1	156	43,66,69,70,151,154
Q9H0V9	348	93,128,159,161,162,163,188,191,258,259,260
P51398	398	100,128,129,130,131,132,133,134,135
A6NI03	449	92,95,114,120
P30520	456	39,40,41,42,43,44,45,65,66,67,68,69,162,176,255,270,330,331,332,333,334,335,336,362,363,364,444,445,446,447
P21589	574	36,38,85,117,220,243,354,390,395,417,500,506
Q02318	531	476
Q96BT7	664	227,228,229,238,240,242,292,328,334,341,343,349
Q9UI42	421	69,71,119,123,124,125,127,163,181,184,196,197,248,270,308
Q12923	2485	2378,2408,2409,2410,2411,2412,2413,2414,2452
Q99807	217	60,90,93,142,178,181
Q96HP4	312	178,179,180,181,182,183
A1L0T0	632	98,521,547
Q96H55	970	132,133,134,135,136,137,138,139
A6NGE7	173	68,84,85,86,87,88,119,120,121,122,123
O94766	335	82,83,84,113,156,161,194,195,196,308,309,310
Q13163	448	172,173,174,175,176,177,178,179,180,195
Q9H6E5	874	205,216,218,392,414,432,549
P52789	917	30,84,85,86,87,88,89,155,156,172,173,208,209,232,235,260,291,292,293,294,413,414,415,425,426,449,532,533,534,535,536,537,603,604,620,621,656,657,680,682,683,708,739,740,741,742,747,748,784,785,786,787,788,861,862,863,864,865,866,867,897
Q9H7Z6	458	210,213,226,230,317,319,325,326,327,329,330,354,363,408,432
Q9UPQ4	493	101,104,123,129
Q15782	390	75,76,102,103,104,105,146,210,211,212,213,360
Q03468	1493	532,533,534,535,536,537,538,539
Q8NEV4	1616	27,28,29,30,31,32,33,34,35,50
Q9Y3C6	166	54,55,56,57,58,59,60,61,62,63,64,65,70,71,99,100,101,102,103,104,109,110,111,112,113,119,125
O75367	372	203,204,226,275,312,313,314,316
Q9ULV0	1848	163,164,165,166,167,168,169,170
P40394	386	59,60,61,62,63,64,80,110,113,116,124,186,211,212,213,214,215,216,235,240,281,282,283,304,305,306,329,330,331,381
Q2TB90	917	30,84,85,86,87,88,89,90,91,155,172,173,208,209,232,235,260,291,292,293,294,413,414,415,425,426,449,532,533,534,535,536,537,602,603,619,620,655,656,679,681,682,707,741,746,747,783,784,785,786,787,860,861,862,863,864,865,866,896
O15264	365	31,32,33,34,35,36,37,38,39,54
Q9Y6B6	198	34,35,36,37,38,39,40,58,75,134,135,137,180,181
Q9BXD5	320	51,52,175,199,201,202,218
Q5T0T0	291	80,83,97,99,107,110,123,126
Q96KB5	322	38,39,40,41,42,43,44,45,46,64
O60688	119	23,26,79,82
Q9UHD8	586	305,306,307,308,309,310,311,312,339,365,445,446,447,448,449,450,451,452,453,501,516
Q9UKX3	1938	179,180,181,182,183,184,185,186
Q9Y5T5	823	24,26,48,51,74,77,82,90,94,103,116,119
P14920	347	8,9,10,11,37,38,43,44,45,49,50,51,53,163,164,182,224,228,283,312,313,315,316,317
O14556	408	85,86,106,151,173,193,223,224,225,254,283,284,306,388
Q9UJA3	840	454,455,456,457,458,459,460,461
Q9H7X7	185	10,11,12,13,14,15,16,17,63,64,65,66,67,123,124,125,126
Q96RF0	628	312,314,352
P0C870	316	178,180,277
Q00526	305	10,11,12,13,14,15,16,17,18,33
P47224	123	23,26,94,97
P02818	100	68,72,75,81
O00212	210	24,25,26,27,28,29,30,31,71,72,73,74,75,129,130,131,132
P35523	988	189,484,578
P35249	363	78,79,80,81,82,83,84,85
P49327	2511	647,648,671,773,1671,1672,1673,1674,1675,1676,1677,1678,1679,1680,1681,1682,1683,1684,1685,1686,1687,1688,1886,1887,1888,1889,1890,1891,1892,1893,1894,1895,1896,1897,1898,1899,1900,1901
Q9HBH7	125	122
Q6ZTA4	783	303,306,326,332
O60931	367	166,205,273,280,281,301,305,346
P02042	147	64,93
Q5EBM0	449	259,260,261,262,263,264,265,266
Q49A17	601	180,209,232,233,234,337,365,368,373
P53779	464	70,71,72,73,74,75,76,77,78,93
Q9NRE1	261	82,208,212,218
Q9UQL6	1122	696,698,704,781
P33981	857	531,532,533,534,535,536,537,538,539,553
Q8N335	351	12,13,14,15,16,17,122,155,271,272,298,300
Q9UJM8	370	26,79,80,81,108,130,132,158,167,236,258,260,263,291,292,293,294,295,314,315
Q9Y577	477	99,102,121,127
P26439	372	158
P13747	358	28,84,87,98,105,164,167,177,180,192
Q01780	885	313,315,371,440
Q9BVP2	549	178,179,180,181,261,262,263,264,265,266,267,268,305,306,307,308
Q8IWU6	871	51,52,87,316,317
O95803	873	605,606,607,608,609,703,824,825,826,827,828
P69892	147	64,93
A6NK58	231	85,86,87,88,89,90,91,92,154,155,156,167,168,169
Q8IVL6	736	584,586,656
O75131	537	22,28,81,83,93,154,160,216,218,224
Q8NHV1	300	17,18,19,20,21,22,23,37,133,134,135,169
Q9BQ39	737	181,182,183,184,185,186,187,188
Q03154	408	80,113,148,175,373
O75908	522	119,389,392,395,399,407,430
Q9H773	170	38,47,48,49,50,51,63,66,73,95,98,102
O60476	641	619
Q4KWH8	1693	155,157,159,166,315,344,346,393,442,444,627,654,758,760,784,813,814,815
Q86Y97	462	32,114,115,116,117,121,160,169,182,183,185,229,230,231,234
Q8IUX4	373	65,96,99,249,280,283
P23416	452	226,228,236,237,238,239,240,241,249
P43005	524	98,101,102,331,333,362,364,366,368,370,405,406,408,411,447,448,451,455
P52895	323	20,21,22,23,24,50,117,166,167,190,216,217,218,219,220,221,222,227,270,271,272,273,274,275,276,277,278,279,280
Q6BCY4	276	107,108,109,110,111,112,113,114,115,116,117,118,119,120,121,122,123,124,125,126,127,128,129,130,131,132,133,134,135,136,137,146,147,148,149,150,151,152,153,154,155,156,157,158,159,160,161,162,163,164,165,166,167,168,169,170,171,172,173,174,175,176,177,178,179,180,181
Q13976	671	167,168,169,170,177,178,282,291,292,293,294,301,302,336,366,367,368,369,370,371,372,373,374,390
Q99502	592	328,330,556
Q9ULX7	337	109,111,135,217,218
Q14566	821	359,399,400,401,402,403,504,619,622
Q9Y5X3	404	40,41,42,43,44,45,46,99,100,101,102,103,104,105,113,114,115,116
Q8N4P3	179	35,61,62,122
P22676	271	29,31,33,35,40,76,78,80,82,87,120,122,124,126,131,164,166,168,170,175,208,210,212,214,219
Q9P0Z9	390	9,10,11,12,13,14,15,16,17,18,19,20,21,22,23,24,25,26,27,28,29,30,31,32,33,34,35,36,37,38,39
Q9HBD1	1191	14,17,33,35,38,50,53
Q9H2U1	1008	233,234,235,236,237,238,335,337,557,602,603,604,605
Q8N142	457	42,43,44,45,46,47,48,68,69,70,71,72,163,177,256,271,331,332,333,334,335,336,337,363,364,365,445,446,447,448
Q96M69	825	421,422,423,424,425,426,427,428
P21399	889	86,205,206,207,437,503,506,536,541,699,779,780
P49761	638	162,163,164,165,166,167,168,169,170,186
Q6P4F2	186	105,111,114,151
Q16222	522	108,110,111,196,222,223,251,252,290,303,304,327,381,407,472
O94921	469	141,142,143,144,145,146,147,148,149,164
P20132	328	128
Q86WV6	379	162,167,238,239,240,241,263
P01889	362	87,108,167,170,176,183,195
Q9H628	205	11,12,13,14,15,16,17,18,58,59,60,61,62,63,64,123,124,125,126
Q86YJ5	346	110,113,126,128,136,139,152,155
Q5JU69	321	93,94,95,96,97,98,99,100
P56373	397	63,64,65,172,275,279,280,281,299
Q99640	499	116,117,118,119,120,121,122,123,124,139,238,251,253
O14981	1849	1291,1292,1293,1294,1295,1296,1297,1298
P34925	607	336,337,338,339,340,341,342,343,344,364
P35475	653	54,56,58,91,181,182,264,299,305,306,349,363,488,492
O14929	419	241,242,243,248,249,250,251,252,253,254
Q14914	329	152,153,154,155,178,193,217,239,240,241,242,243,244,245,270,271,272,321
P04054	148	50,52,54,71
P22557	587	163,258,259,280,299,332,360,388,420,421,508
P13984	249	227,229
Q13885	445	11,69,138,142,143,144,204,226
P12955	493	255,276,287,370,377,398,412,452
P09038	288	169
P0C7M7	580	229,230,231,232,233,234,235,236,237,368,369,370,371,372,373,455,470,566
Q8TDG4	1101	359,360,361,362,363,364,365,366
P07902	379	75,81,97,98,173,184,188,202,301,319,321,334,335,336,337,339,340
Q9H0N0	254	20,21,22,23,24,25,26,27,68,69,70,71,72,126,127,128,129
Q7RTR2	1065	145,146,147,148,149,150,151,152
P45844	678	118,119,120,121,122,123,124,125
P16444	411	36,38,141,168,214,235,246,304
P19086	355	40,41,42,43,44,45,46,47,176,177,178,179,180,181,182,201,202,203,204,205,270,271,272,273,327
Q5TAH2	1124	867,868,869,870,871,872,873,874,875,876,877,878,879,880,881,882,883,884,885,886,887,888,889,890,891,892,893,894,895,896,897,898,899,900,901,902,903,904,905,906,907,908,909,910,911,912,913,914,915,916,917,918,919,920,921,922,923,924,925,926,927,928,929,930,931,932,933,934,935,936,937,938,939,940,941,942,943,944,945,946,947,948,949,950,951,952,953,954,955,956,957,958,959,960,961,962,963,964,965,966,967,968,969,970,971,972,973,974,975,976,977,978,979,980,981,982,983,984,985,986,987,988,989,990,991,992,993,994,995,996,997,998,999
P63000	192	13,14,15,16,17,18,30,31,32,33,34,35,60,116,117,118,159,160
O43766	372	106,111,117,137,141,144,352
P36896	505	213,214,215,216,217,218,219,220,221,234
P11217	842	43,76,310,311,312,313,314,315,316,317,318,319
Q92832	810	434,435,437,453,454,457
O15164	1050	163,166,187,200,223,226,246,251
Q9NZV8	630	105,111,132,133,370,371,372,373
Q86VE3	695	552,553,618,619,620,626,627,628,629,630,631,650,651,652,676
P14780	707	99,131,165,175,177,182,183,185,187,190,197,199,201,203,205,206,208,401,405,411
Q9NR63	512	441
Q16526	586	252,289,355,387,388,389
A6NFH5	140	107,127,128,129
P31327	1500	1391,1394,1410,1437,1440,1449
P55008	147	58,60,62,64,100,105
Q13263	835	153,156,177,181,209,212,232,237
Q96DU7	683	431,471,472,473,484,486,507,508,509,510,511,512,513,534,535,536,537,538,539,540,541,558,638,641
Q6IMN6	1127	1078,1084
Q96KP4	475	99,132,166,167,195,228,330,343,417,445
Q9C000	1473	334,335,336,337,338,339,340,341
Q9BW66	212	202
Q8NFP7	164	9,17,18,19,38,39,40,49,65,69,89,90,91,115,133
P04733	61	5,7,13,15,19,21,24,26,29,33,34,36,37,41,44,48,50,57,59,60
Q13509	450	11,69,138,142,143,144,204,226
A0A0U1RR11	272	137,139,157,159,162,201,204
Q9NYN1	266	27,28,29,30,31,32,33,34,74,75,76,77,78,134,135,136,137
Q8N442	669	75,76,77,78,79,80,81,82,140,141,142,143,144,194,195,196,197
P0CI26	452	93,96,115,121
O75452	317	33,34,35,36,37,38,39,40,41,42,43,44,45,46,47,48,49,50,51,52,53,54,55,56,57,164
Q00722	1185	328,357,359,408
O43439	604	507,510,518,521,527,531,539,543
Q9H853	241	10,79,83,84,118,145,167
Q5VVQ6	348	266
Q6ZVK8	323	58
O75390	466	356,428,448
Q92186	375	162,185,294,295,296,316,329,330
O43353	540	24,25,26,27,28,29,30,31,32,47
P09619	1106	606,607,608,609,610,611,612,613,614,634
Q10588	318	109,172,210
O00506	426	26,27,28,29,30,31,32,33,34,49
A0A0U1RRI6	287	137,139,157,159,162,201,204
Q9H4A3	2382	231,283,299,301,302,303,304,351,369,371
Q9Y6G9	523	74,75,76,77,78,79,80,81
Q06418	890	524,525,526,527,528,529,530,531,532,550
P21709	976	630,631,632,633,634,635,636,637,638,656
P42765	397	224,227,251
Q9NVV4	582	107,108,109,241,242,243,245
O75628	298	87,88,89,90,91,92,93,94,195,196,197,198
P28223	471	155,343
Q9NV35	164	63,67
P57058	714	68,69,70,71,72,73,74,75,76,91
Q86TU7	594	75,104,105,106,254,275,276,277,278,279,325,326,327
Q9UGB7	285	29,85,86,87,98,123,124,127,141,142,194,220,221,253
P13804	333	223,248,263,264,265,266,281,282,283,284,285,286,300,318,319
Q4V339	395	49,50,51,52,53,54,55,56,107,109,110,111,112,113,114,203,204,205,206
P59190	212	15,16,17,18,19,20,21,22,63,64,65,66,67,121,122,123,124
P30838	453	188,189,190,191,192,193
Q14894	314	143,144,145,146,147,148,168,169
Q8IYH5	903	823,826,838,841,850,853,863,867
Q14515	664	635,637,639,641,646
Q9HAW0	419	7,10,28,31
Q9UP79	889	363,367,373
Q9Y2S2	319	16,17,36,97,102
Q3MJ16	868	84,90,140,142,148
P50993	1020	714,718
P00492	218	69,134,135,136,137,138,139,140,141,142,166,186,187,188,194
Q99571	388	67,69,186,188,293,295,313
P30511	346	91,105,164,168,176
Q9BXA7	367	18,19,20,21,22,23,24,25,26,41
O95786	925	264,265,266,267,268,269,270,271,810,813,864,869
O75976	1380	139,142,257,564,567,671
P02790	462	79,150,236,293
P26447	101	28,33,63,65,67,69,74
Q02153	619	105
P61586	193	12,13,14,15,16,17,18,19,30,31,32,33,34,35,36,37,59,60,61,62,63,117,118,119,120,160,161,162
Q9NRN9	209	28,31,59,62,64,81,108,109
O94804	968	42,43,44,45,46,47,48,49,50,65
Q9BTP6	218	78,81,101,106
P49917	911	271,272,273,274,278,331,345,367,427,432,449,451
P23468	1912	1521,1553,1554,1555,1556,1557,1558,1559,1597
Q8TDZ2	1067	95,114,115,116,121,122,123,181,293,393,697,700,718,721,724,727,747,750
P33991	863	471,497,516,517,618,643,732,735
P05108	521	462
Q9UPR5	921	407,443,468,469,471,473,476,518,519,520,536,598,599,600,665
P35749	1972	178,179,180,181,182,183,184,185
Q8IU60	420	144,148
P52888	689	473,477,480
P10635	497	301,443
Q92979	244	176,201,206,219,220,221,222,223,224
Q86WA8	852	375,376,377,378,379,380,381,382
Q13131	559	33,34,35,36,37,38,39,40,41,56
A0A3B3IT33	452	93,96,115,121
Q9BRC7	762	147,149,151,153,158,183,185,187,189,194,306,335,337,384,433,435,522,549,650,652,676,705,706,707
Q7Z6G3	386	73,75,77,79,84,107,109,111,113,118
Q9BQ24	234	50,53,66,69,74,77,96,99
P17066	643	14,15,16,17,73,204,205,206,270,271,272,273,274,275,276,277,341,342,343,344
Q13489	604	292,295,312,319
P14373	513	96,99,118,124
Q14831	915	159,180,181,182,230,314,407
Q9NXL9	1143	352,353,354,355,356,357,358,359
O60942	597	299,315,343,344,345,458,459,460,528,529,530,531,532,533
Q00536	496	171,172,173,174,175,176,177,178,179,194
P15170	499	84,85,86,87,88,89,220,221,222,223,262,263,264
Q6MZP7	749	525,527,532,537,539,546,549,551,554,599,601,606,611,613,620,624,626,629
Q9Y2I7	2098	164,167,180,183,188,191,210,213
P62760	191	73,75,77,79,84,109,111,113,115,120,159,161,163,165,170
Q7RTY7	1134	116
Q92841	729	215,216,217,218,219,220,221,222
Q01167	660	310,311,313,316
Q9UHW9	1150	147,148,151,443,444,446,447,448,603
P20336	220	29,30,31,32,33,34,35,36,37,48,49,50,51,52,53,54,77,78,79,80,81,135,136,137,138,165,166,167
Q8IXK0	858	642,645,661,665
Q9Y646	472	290,302,337,364,434
Q9NVJ2	186	29,30,31,32,33,34,35,71,72,73,74,75,130,131,132,133
P04049	648	139,152,155,165,168,173,176,184,355,356,357,358,359,360,361,362,363,375
Q9BPX6	476	231,233,235,237,242,421,423,425,427,432
Q32MQ0	723	27,30,43,49
P54278	862	45,70,109,110,111
P61106	215	18,19,20,21,22,23,24,25,26,66,67,68,69,70,124,125,126,127,154,155,156
P05543	415	293,398
Q9BVM4	153	7,8,9,10
Q12882	1025	79,82,87,91,129,130,136,140,156,194,195,196,197,198,218,219,220,221,222,223,224,225,226,235,261,340,341,342,343,364,365,371,437,438,439,480,481,482,483,484,485,486,487,488,489,550,574,575,609,668,669,670,709,736,737,767,793,794,795,816,817,953,956,959,963,986,989,992,996
O96013	591	327,328,329,330,331,332,333,334,335,350,396,397,398,458,459,460
P84022	425	64,109,121,126
Q04912	1400	1088,1089,1090,1091,1092,1093,1094,1095,1096,1114,1161,1162,1163,1164,1212
P16144	1822	139,141,144,145,176,228,230,232,233,350
P20916	626	65,66,67,118,124,125,126,127,128
Q96RQ3	725	163,205,211,212,255,282,322
Q5FYB1	569	55,56,93,147,239,297,298,315
P31644	462	101,164
P36507	400	78,79,80,81,82,83,84,85,86,101
P57103	927	409,445,470,471,473,475,478,525,526,527,543,579,606,607,672
Q00403	316	15,18,34,37,53,61,152,154,189,196,248,272,281,284,286,290
Q9H2B2	425	246,249,252
Q8N0U8	176	87,142,146
P20393	614	418,602
P49841	420	62,63,64,65,66,67,68,69,70,85
P50750	372	25,26,27,28,29,30,31,32,33,48,104,105,106,167
P51553	393	120,133,136,167,254,312,313,324
Q6QHF9	511	24,45,53,69,70,72,194,247,320,472,481,482
P47989	1333	43,48,51,73,113,116,148,150,257,258,259,260,261,262,263,264,337,347,348,349,350,351,360,404,422,768,799,803,881,913,915,1011,1080
Q92887	1545	671,672,673,674,675,676,677,678,1334,1335,1336,1337,1338,1339,1340,1341
Q8TEY7	942	39,41,61,64,74,79,84,91,95,101,114,117
P20648	1035	340,341,343,345,387,389,728,732,797,822
P14735	1019	108,112,189,336,337,338,339,340,341,342,359,360,361,362,363,429,895,896,897,898,899,900,901
Q9UKE5	1360	31,32,33,34,35,36,37,38,39,54
Q9H1P3	480	90,178,179,427,428,429,430,431
P51530	1060	136,393,396,402,648,649,650,651,652,653,654,655
P01008	464	81,161,177
O95461	756	242,244,563,565
P28161	218	7,8,43,44,45,46,50,59,60,72,73,116
P26572	445	115,142,188,210,211,320
Q9Y680	222	158,160,162,164,169,202,204,206,213
Q96EK9	354	8,9,10,11,12,13,14,15
Q15437	767	61,66,85,88
P07332	822	567,568,569,570,571,572,573,574,575,590
O15303	877	154,175,176,177,225,307,400
Q06520	285	44,45,46,47,48,49,121,129,184,218,223,247,248,249
Q92506	261	15,16,17,18,19,20,21,22,23,42,43,74,75,76,156,169,170,171,172,173,202,203,204
Q8WXR4	1341	33,34,35,36,37,38,39,40,41,56
Q9NSD9	589	357,363,366,367
P22830	423	196,403,406,411
Q9NRW1	208	20,21,22,23,24,25,26,27,45,68,69,70,71,72,126,127,128,129
Q96NU7	426	159,192,260,263,334,336
Q9NR20	520	110,111,112,113,114,115,116,117,118,133,183,184,185,186
Q2M3G0	1257	421,422,423,424,425,426,427,428,1050,1051,1052,1053,1054,1055,1056,1057
U3KPV4	340	199,201
O14657	336	109,110,111,112,113,114,115,116
Q9NXS2	382	186,226,351
P55789	205	99,100,101,102,103,104,105,106,107,111,140,171,172,173,174,175,176,177,178,179,180,181,182,183,194,195
Q9BQB6	163	80,135,139
P48735	452	115,116,117,122,134,135,136,137,138,139,140,149,172,291,299,314,349,350,351,352,353,354,367
Q96KR4	655	264,268,370
Q93099	445	335,341,371
Q12879	1464	44,128,266,282,511,512,513,518,689,690,730,731
Q15303	1308	724,725,726,727,728,729,730,731,732,751,797,798,799,843,844,845,846,847,848
P11086	282	35,40,79,80,85,101,106,158,159,181,219,267
P53602	400	23,24,25,26,78,156,157,158,159,160,161,212
Q9BXT4	1180	170,173,181,184,190,194,202,206
Q96TA2	773	341,383,384,385,386,387,599,603,677
P09884	1462	1283,1286,1310,1315,1348,1353,1371,1374
Q9NUW8	608	265,495
P54793	590	38,39,78,137,293,345,346,370
Q92871	262	19,21,28,132,143,150,186,188,190,218,230,232,235
Q8NBJ7	301	194,195,208,210,229,232,234,236
Q14410	553	20,24,94,148,259,281,326,427,428,429,430,431
P54868	508	80,204,258,380
P48052	419	179,180,181,182,237,254,255,306,307,308,358
P50213	366	115,125,146,233,257,261
A8K855	629	416,418,420,427
P43304	727	71,72,73,74,75,76,77,78,79,80,81,82,83,84,85,86,87,88,89,90,91,92,93,94,95,96,97,98,99,672,674,676,678,683
Q13285	461	341,436,440
Q70EL2	814	38,40,62,65,85,88,93,101,105,114,127,130
Q7Z406	1995	198,199,200,201,202,203,204,205
P49593	454	198,199,360,404
Q5QJU3	275	18,19,21,23,32,82,211,215
Q14957	1233	509,510,511,516,687,688,729
P50579	478	231,251,262,331,339,364,459
Q13795	201	24,25,26,27,28,29,30,31,75,76,77,78,79,134,135,136,137
Q96AZ1	226	57,83,84,85,104,133,150
Q13057	564	365,366,367,368,369,370,371,372
Q96A58	199	13,14,15,16,17,18,19,20,60,61,62,63,64,118,119,120,121
Q9BUP3	242	19,20,21,22,23,24,25,26,27,28,29,30,31,32,33,34,35,36,37,38,39,40,41,42,43,44,45,46,47,48,49,50,51,52,131
Q400G9	498	261,265,272,277,296,299
P31949	105	33,38,68,70,72,74,79
P30419	496	118,119,120,247,248,249,250,256,258,259,260
Q8N4N8	673	303,304,305,306,307,308,309,310
P47972	431	277,355,356,357,367
Q9BRZ2	755	169,172,192,197
Q9H9V9	463	189,191,269
O15182	167	147,149,151,153,158
Q9H2A2	487	209,210,211,212,213,214,215
O75081	653	556,559,567,570,576,580,588,592
Q9Y6X2	628	343,345,366,369
Q16822	640	104,255,262,282,305,306,307,308,309,310,329,355,421,423,454,534,543,548,551
Q8TAD4	765	451,455,595,599
Q96L12	384	109,111,128,135,303
P21108	318	96,97,98,99,100,101,128,130,139,143
O15350	636	194,197,258,262
Q96GY0	325	19,22,34,38,122,125,137,141
Q969T3	373	171,173,198,212
Q8N4T0	437	196,197,198,199,254,271,272,324,325,326,376
Q7L1S5	443	220,221,222,223,224,225,226,280,281,282,283,284,285,286,287,288
Q9Y253	713	13,14,61,115,116,635,638,650,654
Q70IA8	216	82,87,164,169
Q5T4F4	411	350,353,366,369,374,377,402,405
Q9H091	742	313,316,328,331,337,341,355,359
O00555	2506	318,667,1459
P06730	217	56,57,102,103,157,158,159,160,161,162,205,206,207
Q4G163	708	640,643,658,663,668,671,676,681
P02766	147	35,74,137
Q4L235	1098	198,199,200,201,202,203,204,205,206,428,442,527
O75928	621	362,364,385,388
Q9NYV4	1490	733,734,735,736,737,738,739,740,741,756,814,815,816,817,818,819,1040
P51689	593	49,50,89,148,304,356,357,381
P04626	1255	726,727,728,729,730,731,732,733,734,753
P19961	511	115,173,182,210,216,313,352
Q9NV66	732	85,86,87,88,89,176,177,178,179,180,181,182,183,184,185,186,187,188,189,190,191,192,193,194,195,196,197,198,199,200,201,202,203,204,205,206,207,208,416,420,423
Q9C0K7	418	64,65,66,67,68,69,70,71,72,89
Q96KN2	507	132,165,200,228,478
Q99758	1704	566,567,568,569,570,571,572,573,1416,1417,1418,1419,1420,1421,1422,1423
P20592	715	125,126,127,128,129,130,131,132,225,226,227,228,229,294,295,296,297
P07550	413	113,118,203,293,312,316
P17752	444	235,257,265,272,277,317,336,366
P05156	583	239,242,244,246,252,253,276,279,281,283,289,290
Q9Y230	463	77,78,79,80,81,82,83,84
P21281	511	400
P20813	491	436
Q5JWF2	1037	690,691,692,693,694,695,696,697,698,840,841,842,843,844,845,846,847,866,867,868,869,870,935,936,937,938,1009
Q06190	1150	985,987,989,996
P61513	92	39,42,57,60
Q6P3R8	708	10,11,12,13,14,15,16,17,18,33
P35269	517	503,512,517
Q16644	382	50,51,52,53,54,55,56,57,58,73
P80365	405	82,83,84,85,86,87,88,89,90,91,92,93,94,95,96,97,98,99,100,101,102,103,104,105,106,107,108,109,110,111,219
O75925	651	351,353,374,377
Q15293	331	92,94,96,103,128,130,132,134,139,179,181,183,185,190,216,218,220,227,257,259,261,263,268,293,295,297,299,304
Q6DT37	1551	77,78,79,80,81,82,83,84,85,100
O75676	772	39,40,41,42,43,44,45,46,47,65,417,418,419,420,421,422,423,424,425,440
Q8WVQ1	401	168,169,215,284,345,396
Q8IYK8	340	121,122,123,124,125,126,127,128,229,230,231,232,260,261
Q8TD08	544	19,20,21,22,23,24,25,26,27,42
Q8NBZ7	420	98,99,100,119,120,122,123,124,144,145,149,150,159,161,177,178,185,188,191,192,200,231,235,245,248,249,261,267,272
Q15878	2313	426,428,430,432,1752,1758,1763
Q9H7Z7	377	148,164,165
P02511	175	83,104,106,111,119
Q9UBJ2	740	511,512,513,514,515,516,517,518
P43080	201	64,66,68,70,75,100,102,104,106,111,144,146,148,150,155
P19387	275	88,90,94,97
O75366	819	109,110,111,112,113,114,115,116,135,136,137,138,139,140,141,142,143
P49674	416	15,16,17,18,19,20,21,22,23,38
Q96T88	793	463,464,469
Q9UK39	431	195,219,220,221,263,286,287,288,289,324,325,326,414
Q13608	980	470,471,472,473,474,475,476,477,744,745,746,747,748,749,750,751
Q9UKV8	859	597,669,807
Q68CJ6	796	107,108,109,110,111,112,113,114
Q14289	1009	431,432,433,434,435,436,437,438,439,457,503,504,505,506,507,508,509
P52788	366	148,177,201,220,255,256,351,353
Q9Y295	367	71,72,73,74,75,76,77,78,98,117,118,119,120,121,248,249,250,251
Q9Y5P6	360	110,218
Q9NRG1	225	141,142,143,144,145,146,147,148,149,173,194,195,201
P23458	1154	881,882,883,884,885,886,887,888,889,908
Q9NS18	164	68,74,109,121,153
P0DPH7	450	11,71,140,144,145,179,206,228
Q8IVH8	894	22,23,24,25,26,27,28,29,30,45,48
O14894	197	124,125,126,127,128,129
Q96QV1	700	383
Q9NPJ3	140	46,50,81,83,90,91,92,93,94,95,108,109,110,111,112,113,137
Q13472	1001	813,815,838,843,897,899,922,930
Q9UI43	246	83,84,85,86,112,129,130,154
P48167	497	247,248,249,250,251,252,253
Q9H3D4	680	244,247,308,312
P52298	156	20,43,112,113,114,115,116,123,124,125,126,127,133,134
Q9H6X2	564	52,54,118
Q6ZWL3	525	329,467
O43280	583	168,175,176,212,221,222,223,286,287,288,319,529
O94972	964	95,98,117,124
O43542	346	107,108,109,110,111,112,113,114
Q8N539	461	393,395
Q9UBQ7	328	83,84,162,163,164,185,186,187,188,217,243,245,269,293,294,295,296
P10720	104	95,96,97,98,99,100,101
Q9BU89	302	56,89,90,207,240,241
Q5XPI4	1314	1254,1257,1269,1271,1274,1277,1288,1291
O75800	440	394,397,405,408,414,418,426,430
Q9BYF1	805	169,273,345,346,374,378,402,477,481,515
Q9BXU9	261	91,93,95,102,127,129,131,133,138
O60704	377	78,79,80,81,82,183,191,195,238,285,286,287,288,289,290,291,292,293,294,300
Q9UIL4	384	65,66,67,68,69,70,71,72
Q16832	855	569,570,571,572,573,574,575,576,577,608
Q93084	999	304,305,307,309,351,353,442,489,515,560,625,626,627,678,684,703,706,768,771,796,799,800,908
Q14677	625	29,67
Q01973	937	479,480,481,482,483,484,485,486,487,506
Q9UIJ7	227	17,19,20,21,22,38,43,64,91,94,98,128,138,139,161,172,201
Q5H913	290	28,29,30,31,32,33,34,35,71,72,73,74,75,130,131,132,133
P48728	403	232,261,399
A1KZ92	1463	813,891,893,895,897,1057
P10253	952	404,600,616,674
Q8WWU7	325	98,99,101,104,109,110,145,272,274,275,294
Q9BQI3	630	173,174,175,176,177,178,179,180,181,196
P09211	210	8,14,39,45,52,53,65,66
Q13557	499	20,21,22,23,24,25,26,27,28,43
P07478	247	75,77,80,85
Q16851	508	113,114,115,116,127,190,222,223,251,252,253,330,396
Q9H1R3	596	291,292,293,294,295,296,297,298,299,314
Q9Y5K3	369	84,85,92,122,151,168,169,173,195,196,197,200
O94911	1621	516,517,518,519,520,521,522,523,1323,1324,1325,1326,1327,1328,1329,1330
Q9H172	646	102,103,104,105,106,107,108,109
P06401	933	766
Q8N3E9	789	195,197,199,201,206,231,233,235,237,242,353,382,384,431,480,482,557,584,683,685,709,738,739,740
Q9UMR7	237	143,145,149,195,196,197,201,207,208,209,218,219,231
Q9NSE4	1012	664,667
P15516	51	34
Q9BZ11	813	133,345,349,355
P17947	270	217,230,233,243
Q9GZZ9	404	83,104,127,150,184,226,229,303,308
Q8IWL3	235	41,44,58,61
Q7Z478	1369	595,596,597,598,599,600,601,602
P51857	326	22,23,24,25,26,53,58,89,120,132,169,170,193,219,220,221,222,223,224,230,273,274,275,276,277,278,279,280,281,282,283
Q9C098	648	362,363,364,365,366,367,368,369,370,385
Q9Y666	1083	131,132,135,429,432,433,434,589
P27797	417	26,62,64,109,111,128,135,317,328
Q02252	535	183,185,209,212,213,262,417
Q9NP81	518	299,300,301,330,331,332,345,352,418,419,420,421,453
Q9C030	488	97,100,119,125
P78417	241	59,72,85,86
O00160	1098	110,111,112,113,114,115,116,117
P11586	935	52,53,54,55,56,99,100,101,172,173,174,197,272,273,274,275,276,380,381,382,383,384,385,386,387
P24903	491	436
Q8NEG5	633	234,237,249,252,258,261,267,270
Q9ULG1	1556	543,544,545,546,547,548,549,550
Q02742	428	128,129,130,155,156,157,187,243,251,254,320,341,358,378,401
O95487	1268	605,608,626,629
Q9Y2K7	1162	209,212,214,229,284,571,574,577,582,585,588,604,609,620,623,642,645,650,653,672,675
Q8IZD2	1858	121,123,135,138,143,146,160,163
O60573	245	78,79,110,124,125,174,175,176,177,178,179,222,223,224
Q6VVX0	501	250,448
Q9UJT0	475	148,149,150,151,152,153,154
Q13873	1038	209,210,211,212,213,214,215,216,217,230,280,281,282,337,338,351
Q9NR30	783	230,231,232,233,234,235,236,237
P31937	336	40,41,42,43,44,45,46,47,48,49,50,51,52,53,54,55,56,57,58,59,60,61,62,63,64,65,66,67,68,103,104,108,134,284
Q6ZMR3	332	29,30,31,32,33,34,35,36,37,38,39,40,41,42,43,44,45,46,47,48,49,50,51,52,53,54,55,56,57,99,106,138,169,248
P53671	638	337,338,339,340,341,342,343,344,345,360
A6NLI5	450	92,95,114,120
O14647	1828	509,510,511,512,513,514,515,516
P68366	448	11,71,140,144,145,179,206,228
Q99986	396	43,44,45,46,47,48,49,50,51,71
P63098	170	31,33,35,37,42,63,65,67,69,74,100,102,104,106,111,141,143,145,147,152
Q8IV61	690	433,435,437,439,444,462,464,466,473
Q9H305	208	142,145,194,197
Q8TCT0	537	138,139,140,170,171,172,173,174,195,196,197,198,202,239,240,241,304,310,502,503,504
Q9UBM1	199	98,99,100,180,181
Q15758	541	382,384,386,471,475
Q9Y547	144	29,32,37
P07864	332	29,30,31,32,33,34,35,36,37,38,39,40,41,42,43,44,45,46,47,48,49,50,51,52,53,54,55,56,57,99,106,138,169,248
Q9Y285	508	329,372,373,374,412,414,438
Q6PCB5	846	568,571,573,665,673
Q9HAY6	547	172,237,308,514
Q68CK6	577	139,221,222,223,224,225,226,227,228,229,359,360,361,362,363,364,446,461,469,470,471,472,501,532,540,541,542,557
O43414	337	150,152,249,307,312
Q04759	706	386,387,388,389,390,391,392,393,394,409
P28074	263	108
Q5SY16	702	306,307,308,309,310,311,312,313
P30876	1174	409,456,731,792,841,890,942,1078,1085,1119,1122,1137,1140
Q9UGL1	1544	425,499,501,507,509,517,587
P50336	477	9,10,11,12,13,14,34,35,42,57,58,59,60,257,449,454,455,456
Q96LI5	555	240,276,360,365,410,412,479,484
Q5JTY5	395	49,50,51,52,53,54,55,56,107,109,110,111,112,113,114,203,204,205,206
Q6PIF6	2116	158,159,160,161,162,163,164,165
O00222	908	156,177,178,179,227,309,401
Q8TF62	1192	392,393,394,496,537,560,594,674,675,676,789,795,815,818,819
Q9UIV1	285	40,42,161,230,278
Q58A45	887	521,570,571,572,573,574,575,576,577,644,645
P30084	290	98,99,100,101,141
P08686	494	92,121,234,366,427,429
Q14028	1251	1029,1030,1032,1042,1043
Q9NQ11	1180	878,882
Q99726	388	108,112,238,242
Q16654	411	254,255,256,257,258,259,260,261,293,312,313,329,330,331,332,333,334
Q9NY28	637	221,255,278,280,409,412,417
P23193	301	263,266,291,294
P22680	504	444
P11168	524	193,314,315,320,349,412,420
P15907	406	189,212,233,322,323,324,353,354,365,369,370,376
P57078	832	28,29,30,31,32,33,34,35,36,51
Q99748	197	149,158,160,162
O95069	426	157,158,159,160,266,267,268,269
Q8IX07	1006	243,246,259,264,579,582,595,600,685,688,701,706,819,822,835,840,976,979,992,997
Q13946	482	216,252,253,362
P17252	672	186,187,193,195,245,246,247,248,252,254,345,346,347,348,349,350,351,352,353,368
Q9Y2W1	955	552,553,554,555,556,557,558,559
Q7L1T6	521	89,112,365,366,367,368,369,370,371,372,373,374,375,376,377,378,379,380,392,393,394,395,396,397,398,399,400,401,402,403,404,405,406,407,408,409,410,411,412,413,414,415,416,417,418,419,420,421,422,423,424
P31751	481	158,159,160,161,162,163,164,165,166,181,280,293
Q13615	1198	326,351,352,414,415,416,417,418,419,455,459,1125,1128,1141,1144,1149,1152,1171,1174
Q68DK2	2539	1818,1821,1835,1838,1843,1846,1864,1867
P49959	708	20,22,60,128,217,245,247
P30531	599	59,61,62,66,295,327,392,395,396
P60763	192	10,11,12,13,14,15,16,17,57,58,59,60,61,115,116,117,118
Q9Y243	479	154,155,156,157,158,159,160,161,162,177
Q9H1D0	765	582
P09488	218	7,8,43,44,45,46,50,59,60,72,73,116
P19971	482	116,202,217,221
Q8WXF7	558	74,75,76,77,78,79,80,81,118,119,120,217,218,276,277,278,279
P02776	101	92,93,94,95,96,97,98
Q16659	721	26,27,28,29,30,31,32,33,34,49
P22079	712	225,227,301,303,305,307,375,468
A4D2B0	266	114,116,118,119,169,192,231
Q96N76	676	126,127,204,251,252,253,271,317,318,343,344,345,346,347,354,355,403,594
Q13813	2472	2336,2338,2340,2342,2347,2379,2381,2383,2385,2390
Q9NRZ9	838	248,249,250,251,252,253,254,255
Q9Y3R4	380	21,41,179,181,218,237,304
Q14679	1199	721,727,728,749,750,751,752,762,763,764,788,809,810,811,812,833,893,906,908,924
Q12791	1236	439,462,464,1012,1015,1018,1020
O43865	530	155,229,254,284,288,318,319,320,321,322,341,376,397,398,399
O75037	1637	87,88,89,90,91,92,93,94
P51854	596	46,49,94,95,96,126,127,156,158,218,232,292,319,340,366,390,398,402,448
P53611	331	190,191,192,238,240,241,242,243,244,290
Q86U10	573	84,85,86,116,117
Q6UWR7	440	32,71,92,193,197,240,241,354
Q9H3U7	446	360,362,364,366,371,397,399,401,403,408
Q8NFU7	2136	591,594,597,603,606,609,619,624,1422,1424,1482,1508,1510,1551,1561,1563,1579,1588,1648,1664,1670,1672,1674,1677,1706,2028,2043,2044,2045,2049,2050,2051,2059
Q9BYJ4	488	97,100,119,125
P33261	490	435
P28335	458	139,209
Q9BWV7	592	212,218,219,240,241,242,243,253,254,255,279,298,299,301,321,373,386,388,404
Q9H4Y5	243	59,72,85,86
Q9H306	513	91,121,155,165,173,174,178,181,188,192,194,196,199,216,220,226,286,377,426
Q13233	1512	1249,1250,1251,1252,1253,1254,1255,1256,1257,1272
Q7Z418	384	116,117,118,119
Q6UW15	175	107,121,145
P46976	350	9,10,11,12,13,14,15,77,102,103,104,133,134,135,160,161,162,163,164,212,213,214,215,216,217,218
O60513	344	129,130,131,132,133,168,169,170,195,196,224,256,258,259,260,261,289,290,291,301
Q8NDX5	983	785,788,804,808
Q13049	653	100,103,123,128
Q8N554	614	79,82,136,139
P23219	599	387
Q53FZ2	586	235,236,237,238,239,240,241,242,243,374,375,376,377,378,379,461,476,572
Q9Y4X5	557	186,189,203,205,208,211,231,236,276,281,297,299,304,307,312,317,344,347,362,367,372,375,382,389
Q96RS0	853	719,766
Q16831	310	60,94,138,139,140,141,142,143,217,218,219
Q9Y6S9	549	151,152,153,154,155,156,157,158,159,177
P20472	110	52,54,56,63,91,93,95,97,102
Q15477	1246	332,333,334,335,336,337,338,339
Q16762	297	187,250
P49221	684	390,392,442,447
Q6P5Z2	889	565,566,567,568,569,570,571,572,573,588
Q16518	533	180,241,313,527
P07108	87	14,29,30,31,32,33,55,74
O75582	802	55,56,57,58,59,60,61,62,63,81,432,433,434,435,436,437,438,439,440,455
P29322	1005	641,642,643,644,645,646,647,648,649,667
Q9HAE3	211	77,79,81,83,88,113,115,117,124,158,160,162,164,169
P51570	392	37,43,44,46,136,138,140,141,186,236
P37023	503	208,209,210,211,212,213,214,215,216,229
Q92794	2004	645,646,647,648,649,654,655,656,657,658,659,660,684
O43283	966	174,175,176,177,178,179,180,181,182,195
O43541	496	205,247,260,265
P16930	419	126,128,142,199,201,233,240,244,253,257,350
P16109	830	121,123,124,133,146,147
P31939	592	12,13,14,34,35,36,37,64,65,66,67,101,102,125,126,207,208,267,316,339,431,451,452,541,546,565,566,588
Q8N5Z0	425	20,74,142,202,399
O75223	188	19,20,21,22,23,24,139
Q02045	173	43,45,47,54
Q504Y2	493	144,145,146,147,148,149,150,151,152,166
Q9NR96	1032	47,48,49,50,51,72,73,74,75,76,77,95,96,97,98,99,100,101,102,103,104,105,106,107,108,109,132,179,180,181,208
P56192	900	596
Q9P1Z2	691	656,659,675,679
Q8ND71	665	17,18,19,20,21,22,23,24,25,38,135,136,137,170
Q9BQI0	150	60,62,64,66
P63096	354	43,44,45,46,47,48,151,175,176,177,178,179,180,181,200,201,202,203,204,269,270,271,272,326
Q9BYJ9	559	395,396,397,401,411,412,441,465,470
Q6P1N9	297	112,149,174,222
Q6B0I6	523	136,192,194,202,210,238,244,245,280,310,312
Q13554	666	20,21,22,23,24,25,26,27,28,43
P02144	154	65,94
Q9H461	694	71,72,73,74,75,76,77,78
P51003	745	100,101,102,109,113,114,115,167,228,237,246,247
P30613	574	116,118,119,120,121,156,157,163,250,313,315,338,339,371,475,476,477,478,479,480,525,532,559,560,561,562,563,564
Q9BX68	163	63,80,136,142,143,144,145,149,150,151
Q9NYA4	1195	320,345,346,408,409,410,411,412,413,449,453,1120,1123,1136,1139,1144,1147,1166,1169
Q9Y223	722	19,23,113,220,253,259,271,280,281,282,301,302,307,321,413,416,417,418,420,476,477,489,516,517,545,566,569,579,581,586,588
P45984	424	32,33,34,35,36,37,38,39,40,55
Q5FWF4	1079	59,60,61,62,63,64,65,66
Q7LG56	351	100,131,134,194,228,231
Q8IU85	385	29,30,31,32,33,34,35,36,37,52
Q9UDR5	926	488,512,516,533,554,576,577,578,603,604,605,703,724,725,726
Q9UN37	437	167,168,169,170,171,172,173,174
Q9BQS8	1478	1179,1182,1195,1198,1203,1206,1223,1226
P09382	135	45,46,47,48,49,53,62,69,70,71,72
A8MTJ3	354	40,41,42,43,44,45,46,47,175,176,177,178,179,180,181,200,201,202,203,204,269,270,271,272,326
Q8IX04	471	191,192,193,194,195,196,197,198,199,200,201,202,203,204,205,206,207,208,209,210,211,212,213,214,215,216,217,218,219
O43933	1283	599,600,601,602,603,604,605,606,881,882,883,884,885,886,887,888
Q9BQ69	325	159,160,161,172,173,174,179,180,181,182,183,184,267,268,269,270,271,272,273,306
O43169	150	59,83
Q58F21	947	109
Q96MV8	337	131,134,144,145,148,151,158,165
Q6IQ55	1244	27,28,29,30,31,32,33,34,35,50
Q9BYV2	358	126,129,149,155
P57772	596	19,21,22,48,92,149,187
Q2VIR3	472	51,52,53,54,55,56,190,191,192,193,225,226,227
Q9HCR9	933	424,668,704,705,816
Q96JP2	1530	818,819,820,821,822,823,824,825
Q9H082	229	39,40,41,42,43,44,45,46,88,89,90,91,92,148,149,150,151
P35219	290	118,141
P00167	134	44,68
Q9Y6E7	314	62,63,64,65,66,67,68,69,70,71,72,73,74,75,76,77,78,79,80,81,82,143,144,145,146,169,172,220,223,260,261,262,286,287,288,304
P11166	492	137,282,283,288,317,380,388,411
Q01826	763	390,400,401,402,403,404,405,406,407,408,409,410,425
Q9HC16	384	65,97,100,257,288,291
Q8N6T7	355	53,57,64,65,71,113,133,141,144,166,177,214,216,240,242,258
Q14722	419	108,109,115,137,210,240,241,266,295,296,297,298,299,300,306,316,375,377,381,384,385
P0C263	348	68,69,70,71,72,73,74,75,76,91
Q12931	704	119,158,171,205,402
Q86YS3	637	62,64,68,73
P12830	882	257,288
Q8TEA1	469	242,243,244,245,246,247,248,266,293,323
O60341	852	289,308,310,316,332,333,801,810,811
Q15031	903	642
Q9UL40	294	75,78,91,97,136,139,152,158
P29274	412	169,253,277,278
P32320	146	54,55,56,57,58,59,60,65,99,102
Q9Y286	467	124,131,132,133,134,135
O76003	335	159,261
Q8TC12	318	48,49,50,51,52,53,54,177
Q86WI3	1866	228,229,230,231,232,233,234,235
P61204	181	24,25,26,27,28,29,30,31,67,68,69,70,71,126,127,128,129
O94844	696	21,22,23,24,25,26,27,28,84,85,86,87,88,140,141,142,143
Q9NSY1	1161	57,58,59,60,61,62,63,64,65,79
Q9H9G7	860	598,638,670,808
Q9BT17	334	83,84,85,86,153,154,155,156,157,158,205
Q7Z739	585	422,423,424,428,438,439,468,492,497
Q6NYC1	403	184,187,189,197,204,273,285
Q15738	373	176
Q06455	604	515,518,526,529,535,539,547,551
O75936	387	38,40,43,82,202,204,347
Q96PH1	765	42,44,49,70,72,74,76,81,106,108,138,140,145,178,180,182,189
Q9NWK9	470	220,223,232,235,240,244,248,254
Q13402	2215	158,159,160,161,162,163,164,165
Q8IWV8	1755	99,112,115,124,127,133,136,148,149,150,151,153,163,166,1108,1111,1168,1170,1173,1176,1210,1213
P09486	303	274,276,278,280,285
Q96Q40	435	109,110,111,112,113,114,115,116,117,132
Q8N8N7	351	99,100,165,166,167,168,192,208,231,253,254,255,256,257,258,259,287,288,289,290,337
P15153	192	10,11,12,13,14,15,16,17,57,58,59,60,61,115,116,117,118
Q9BUP0	239	103,107,114,139,141,143,145,150
A6NNE9	402	170,173,186,188,196,199,212,215
O60264	1052	205,206,207,208,209,210,211,212
Q9UBV7	327	100,101,102,103,104,139,140,141,164,165,194,224,226,227,228,229,257,258,259,266
Q9UKF6	684	71,73,75,76,158,179,418
Q8TB37	319	75,76,77,78,79,80,81,82
Q7RTV2	222	9,45,54,55,67,68
P58743	744	398
P33897	745	507,508,509,510,511,512,513,514
Q7L9L4	216	79,84,161,166
P54756	1037	681,682,683,684,685,686,687,688,689,707
P49590	506	131,132,133,158,174,178,327,331,332
Q9P2E8	410	163,166,179,181,189,192,205,208
Q9UIK4	370	29,30,31,32,33,34,35,36,37,52
Q9BW83	186	12,13,14,15,16,17,18,19,64,65,66,67,68,123,124,125,126
P01241	217	44,200
Q8NHH9	583	101,102,103,104,105,106,107,108,145,146,147,244,245,303,304,305,306
P28328	305	244,247,259,261,264,267,280,283
A2VDF0	154	32,79,120,138,140
Q8IY84	436	80,81,82,83,84,85,86,87,88,103
Q16842	350	116,157,180,240,276,280,300,309,326
Q9NVE7	773	196,199,623,624,659
Q9H2G2	1235	40,41,42,43,44,45,46,47,48,63
Q16772	222	9,45,54,55,67,68
P36873	323	64,66,92,124,173,248
O15439	1325	445,446,447,448,449,450,451,452,1075,1076,1077,1078,1079,1080,1081,1082
Q6ZRF8	634	98,101,127,132
Q9HCC9	887	823,826,839,842,847,850,869,872
P46199	727	187,188,189,190,191,192,193,194,234,235,236,237,288,289,290,291
Q5XXA6	986	425,677,680,728,731,760,764,909,914
O43293	454	19,20,21,22,23,24,25,26,27,42,94,96
Q9Y5L3	495	204,205,206,207,208
Q9P1W9	311	38,39,40,41,42,43,44,45,46,61
Q8TE96	717	70,71,72,73,74,75,76,77
P78363	2273	963,964,965,966,967,968,969,970,1054,1972,1973,1974,1975,1976,1977,1978,1979,1980,2073,2074
P49789	147	8,27,83,89,90,91,92,98
Q01449	175	45,47,49,56
Q6ZVT0	673	362,363,364,365,375,377
Q9H993	441	253,254,258,291,367,368,369,370,371,404
Q96MA6	479	67,68,69,70,71,72,140,141,142,143,147,203,278,279,280,281,282,283,325,326,327,354,355,356,357,361,392
O60882	483	100,164,165,166,176,178,183,184,186,188,191,197,198,200,202,204,206,209,226,230,236
Q8IY21	1712	785,786,787,788,789,790,791,792
Q9Y6T7	804	162,164,166,173,207,209,211,213,218
Q6P9F5	258	71,74,93,99
Q9Y616	596	171,172,173,174,175,176,177,178,179,192,295,296,297,298,311
Q9NP59	571	39,43,326,507
P48736	1102	829,830,831,832,833,834,835,836,837,838,864,865,866,867,868,869,870,871,872,961,962,963,964,965,966,967,968,969
Q86TJ2	420	9,12,23,26,32,35,45,49
P18564	788	140,142,144,147,148,179,235,237,239,240,271,355
O15457	936	680,681,682,683,684,685,686,687
Q9C040	744	118,121,141,146
O43745	196	124,126,128,130,135,165,167,169,176
Q15119	407	251,252,253,254,255,256,257,258,290,309,310,325,326,327,328,329,330
Q8TB92	370	86,87,278,280,320
Q13733	1029	723,727
Q5VWQ0	802	579,582,584,676,684
Q8IUF1	395	49,50,51,52,53,54,55,56,107,109,110,111,112,113,114,203,204,205,206
Q9NUQ8	709	210,211,212,213,214,215,216,217,525,526,527,528,529,530,531,532
P11234	206	21,22,23,24,25,26,27,28,29,68,69,70,71,72,128,129,130,131,158,159,160
O43255	324	138,145,157,161,168,175,187,192
P14061	328	10,11,12,13,14,15,16,17,18,19,20,21,22,23,24,25,26,27,28,29,30,31,32,33,34,35,36,37,38,66,143,160
A6NH57	179	23,24,25,26,27,28,29,30,66,67,68,69,70,125,126,127,128
P18074	760	42,43,44,45,46,47,48,49,116,134,155,190
O60503	1353	399,400,401,402,403,404,441,442,443,487,1108,1185,1186,1187,1192,1193,1194,1195,1196,1232
Q16566	473	52,53,54,55,56,57,58,59,60,75
Q8NC06	268	23,24,25,26,27,28,29,30,31,32,43,44,45,46,47,69,88
Q9UJS0	675	66,68,70,72,77
P25440	801	112,155,156,157,160,161
Q9BTE6	412	109,113,209,213
Q96SM3	734	360,363,498
O43236	478	151,152,153,154,155,156,157,158,185,290,291,292,293,294,295,296,297,298,348,363
Q5T7B8	1368	313,314,315,316,317,318,319,320
Q6DN12	878	210,216,263,265,270,525,531,577,579,585
Q8N9F7	314	72,74,87
O75027	752	315,316,317,318,319,378,379,380,381,428,481,505,506,507,508,509,510,511,512,513,514,515,516
Q9Y6R4	1608	1349,1350,1351,1352,1353,1354,1355,1356,1357,1372
P43403	619	345,346,347,348,349,350,351,352,369
P58557	167	118,122,128
O14964	777	166,169,182,185,190,193,212,215
Q02241	960	112,113,114,115,116,117,118,119
Q9NYL2	800	22,23,24,25,26,27,28,29,30,45
P07814	1512	1121,1122,1123,1152,1154,1163,1164,1237,1240,1242,1276,1278,1448,1453,1495,1497
Q9Y2Z4	477	77,81,121,221,225,228,244,245,246,247,274,284
A8MXV4	375	131,135
Q9NZB8	636	73,80,84,86,87,123,127,154,178,215,249,312,315,317,318,319,329
O75365	173	110
P09917	674	17,18,19,44,45,47,79,80,368,373,551,555,674
P10606	129	91,93,113,116
Q9BTU6	479	131,132,133,134,135,136,137,152,261,262,263,264,346
Q9UK59	544	8,10,39,84,174,226,228
Q9NVS9	261	42,43,44,45,95,96,97,98,100,110,111,116,117,139,157,161,165,174,175,219,225,226,227,229
Q9NY93	547	51,52,53,54,55,56,57,58
Q96QP1	1244	61,67,116,150,151,152,153,231,233,236,237,295
Q16647	500	106,112,287,358,359,382,441
Q9P2S6	941	880,883,894,897,903,907,916,920
P02768	609	27,30,37,91,264,268,271,273,276,279,283
O43174	497	442
Q5VTY9	493	448,449,450,451,452,453,454,455
P51687	545	118,143,145,147,215,216,217,218,219,264,322,361,366,377,378,379
O00299	241	24,64,77
B2RXH2	506	133,189,191,199,207,235,241,242,277,307,309
O75616	437	120,121,122,123,124,125,126,127,167,168,169,170,171,236,237,238,239
P08134	193	12,13,14,15,16,17,18,19,59,60,61,62,63,117,118,119,120
Q9NYP9	233	85,88,141,144
O75306	463	326,332,347
Q96G04	330	139,165,166,167,228,247
Q9NZN3	535	65,66,67,68,69,70,71,72,220,258,489,491,493,495,500
Q15818	432	280,358,359,360,370
Q9ULZ9	603	110,248,252,258
Q9UPW5	1226	920,923,1017
Q06136	332	39,41,42,43,64,68,93,186,190
Q99584	98	32,37,64,66,68,70,75
O60493	162	70,72,95,118
Q8N668	190	101,110,134
O43613	425	318
Q9BXN2	247	146,147,148,149,150,151,152,153,157,159,163,195,242
P06733	434	40,158,167,245,293,318,370,371,372,373,394
P51148	216	28,29,30,31,32,33,34,35,36,47,48,49,50,51,52,53,76,77,78,79,80,134,135,136,137,164,165,166
Q9BYW2	2564	1499,1501,1516,1520,1529,1533,1539,1560,1561,1562,1603,1604,1605,1628,1629,1631,1676,1678,1679,1680,1685
Q9H3H1	467	32,33,34,35,36,37
Q8N3R9	675	486,487,488,489,490,491,492,493
C9J1S8	452	93,96,115,121
O95263	885	619,655,656,781
Q99542	508	85,212,216,222
Q92614	2054	498,499,500,501,502,503,504,505
O14578	2027	103,104,105,106,107,108,109,110,111,126
Q92947	438	138,139,177,178,179,180,181,182,183,184,185,186,212,213,214,287,288,289,290,291,292,293,294,319,330,387,388,389,390,391,415,416,417,418,434
Q9UKP5	1117	403,407,413
Q6P2M8	343	21,22,23,24,25,26,27,28,29,44
P11362	822	484,485,486,487,488,489,490,514,562,563,564,568,627,641
P49619	791	188,190,192,199,233,235,237,244
O15072	1205	398,402,408
Q53FA7	332	41,148,149,150,151,152,153,154,173,174,175,176,177,192,264,265,266,322
Q9Y5P8	575	401,403,405,412
Q15746	1914	1470,1471,1472,1473,1474,1475,1476,1477,1478,1493
Q9UQD0	1980	373,936,939
Q9Y233	779	562,563,606,607,640,659,791,795,829,830,940,992
Q9UPW8	1703	567,570,584,587,595,603,692,698,744,746,763
Q9NRM7	1088	674,675,676,677,678,679,680,681,682,697
Q96S44	253	39,40,41,42,43,44,45,46,47,60
Q9H223	541	68,69,70,71,72,73,74,75,223,261,492,494,496,498,503
Q15256	657	554,588,589,590,591,592,593,594,632
P48169	554	100,163
Q96PE7	176	50,122,172
P20591	662	77,78,79,80,81,82,83,84,178,179,180,181,182,247,248,249,250
P30793	250	141,144,212
Q9UHB4	597	12,13,14,15,16,17,59,60,61,62,97,98,99,100,101,102,103,104,105,106,132,350,382,383,384,385,416,417,418,419,460,515,516,521,522,523,524,525,558,596
O14832	338	120,157,175,176,177,193,264,266,275
Q9H4B0	414	147,151,169,170,171,172,173,202,222,226,329,330,357,358
Q96CM8	615	263,264,265,266,267,268,269,270,271,493,508,599
O95843	209	65,67,69,76,101,103,105,107,112,143,145,147,149,154
Q96IJ6	420	85,247
P12081	509	130,131,132,157,173,177,326,330,331
P49914	203	10,11,12,13,14,56,61,145,146,147,148,149,150,151,152,153,154,189
P22102	1010	190,191,192,193,197,220,229,288,290,818,819,820,871,896,897,898,899,913,947,948,949,950,951,977,978,979,980
P33992	734	371
P00395	513	40,45,61,240,244,290,291,368,369,376,378
Q96S79	203	11,12,13,14,15,16,17,18,59,60,61,62,128,129,130,131
Q9BZL6	878	557,558,559,560,561,562,563,564,565,580
P17516	323	20,21,22,23,24,50,117,166,167,190,216,217,218,219,220,221,270,271,272,273,274,275,276,277,278,279,280
Q9NZM3	1697	67,69,71,73,78,1640,1643,1646
Q9BYX4	1025	907,910,962,964
Q96BW5	349	26,28,169,201,230,298
Q9HC36	420	356,380,389
P19105	171	41,43,45,52
Q9C0B1	505	96,108,205,231,232,233,234,295,307,316,317,318,320,322
Q99835	787	95,394
P36915	607	225,226,227,228,367,368,369,370,371,372,373,374,411,412,413,414,415
Q9BV86	223	69,74,91,92,93,119,120,135
Q99766	215	59,93
P98174	961	736,739,753,756,761,764,782,785
Q9NV58	838	132,135,150,152,155,158,176,179,219,224,241,246,251,254,259,264,301,304,321,324,329,332,340,347
Q5H9J7	111	108
P34059	522	39,40,79,288,289
O60941	627	243,246,258,261,267,270,280,284
Q15208	465	95,96,97,98,99,100,101,102,103,118
P58335	489	52,54,118
Q00535	292	10,11,12,13,14,15,16,17,18,33
Q8IW19	511	376,381,386,387,423,428,429
Q7Z4J2	276	82,83,84,85,86,87,173,174,175,195,196,197,198
P23921	792	5,6,11,12,13,14,15,16,17,53,57,202,217,226,227,228,243,256,263,264,427,431,604,605,606,607
Q14832	879	151,172,173,174,222,301,389
O75355	529	222,223,224,225,226
Q5TCX8	1036	130,131,132,133,134,135,136,137,138,151
P61224	184	10,11,12,13,14,15,16,17,18,57,58,59,60,61,116,117,118,119,147,148,149
Q8N5D6	347	116,117,118,119,120,121,206,207,208,228,229,230,231
Q5VYX0	342	12,42,61,62
Q86XD8	727	667,670,682,684,689,692,698,700
P15309	386	43,47,111,289
O14802	1390	69,72,79,82,109,112,144,156,159,167,326,348,353,360,366,464,499,501,503,1159,1305,1323
Q9BV23	337	80,149,306
Q76LX8	1427	83,173,182,184,187,212,224,228,234,281,284
P52564	334	59,60,61,62,63,64,65,66,67,82
Q8IXW5	612	100,105,136,140
Q9NY65	449	11,71,140,144,145,179,206,228
P00973	400	63,75,77,148,210,213,229
P28288	659	473,474,475,476,477,478,479,480
Q6PHW0	289	100,101,102,103,104,128,129,130,157,161,182,237,238,239,279
O43913	435	37,38,39,40,41,42,43,44
O94759	1503	843,846,869,1073
Q92185	356	143,166,274,275,276,296,310
Q9Y5S8	564	101,115,209,221,338,339,340,341,342,343,344
P0CI25	452	93,96,115,121
Q8WTS6	366	226,227,228,296,297,356
Q9UKU6	1024	449,450,451,452,453,485,489,508
Q13636	194	13,14,15,16,17,18,19,20,61,62,63,64,65,119,120,121,122
Q9NRN7	309	47,86,87,88,89,90,91,108,109,110,111,129,181,182,183,184,185
Q9Y4J8	743	243,246,258,261,267,270,280,284
P78562	749	580,584,642
P05165	728	177,209,210,211,212,213,214,215,216,217,218,219,220,221,222,223,224,225,226,227,228,229,230,231,232,233,234,235,236,237,238,239,240,241,242,243,244,245,246,247,248,249,250,251,252,253,254,255,256,257,258,259,260,261,262,263,264,265,266,267,268,269,270,296,336,349,351,409
Q9Y5Y0	555	214,471
Q4VNC1	1196	848,852
Q8N4Q0	377	185,205,209,224,247,269,275,303,304,305,361
A6NNZ2	444	11,69,138,142,143,144,204,226
O15021	2623	576,577,578,579,580,581,582,583,584,599
P00491	289	33,64,84,85,86,88,116,201,219,220,243,257
P05997	1499	1314,1316,1317,1322
Q6PEY2	450	11,71,140,144,145,179,206,228
P00439	452	285,290,330
P05106	788	147,149,152,153,184,241,243,245,246,277,361
P06213	1382	1033,1057,1104,1105,1106,1107,1108,1109,1110,1163,1164,1177
P28039	575	184,186,188,190,205,207,208,210,213,223,227,229,231,233,245
Q96HU8	199	14,15,16,17,18,19,20,21,33,34,35,36,37,38,39,61,62,63,64,65,121,122,123,124,152,153
Q9Y6K1	912	641,642,643,644,645,664,686,687,688,891,892,893
O75648	421	10,11,12,13,14,15,16,17,36,126
O14732	288	81,101,103,104,105,106,205,206,207,224,231
P13807	737	39,205,211,291,292,294,297,301,331,501,510,512,513,515,582,586
Q08211	1270	411,412,413,414,415,416,417,418,419,512
P51178	756	153,155,157,159,164,189,191,193,195,200,312,341,343,390,438,440,522,549,651,653,677,706,707,708
Q9H2X9	1139	113,184,410,414,415,446,569
P06703	90	28,33,61,63,65,67,72
P0DP23	149	21,23,25,27,32,57,59,61,63,68,94,96,98,100,105,130,132,134,136,141
Q9NRX4	125	21,94,95,96
Q96IV0	654	250,253,283,286
Q8NDV3	1235	32,33,34,35,36,37,38,39
Q9BU02	230	7,9,11,55,57,65,125,145,157,159,193
P53384	320	8,22,25,31,62,63,64,65,66,67,68,69,235,238
B5MD39	225	55,76,107,108,129,130
Q96I99	432	57,90,91,92,146,243,257,308,365,366,367
Q14344	377	58,59,60,61,62,63,173,197,198,199,200,203,291,292,293,294,349
Q05655	676	355,356,357,358,359,360,361,362,363,378
Q9GZX7	198	56,87,90
Q96EG1	525	44,45,84,137,162,251,302,303
Q9H422	1215	203,204,205,206,207,208,209,210,211,226
Q8N8V2	638	45,46,47,48,49,50,51,52,67,68,69,97,98,99,100,101
P61601	193	73,75,77,79,84,109,111,113,115,120,157,159,161,163,168
P07438	61	5,7,13,15,19,21,24,26,29,33,34,36,37,41,44,48,50,57,59,60
Q9BVA1	445	11,69,138,142,143,144,204,226
P20338	218	20,21,22,23,24,25,26,27,28,68,69,70,71,72,126,127,128,129,156,157,158
Q99653	195	123,125,127,129,134,164,166,168,175
P28472	473	120,121,122,180,181,182,225,227
Q14964	217	15,16,17,18,19,20,21,22,23,68,69,70,71,72,127,128,129,130
P36888	993	616,617,618,619,620,621,622,623,624,644
Q8IWB6	1497	233,234,235,236,237,238,239,240,241,273
P06132	367	37,38,39,40,41,55,85,86,164,219,339
P48061	93	41,42,43,44,45,46,47,48,49,50,51,62,69,85
O43502	376	125,126,127,128,129,130,131,132
Q9H0C8	392	152,153,326,381
P09871	688	60,68,113,131,132,134,149,150,153
Q9UBU7	674	296,299,309,315
Q9ULI4	1882	469,470,471,472,473,474,475,476
Q8N4A0	578	175,204,227,229,334,362,370
A0PJX0	185	110,112,114,121,152,154,156,158,163
P49821	464	87,88,89,90,91,92,93,94,95,96,199,200,201,202,203,204,205,206,207,208,209,210,211,212,213,214,215,216,217,218,219,220,221,222,223,224,225,226,227,228,229,230,231,232,233,234,235,236,237,238,239,240,241,242,243,244,245,246,247,379,382,385,425
Q9NTK5	396	32,33,34,35,36,37,56,231
Q86W24	1093	183,184,185,186,187,188,189,190
P78330	225	20,21,22,52,53,109,110,111,158,179,182
O14607	1347	1093,1095,1173,1278,1281,1305,1308
O00391	747	401,408,412,451,455,478,479,480,481,482,483,484,485,500,503
P0DTE7	511	115,173,182,210,216,313,352
Q96D15	328	92,94,96,101,126,128,130,132,137,176,178,180,182,187,213,215,217,219,224,254,256,258,260,265,290,292,294,296,301
P62273	56	21,24,39,42
Q96PP9	640	60,61,62,63,64,65,66,67,82,83,84,112,113,114,115,116
Q96KQ7	1210	974,976,980,985,987,1017,1021,1023,1027,1048,1049,1050,1085,1112,1113,1115,1168,1169,1170,1175
Q8IZL9	346	10,11,12,13,14,15,16,17,18,33
Q9NZQ8	1165	222,338,347,350,351,782,785,808,811,1003
P22059	807	117,118,119,120,121,122,314,493,494,495,496,522,523
Q99447	389	221,222,229,230,231,232,259,307,308,309,310,336,337,338,339,340
Q9UJV3	735	195,198,218,224
Q8TE60	1221	254,436,440,446
Q68D06	897	284,286,321,599,600,601,602,603,604,605,606
P81274	684	608,613,642,647
Q86YA3	2104	1349,1351,1374,1382
Q9Y336	463	120
Q96SB8	1091	76,77,78,79,80,81,82,83
Q9UQ84	846	30,78,150,152,171,173,225,270
Q96IZ6	378	78,82,188,213,239,240,260
P14868	501	229,273,274,275,281,282,283,424,427,431,472,473,474,475
P15538	503	450
Q92772	493	10,11,12,13,14,15,16,17,18,33
Q15181	289	116,121,153
P51817	358	55,56,57,58,59,60,61,62,63,78
O60749	519	183,185,211,235
Q14692	1282	89,90,91,92,93,94,95,96
Q6IMI6	304	56,57,58,59,60,61,115,116,117,139,147,202,236,237,238,239,240,241,264,265,266,267,268
P25103	407	197
P38117	255	9,39,40,41,42,66,123,124,125,126,127,128,129,130,131,132,133,134
Q9UHQ9	305	136,137,138,139,140,141,142,143,144,145,146,147,148,149,150,151,152,153,154,155,156,157,158,159,160,161,162,163,164,165,166,175,176,177,178,179,180,181,182,183,184,185,186,187,188,189,190,191,192,193,194,195,196,197,198,199,200,201,202,203,204,205,206,207,208,209,210
Q8IV42	348	25,26,27,28,29,30,31,32
Q5XG87	772	297,299,360,385,403,404,488,492
A0AVT1	1052	470,497,508,521,569,570
Q12829	278	21,22,23,24,25,26,27,28,69,70,71,72,73,126,127,128,129
Q86TI2	863	730
P47869	451	94,157
P26640	1264	865
Q8N2I9	435	41,42,43,44,45,46,47,48,49,66
Q2WGJ9	1857	842,848,904,906,1372,1378,1427,1429,1435
P20853	494	439
Q86XE5	327	77,78,198,222
Q96RL6	698	132
P23415	457	220,222,230,231,232,233,234,235,243
Q9UPY3	1922	64,65,66,67,68,69,70,71,1316,1395,1398,1705,1810,1813
O43323	396	90,91,96,126,127,130,132,141,148,183
Q2VIQ3	1234	88,89,90,91,92,93,94,95
P69891	147	64,93
Q86SX6	157	59,67,97,98,99,100,101,109,122,123
Q8WVY7	318	143,145,253
Q9HBH9	465	90,91,92,93,94,95,96,97,98,113,160,161,162,209,299,311,314
O75132	1171	136,139,160,165,306,309,330,335,477,480,500,505,579,582,603,608
Q8IVL5	708	580,582,652
O43159	456	281,316,334,346,347,363
Q8IWU5	870	52,53,88,317,318
Q9UNU6	501	440
O75151	1096	193,246,249,251,259,266,321,323
P29033	226	42,45,47
P61020	215	27,28,29,30,31,32,33,34,35,46,47,48,49,50,51,52,75,76,77,78,79,133,134,135,136,163,164,165
Q92485	455	28,30,93,134,236,277,279
Q99828	191	116,118,120,122,127,161,163,165,167,172
Q9H2U2	334	164,169,201
P57789	538	167,168,169,170,276,277,278,279
P20273	847	120
Q9UK17	655	104,110,131,132,367,368,369,370
Q15835	563	196,197,198,199,200,201,202,203,204,219
Q9Y5X0	201	53,79,94
Q8NCM2	988	550,551,552,553,554,555,556,557,558,559,560,561,562,563,564,565,566,567,568,569,570,571,572,573,574,575,576,577,578,579,580,581,582,583,584,585,586,587,588,589,590,591,592,593,594,595,596,597,598,599,600,601,602,603,604,605,606,607,608,609,610,611,612,613,614,615,616,617,618,619,620,621,622,623,624,625,626,627,628,629,630,631,632,633,634,635,636,637,638,639,640,641,642,643,644,645,646,647,648,649,650,651,652,653,654,655,656,657,658,659,660,661,662,663,664,665,666,667
Q14565	340	126,127,128,129,130,131,132,133,230,233,236,242,311
P0C024	238	92,96
P14174	115	33,65,98
Q2NKX8	1250	122,123,124,125,126,127,128,129
O43482	229	80,83,137,140
Q9BSW2	731	97,99,101,103,108,552,553,554,555,556,557,558,559,600,601,602,603,604,659,660,661
Q5T7P8	510	260,266,318,319,320,323,326,392,398,452,454
Q9H5U6	513	40,42,64,73,125,128,140,143,172,173,174,175,202,225,243,244,276,380,383,393,394,397,400,410,411,414,417,424,425,428,431,436,438
Q8IVL8	374	108,111,236
Q5VZM2	374	49,50,51,52,53,54,55,69,75,126,188,191,209,225
P35520	551	52,65,149,256,257,258,259,260,349
Q13432	240	131
Q8NET6	341	113,114,115,116,117,118,119,174,175,176,177,178,179,180,181,182
P13533	1939	178,179,180,181,182,183,184,185
O60312	1499	427,428,429,700,742,766,809,889,890,891,1005,1011,1031,1034,1035
Q9UPS6	1966	1943
Q5VYS8	1495	1047,1048,1049,1050,1057,1058,1059,1060,1130,1152,1170,1171,1172,1173,1174,1286
Q96T60	521	372,373,374,375,376,377,378,379
Q8TC41	542	263,266,283,286,383,386,391,396,423,426,441,444,449,452,465,474
Q9H0R5	595	45,46,47,48,49,50,51,52,67,68,69,97,98,99,100,101
Q8NER5	493	201,202,203,204,205,206,207,208,209,222
P10916	166	37,39,41,48
Q13683	1181	372,374,376,380,434,436,438,442,492,494,496,498,500
A8MX76	684	570,572,574,576,581
P48454	512	86,88,114,146,195,277
Q9NPB8	672	70,88,89
Q9NYR9	191	11,12,13,14,15,16,17,18,61,62,63,64,65,120,121,122,123
O95057	198	17,18,19,20,21,22,33,34,35,36,37,38,39,61,62,63,64,65,121,122,123,124,125,151,152
O75636	299	237,239,241,243,258,259
Q9ULB1	1477	329,346,407,765,782,841,1176,1193,1245,1247
Q7Z6P3	1021	840,841,842,843,844,845,846,847,888,889,890,891,892,946,947,948,949
P18054	663	360,365,540,544,663
Q8NBN7	331	45,46,47,48,49,50,51,174
Q15139	912	589,590,591,592,593,594,595,596,597,612
P58004	480	374,375,376,377,386,451
P23229	1130	363,365,367,371,425,427,429,431,433,480,482,484,486,488
Q92831	832	574,575,576,581,582,583,584,585,586,587,612,613,614,615
Q9P0J7	381	9,12,24,27,33,36,46,50
Q2KJY2	2108	546,547,548,549,550,551,552,553
Q8WW38	1151	252,255,268,273,550,553,566,571,689,692,705,710,856,859,872,877,1121,1124,1137,1142
P07384	714	109,114,316,318,323,598,600,602,604,609,628,630,632,634,639
P13612	1032	314,316,318,322,377,379,381,385,439,441,443,445,447
Q9Y6V7	483	46,47,48,49,50,51,52,53
P15090	132	127,128,129
Q70JA7	882	720,834
Q96L94	193	43,45,66,79
Q9H497	397	167,168,169,170,171,172,173,174
Q14123	709	232,268,269,376
P48775	406	72,73,74,75,76,144,328,342
P04798	512	224,457
Q13823	731	317,318,319,320,321,322,323,324,361,362,363,364,365
O95376	493	139,142,156,158,161,164,183,188,228,233,249,252,257,260,265,270,297,300,315,318,323,326,333,340
P28676	217	65,69,71,132,134,136,138,143
P0CG30	244	40,41,53,54,66,67,104,105,106,107
P10074	688	293,296,309,313,321,324,337,342,352,355,368,372,380,383,396,401
P42330	323	23,24,50,117,166,167,190,216,217,218,219,220,221,222,270,271,272,276,277,278,279,280
O60282	957	87,89,90,91,92,93,94,99
P08235	984	603,606,620,623,639,645,655,658,770,776,817,945
Q9H6Q4	476	24,71,74,77,190,246,395,399
Q9Y3Q4	1203	559,562,564,566,659,660,662,669,670,673,710
Q9UJ41	491	19,23,35,38
P29475	1434	339,420,483,592,593,597,682,683,696,711,766,767,768,770,771,812,813,817,891,896,898,924,928,1015,1037,1178,1179,1180,1181,1196,1198,1201,1202,1215,1216,1217,1256,1289,1318,1319,1325,1327,1329,1362,1403,1405
P05023	1023	487,717,721
Q9Y345	797	206,208,209,213,477,509,574,577
P62820	205	18,19,20,21,22,23,24,25,26,36,37,38,39,40,41,42,43,66,67,68,69,70,124,125,126,127,154,155,156
Q49AN0	593	271,308,374,406,407,408
Q7L266	308	196,197,198,199,219,220,221,222
Q8N8Q1	229	55,93,127,166
Q99643	169	127
Q6NUM6	668	43,44,45,46,47,130,131,132,133,134,135,136,137,138,139,140,141,142,143,144,145,146,147,148,149,150,151,152,153,154,155,156,157,158,159,160,161,162,352,356,359
Q96AX2	223	36,37,38,39,40,41,42,43,85,86,87,88,89,143,144,145,146
Q86W34	360	254,258,264,265,270,289,292
Q08188	693	222,225,227,228,230,302,304,306,308,325,394,416,444,449
P20908	1838	1657,1659,1660,1662,1665
P31153	395	29,31,57,70,113,179,180,181,247,248,249,250,258,264,265,281,285,289,291
Q9Y2H9	1570	380,381,382,383,384,385,386,387,388,403
P26012	769	154,156,193,249,251,253,254
Q9UPI3	526	1,2,3,4,5,6,7,8,9,10,11,12,13,14,15,16,17,18,19,20,21,22,23,24,25,26,27,28,29,30,31,32,33,34,35,36,37,38,39,40,41,42,43,44,45,46,47,48,49,50,51,52,53,54,55,56,57,58,59,60,61,62,63,64,65,66,67,68,69,70,71,72,73,74,75,76,77,78,79,80,81,82,83,84,98,102,191,195,325,447
P08238	724	46,88,107,133,392
Q01469	135	43,109,129,130,131
Q9P0L9	805	646,648,650,657
A5YM72	827	542,543,544,545,546,547,548,549,550,551,552,553,554,555,556,557,558,559,560,561,562,563,564,565,566,567,568,569,570,571,572,573,574,575,576,577,578,579,580,581,582,583,584,585,586,587,588,589,590,591,592,593,594,595,596,597,598,599,600,601,602,603,604,605,606,607,608,609,610,611,677,689,691
Q96AT9	228	10,35,37,70,146,147,148,149,175,176,177,197,198
P52655	376	343,344
Q9NRY4	1499	28,33,34,35,36,37,52,56,95,96,97,201,202,203,229,230,231
P15056	766	235,248,251,261,264,269,272,280,463,464,465,466,467,468,469,470,471,483
Q04446	702	62,63,91,92,93,118,119,120,121,333,334,335,336
Q8WWP7	306	34,35,36,37,38,39,40,41,42,55,153,154,155,190
P50591	281	230
Q13507	836	158,525,528,543,871,874,876,883
Q9BX93	195	89,91,93,116
Q99973	2627	1168,1169,1170,1171,1172,1173,1174,1175
Q14644	834	687,698,699,709
P42685	505	240,241,242,243,244,245,246,247,248,262
P21912	280	93,98,101,113,186,189,192,196,201,243,249,253
Q9HBX9	757	45,48,50,52,58,59
Q9HCK1	2354	8,11,21,27
P41252	1262	603
P15259	253	10,11,12,13,14,15,16,17,23,24,62,89,90,91,92,100,116,117,187,188
Q9ULI2	386	158,193,194,195,196,197,198,199,200,201,202,203,219,264,277,279
Q6ZWH5	1172	525,526,527,528,529,530,531,532,533,548
P54760	987	621,622,623,624,625,626,627,628,629,647
Q9NP62	436	76,82,86,113,116,125,152,154
P10276	462	235,287
Q13572	414	18,106,157,167,188,189,190,191,192,193,194,195,196,197,198,199,214,232,236,281,295,297
P50226	295	48,49,50,51,52,53,106,107,108,130,138,193,227,228,229,230,231,232,255,256,257,258,259
Q9NXZ2	648	286,287,288,289,290,291,292,293
Q08426	723	101
Q9NW08	1133	186,195,213,432,438,692,753,896,904,1019,1039,1040,1046,1080,1083,1092,1095
P55010	431	27,28,29,30,31,32,33,34
Q5VZV1	264	92,120,121,122,141,172,193
Q6GQQ9	843	802,807,819,822
P43490	491	196,219,247,311,312,313,353,354,384,392
Q9P2J5	1176	52,54,594,597,719
Q96P53	400	287,290,314,317,322,325,344,347
O00148	427	88,89,90,91,92,93,94,95
Q969G6	155	15,21,27,29,82,84,91,104,107,109
O60231	1041	422,423,424,425,426,427,428,429
P0DP25	149	21,23,25,27,32,57,59,61,63,68,94,96,98,100,105,130,132,134,136,141
P18084	799	147,149,152,153,184,242,244,246,247,362
P0C1S8	567	218,219,220,221,222,223,224,225,226,241,344,380
Q9NSA2	647	104,131,132
Q9BZP6	476	70,71,97,98,99,100,141,210,211,212,213,360
Q13838	428	89,90,91,92,93,94,95,96
P15086	417	176,177,178,179,234,251,252,304,305,306,356
Q9Y620	910	326,327,328,329,330,331,332,333
P11712	490	435
Q8IY17	1375	195,196,197,198,199,200,201,202,203,204,205,206,207,208,209,210,211,212,213,214,215,216,217,218,219,220,221,222,223,224,225,226,227,228,229,230,231,232,233,234,235,236,237,238,239,240,241,242,243,244,245,246,247,248,249,250,251,252,253,254,255,256,257,258,259,260,261,262,263,264,265,266,267,268,269,270,271,272,273,274,275,276,277,278,279,280,281,282,283,284,285,286,287,288,289,290,291,292,293,294,295,296,297,298,299,300,301,302,303,304,305,306,307,308,309,310,311,312,313,314,315,316,317,318,319,320,321,322,511,512,513,514,515,516,517,518,519,520,521,522,523,524,525,526,527,528,529,530,531,532,533,534,535,536,537,538,539,540,541,542,543,544,545,546,547,548,549,550,551,552,553,554,555,556,557,558,559,560,561,562,563,564,565,566,567,568,569,570,571,572,573,574,575,576,577,578,579,580,581,582,583,584,585,586,587,588,589,590,591,592,593,594,595,596,597,598,599,600,601,602,603,604,605,606,607,608,609,610,611,612,613,614,615,616,617,618,619,620,621,622,623,624,625,626,627,628,629,630,631,632,633,634,635,636,637,638,639,640,641,642,643,644,645,646,647,648,649,650,651,652,653,654,655,656,657,658,659,660,661,662,663,664,665,666,667,668,669,670,671,672,673,674,675,676,677,678,679,680,681,682,683,684,685,686,687,688,689,690,691,692,693,694,695,696,697,698,699,700,701,702,703,704,705,706,707,708,709,710,711,712,713,714,715,716,717,718,719,720,721,722,723,724,725,726,727,728,729,730,731,732,733,734,735,736,737,738,739,740,741,742,743,744,745,746,747,748,749
Q2QD12	228	10,35,37,70,146,147,148,149,175,176,177,197,198
Q6L8Q7	609	351,496,498
P47929	136	70,71,72,73,74,75,76
Q13705	512	196,197,198,199,200,201,202,203,204,217
Q5T3U5	1492	633,634,635,636,637,638,639,640,1280,1281,1282,1283,1284,1285,1286,1287
P08582	738	78,107,132,136,138,139,210,279,421,451,556,625
Q15645	432	179,180,181,182,183,184,185,186
P23297	94	28,33,63,65,67,69,74
P17342	541	106,135,136
P08240	638	425,426,427,428,429,430,431,432,520,521,522,523,524,588,589,590,591
O75208	318	241,242,243,244
P42345	2549	2165,2167,2185,2187,2190,2225,2238,2239,2240,2245,2343,2345,2356,2357
Q8NBI2	242	47,67,76,80,83,112,113,114,115,117,149,156,177,224
Q92844	425	396,399,416,420
Q9P0M2	348	129,219,220,221
P22735	817	499,501,548,553
O60294	686	59,89,114,161,162,188
Q59H18	835	469,470,471,472,473,474,475,476,477,490
Q9BRS2	568	208,278,280,329,341
A6NJ78	407	100,101,102,119,146,169,176
Q86UV7	250	89,92,111,117
Q5SQI0	421	124,125,126,127,128,129,130,131,132,133,134,135,136,137,160,161,162,163,164,165,166,167,168,169
O75828	277	10,11,12,13,14,15,16,17,18,19,20,21,22,23,24,25,26,27,28,29,30,31,32,33,34,38,39,40,41,42,63,64,90,140,194,195,196,197,198,239
O75880	301	169,173,260
P61160	394	160,161,162,214,215,216,217,218,305,306,307,308,309,310
P28370	1054	208,209,210,211,212,213,214,215
Q9UEE5	414	67,68,69,70,71,72,73,74,75,90
Q06609	339	127,128,129,130,131,132,133,134
Q9ULU4	1186	91,94,103,106,111,114,127,130,255,258,274,1028,1031,1039,1040,1046,1050,1058,1062
P30519	316	45,154,199,203
O75439	489	101,105,181
Q12974	167	102,103,104,105,106,107
Q14767	1821	344,345,346,347,348,349,350,351,352,353,354
O75643	2136	503,504,505,506,507,508,509,510,1350,1351,1352,1353,1354,1355,1356,1357
P12236	298	80,92,235
Q9Y6A2	500	437
Q6P158	1386	567,568,569,570,571,572,573,574
Q8N139	1617	514,515,516,517,518,519,520,521,1320,1321,1322,1323,1324,1325,1326,1327
Q16671	573	209,210,211,212,213,214,215,216,217,230
P02795	61	5,7,13,15,19,21,24,26,29,33,34,36,37,41,44,48,50,57,59,60
O00264	195	113
Q9BWD1	397	223,226,252
Q9HC98	313	51,52,53,54,55,56,57,58,59,74
Q9BQQ3	440	18,20,103
P07202	933	238,240,321,323,325,327,399,494
O75688	479	60,61,243,286
Q7Z2Y5	1582	31,32,33,34,35,36,37,38,39,54
Q96LA8	375	57,66,90,112,141
A6NHC0	703	588,590,592,594,599,618,620,622,624,629
P29590	882	57,60,72,74,77,80,88,91,129,132,151,155,189,194,215,222
Q8NES3	379	129,201,202,314
Q53S08	254	20,21,22,23,24,25,26,27,28,38,39,40,41,42,43,44,45,68,69,70,71,72,126,127,128,129,156,157,158
Q02156	737	414,415,416,417,418,419,420,421,422,437
Q96AC1	680	383
Q01581	520	44,45,46,167,221,269,273
O75398	565	504,507,515,518,524,528,536,540
P49641	1150	175,177,289,569
Q8NE62	594	42,43,44,45,46,47,48,49,50,51,52,53,54,55,56,57,58,59,60,61,62,63,64,65,66,67,68,69,70,71
P01138	241	173,209
O95551	362	122,152
Q9BVQ7	753	241,242,243,244,245,246,247,248,505,506,507,508,509,510,511,512
Q4JDL3	420	323,353,354,355,356,357,358,359,397
Q8IWT3	2517	1363,1364,1365,1366,1367,1368,1369,1370,2070,2073,2088,2090,2093,2096,2115,2120,2160,2166,2181,2184,2189,2192,2198,2203,2236,2239,2254,2257,2262,2265,2273,2279
Q6UB28	335	161,178,189,252,259,284,315
Q9HD34	91	6,44
Q9NQV8	689	130
O00560	298	215,250,251
P02753	201	116
P35251	1148	650,651,652,653,654,655,656,657
Q14839	1912	751,752,753,754,755,756,757,758
P04179	222	50,98,183,187
Q8IYB8	786	207,208,209,210,211,212,213,214
Q15569	626	63,64,65,66,67,68,69,70,71,86
Q3SXZ7	439	167,173,174,211,212,213,214,224,225,226,248,254,255,272,326,339,341,357
Q8NB66	2214	1236,1242,1288,1290,1307
O95255	1503	663,664,665,666,667,668,669,670,1299,1300,1301,1302,1303,1304,1305,1306
Q9NRH2	765	22,23,24,25,26,27,28,29,30,45
Q03393	145	24,49,51
Q13191	982	221,223,225,227,232,286
Q9UBC2	864	172,174,176,178,183
P24723	683	361,362,363,364,365,366,367,368,369,384
Q9NRD9	1551	828,830,832,834,839,864,866,868,875
Q13698	1873	292,614,1014
Q86YQ8	564	39,45,99,101,104,109,111,173,179,235,237,243
Q9HA47	277	30,31,32,33,34,35,36,37,38,87,115,120,169,178,186,215
Q5VV42	579	73,109,138,214,218,221
Q04771	509	214,215,216,217,218,219,220,221,222,235
O76080	213	14,18,30,33,154,157,168,170,175,178,184,186
P54132	1417	668,669,670,671,672,692,693,694,695,696,982,1036,1055,1063,1066,1242
P06276	602	110,144,145,466
Q8NCL4	622	269,271,407,511,514,528,533
Q14573	2671	266,268,269,270,503,507,510,567,568,569,743,1122,1125,1882,1946,1996,2149,2152,2538,2539,2541,2558,2560,2563,2564,2565,2581
Q13630	321	14,15,16,17,18,19,20,147,170,171,172,173,186,194,208,215,277
Q969Q5	203	14,15,16,17,18,19,20,21,22,63,64,65,66,67,120,121,122,123,154,155,156
P46736	316	122,124,135
P40925	334	11,12,13,14,15,16,17,42,92,98,105,112,129,130,131,162
O15296	676	15,17,39,40,42,44,85,86,373,378,553,676
O43184	909	179,350,354,360
P25098	689	197,198,199,200,201,202,203,204,205,220
Q9Y6M4	447	49,50,51,52,53,54,55,56,57,72
Q96PF1	710	401,403,450,455
P35558	622	87,235,236,237,244,264,286,287,288,289,290,291,292,311,403,404,405,436,530,531,532,533
Q32MK0	819	521,522,523,524,525,526,527,528,529,544
Q8NFM4	1077	278,279,280,281,282,283,320,321,322,366,925,1005,1006,1007,1012,1013,1014,1015,1016,1052
Q8WXB1	218	47,73,74,75,94,125,143
P12532	417	161,162,163,164,165,224,269,325,353,354,355,356,357,358,368
Q9H4A6	298	81,90,171,174
Q9C0H2	523	110,113
O14757	476	15,16,17,18,19,20,21,22,23,38
P18031	435	181,215,216,217,218,219,220,221,262
O60284	1047	368,373,386,392,412,417,430,436,724,729,742,748,768,773,786,792,816,821,834,840,869,874,887,893
P23526	432	57,131,156,157,158,159,186,190,222,223,224,225,226,227,243,248,299,300,301,346,353
Q9P0L2	795	66,67,68,69,70,71,72,73,74,89
P08559	390	92,118,119,157,165,167,196,197,198,225,227,292
P62826	216	18,19,20,21,22,23,24,25,36,37,38,39,40,41,42,68,122,123,124,125,150,151,152
Q14435	633	277,279,415,519,522,536,541
Q9Y343	169	38,40,61,74
Q99683	1374	686,687,688,689,690,691,692,693,694,709
Q9P2K8	1649	596,597,598,599,600,601,602,603,604,619
Q9UNI6	340	116,117,118,119,120,121
Q15326	602	258,261,277,281,563,566,574,575,581,585,594,598
Q8WWZ4	1543	427,428,429,430,431,432,433,434,1239,1240,1241,1242,1243,1244,1245,1246
O00445	386	138,139,145,197,198,199,202,205,270,276,330,332
Q9Y653	693	26,27,28,29,30,31,32,33,190,191,192,193,194,195,196,197,198,199,200
Q08J23	767	184,185,186,187,188,189,190,215,242,268
O75838	187	116,118,120,127,157,159,161,163,168
Q9BWU1	502	27,28,29,30,31,32,33,34,35,52
Q9GZU7	261	96,98,207
Q9H4Z3	704	235,265,553,554,555,556,558,588,589,590,591,592,614,615,616
Q08ET2	396	119
P20340	208	20,21,22,23,24,25,26,27,28,68,69,70,71,72,126,127,128,129,156,157,158
Q8IXL6	584	269,285,306,389,390,391,392,463,478
Q08493	712	388,392,428,429,546,597,600
O14672	748	173,383,387,393
P09543	421	253,332
Q8N6M9	145	10,15,25,28,33,36,42,44,100,105,115,118,123,126,132,134
Q9HCM9	518	107,110,129,135
P05556	798	152,154,157,158,189,244,246,248,249,362
Q9NX46	363	41,76,77,78,146,147,148,149,150,151,152,182,235,271,314,316,317
P51801	687	121,259,261,278,281,426
P10828	461	107,110,124,127,145,151,161,164,282,331,435
P54886	795	117,223,246,266,267,305,306,307,308,309,310,311
P51580	245	29,30,31,32,33,34,35,36,37,38,39,40,69,90,134,135,152
Q8TCG5	803	552,553,554,555,556,557,558,559,560,561,562,563,564,586,588,599
P60953	191	10,11,12,13,14,15,16,17,57,58,59,60,61,115,116,117,118
O96006	694	47,50,66,71
Q96AX9	1013	91,94,106,109,115,118,124,128
O95479	791	32,33,34,35,36,37,38,39,149,174,204,205,206,207,208,243,262,360,365,370,617
P48200	963	512,578,581
Q07283	1943	32,62,64,66,68,73
Q09328	741	378,379,526,554
P15586	552	55,56,91,326,327
Q9P0J1	537	144,145,418,516
P21453	382	120,121,265,266,267,268,269
Q8TE76	937	429,432,453,464
P12107	1806	1625,1627,1628,1630,1633
Q08397	574	449,451,453
Q9NVA2	429	48,49,50,51,52,53,54,55,103,184,185,186,187,188,189,190,191,192,238,253
Q6P9H5	292	47,48,49,50,51,52,53,54,55,68,164,165,166,201
Q9GZS9	411	71,72,73,74,75,76,77,224,225,226,227,228,229,230,231,232
Q13501	440	128,131,142,145,151,154,160,163
Q12851	820	22,23,24,25,26,27,28,29,30,45
Q9UG63	623	118,119,120,121,122,123,124,125,430,431,432,433,434,435,436,437
P27707	260	28,29,30,31,32,33,34,35,36,53,86,97,128,133,188,189,190,191,192,197,240,241,242
P13929	434	158,167,245,293,318,370,371,372,373,394
Q9NXW9	302	169,171,254,265
Q13011	328	116,117,118,119,120,174
P03951	625	547,548,549,550
Q9BZQ6	932	491
Q9Y5N5	214	29,51,53,77,103,104,122
P54840	703	40,205,211,291,292,294,297,301,331,501,510,512,513,515,582,586
Q92769	488	175,177,179,188,191,194,198,199,223,265
P29377	79	26,31,58,60,62,64,69
P63272	117	16,19,33,36
Q6PXP3	512	294,295,300,331
Q9NTJ3	1288	113,114,115,116,117,118,119,120
Q8WW33	167	17,23,33,37,51,57,67,71
O43895	674	116,430,450,461,524,533,555,569
P61927	97	19,22,34,37
Q5THR3	1501	754,756,758,765
P38935	993	214,215,216,217,218,219,220,221,403,442,571,897,902,913,916,921,924,930,932
Q9UFF9	292	40,42,161,230
Q9NP72	206	15,16,17,18,19,20,21,22,23,63,64,65,66,67,122,123,124,125,151,152,153
Q6ZNE9	571	521,524,537,540,545,548,559,562
P07327	375	47,48,49,50,51,52,68,98,101,104,112,175,200,201,202,203,204,205,224,229,270,293,294,295,318,319,320,370
O76090	585	10,293,296,301,304
O75385	1050	22,23,24,25,26,27,28,29,30,46
O14595	271	107,109,218
Q8TD43	1214	171,214,225,270,392,395,396,421,448,828,831,865,868
P14618	531	70,73,75,76,77,78,106,113,114,120,207,270,272,295,296,328,432,433,434,435,436,437,464,482,489,516,517,518,519,520,521
O76038	276	25,27,31,36,71,73,75,77,82,118,120,122,129,162,164,166,168,173,210,212,214,221,254,256,258,260,265
O15054	1643	1390,1392,1470,1575,1578,1602,1605
P23470	1445	1028,1060,1061,1062,1063,1064,1065,1066,1104
P00326	375	47,68,98,101,104,112,175,200,201,202,203,204,205,224,229,270,293,294,295,318,319,320,370
Q9BY66	1539	430,504,506,512,514,522,592
Q9NPB3	220	91,93,95,97,102,165,167,169,171,176,202,204,206,213
O75695	350	98,99,115,116,117,118
P62333	389	174,175,176,177,178,179,180,181
P61026	200	18,19,20,21,22,23,24,35,36,37,38,39,40,41,64,65,66,67,68,122,123,124,125,152,153,154
O43194	453	17,19
P56524	1084	667,669,675,751
Q9NWD9	120	117
P02788	710	79,111,136,140,142,143,211,272,414,454,480,484,486,487,547,616
Q9BV35	468	22,24,26,28,33,90,92,94,96,101
P51957	841	12,13,14,15,16,17,18,19,20,35
P02743	223	77,78,155,156,157,167
P35241	583	60,61,62,63,278
A4D1E9	387	155,156,157,158,159,160,161,162,202,203,204,205,206,278,279,280,281
Q5U5Z8	902	462,465,558
Q9NQW8	809	591,592,604,605
O15527	345	149,154,204,266,268,270,287,315,319
P46087	812	392,393,394,395,396,397,398,416,443,460
O95755	333	64,65,66,67,68,69,70,71,112,113,114,115,116,171,172,173,174
Q6PII5	290	54,56,58,59,110,134,172
Q8NG66	645	35,36,37,38,39,40,41,42,43,61
Q149N8	1683	373,374,375,376,377,378,379,380
Q86XE3	530	245,247,249,251,253,256,483,485,487,489,494
Q9H8W4	249	158,161,175,178,183,186,204,207
P09105	142	59,88
Q9H825	291	89,93,204,230,256
P39086	918	531,533,538,704,705,753
Q9Y276	419	230,231,232,233,234,235,236,237
P46597	345	147,164,210,235,236,237,252,256,302,306
Q9UPY5	501	135,244
Q8N7N1	296	105,131,132,133,194,213
Q8WXI4	607	91,92,93,120,121,122,181,271,272,273
P31513	532	9,10,11,12,13,32,40,41,60,61,62,195,196,197,198
Q96QT4	1865	1624,1648,1720,1753,1769,1777,1794,1795,1796,1797,1798,1799,1800,1810,1812,1816
Q12907	356	96,131,162,164,165,166,190,193,260,261,262
P19113	662	81,194
Q5VT25	1732	83,84,85,86,87,88,89,90,91,106
Q13395	1621	1543,1544,1545,1566,1586,1587,1588,1589,1590,1591,1592,1593,1594,1595,1600
P00441	154	47,49,64,72,81,84,121
P01911	266	86,90,110,111,122
O94811	219	61,72,80,83
P09601	288	18,25,134,183
Q9BZG8	443	110,214,342
P49902	561	52,54,144,154,202,206,215,249,250,251,292,351,362,436,453,456,457
P50613	346	18,19,20,21,22,23,24,25,26,41
O00764	312	12,47,113,118,148,150,151,152,153,186,187,226,227,228,233,234,235
Q9Y572	518	27,28,29,30,31,32,33,34,35,50
P13535	1937	181,182,183,184,185,186,187,188
P10620	155	38,73,74,76,81,121
P20061	433	142,143,144,145,146,186,240,289,385,386,402,403,404,411,433
Q86YV6	388	112,113,114,115,116,117,118,119,120,135
P80192	1104	150,151,152,153,154,155,156,157,158,171
P33176	963	85,86,87,88,89,90,91,92
Q9NZJ6	369	124,154,175,222
Q9Y4G8	1499	135,136,137,138,139,140,141,142,143,144,145,146,147,148,149,150,151,152,153,154,155,156,157,158,159,160,161,162,163,164,165,166,167,168,169,170,171,172,173,174,175,176,177,178,179,180,181,182,183,184,185,186,187,188,189,190,191,192,193,194,195,196,197,198,199,200,201,202,203,204,205,206,207,208,209,210,211,212,213,214,215,216,217,218,219,220,221,222,223,224,225,226,227,228,229,230,231,232,233,234,235,236,237,238,239,240,241,242,243,244,245,246,247,248,249,250,251,252,253,254
P45974	858	199,202,209,219,221,222,223,224,232,259,261,264
Q96T66	252	14,15,22,56,90,93,135,137,140,147,148,167,198,203,204,205,206
P27448	753	62,63,64,65,66,67,68,69,70,85
Q6P1Q9	378	78,82,188,213,239,240,260
Q6ZN66	633	45,46,47,48,49,50,51,52,67,68,69,97,98,99,100,101
O75900	390	211,215,221
Q9P241	1426	438,439,440,730,772,796,840,920,921,922,996,997,998,999,1000,1001,1002,1003,1030,1036,1056,1059,1060,1364,1365,1366,1367,1368,1369,1370,1371
Q9H4F8	434	372,374,376,378,383,409,411,413,420
Q6UB35	978	423,424,425,426,427,428,429,430
O75191	536	99,170,280,281,355,441,442,445
P10398	606	99,112,115,125,128,133,136,144,316,317,318,319,320,321,322,323,324,336
O00217	210	111,114,117,121,150,153,156,160
P49448	558	84
A1Z1Q3	425	77,78,79,90,91,92,97,98,99,100,101,102,185,186,187,188,189,190,191,224
Q5SRE7	291	102,141,156,157,158,174,246,248,257
Q96GX5	879	41,42,43,44,45,46,47,48,49,62
O75414	186	19,68,96,102,116,126
Q8N3Y7	309	44,45,46,47,48,49,50,51,52,53,54,55,56,57,58,59,60,61,62,63,64,65,66,67,68,177
Q9NZC3	331	97,99,174
Q96S99	279	158,161,175,178,183,186,204,207
Q9NQT8	1826	103,104,105,106,107,108,109,110
Q9H4E5	214	31,32,33,34,35,36,46,47,48,49,50,51,52,53,75,76,77,78,79,133,134,135,136,177,178
Q13363	440	100,180,181,182,183,184,185,204,237,238,239,240,241,242,243,264,265,266,290,315,316,317,318
Q4G176	576	202,203,204,205,206,207,208,209,210,457,471,563
Q6P1R4	473	23,24,25,79,147,175,208,209,210,232,233
P98194	919	303,304,306,308,644,648,738,742
P20226	339	167,203,218,257,294
Q14088	237	43,44,45,46,47,48,49,50,91,92,93,94,95,151,152,153,154
Q9BYP7	1800	227,228,229,230,277
P06746	335	60,62,65,101,103,106,149,180,183,189,190,192,256
Q8WV93	481	136,137,138,139,140,141,142,143,209,210,211,212,213,214
Q7L5L3	318	71,73,86
Q6PIL6	250	133,135,137,144,169,171,173,175,180,217,219,221,228
O60909	372	150,151,152,153,154,189,190,191,217,218,278,280,281,282,283,311,312,313,323
Q92932	1015	913,945,946,947,948,949,950,951,990
Q495T6	779	135,613,617,676
Q8TDR2	534	208,209,210,211,212,213,214,215,216,231
P28845	292	41,42,43,44,45,46,47,48,49,50,51,52,53,54,55,56,57,58,59,60,61,62,63,64,65,66,67,92,93,119,120,121,170,183,184,185,186,187,218,219,220,221,222
Q9BUA6	226	97,99,101,108
Q9NS00	363	94,138,139,140,146,169,171,285,309,310
Q16445	453	84,147
Q53GS9	565	136,139,155,161
Q8NBW4	561	134
P52790	923	95,96,97,98,99,100,101,102,103,104,168,185,186,221,222,245,248,273,304,305,306,307,426,427,428,438,439,542,543,544,545,546,547,609,610,626,627,662,663,686,688,689,714,748,753,754,790,791,792,793,794,867,868,869,870,871,872,873,903
P10114	183	10,11,12,13,14,15,16,17,57,58,59,60,61,116,117,118,119
Q8N119	569	117,283,287,293
Q15286	201	15,16,17,18,19,20,21,22,23,33,34,35,36,37,38,39,40,63,64,65,66,67,120,121,122,123,150,151,152
Q96M32	723	377,378,379,380,381,382,432,433,434,435,436,437,438,439,440,441,442,443,444,445,446,447,448,449,450,451,452,453,454,455,482,483,484,485,489,555,587
P51153	203	15,16,17,18,19,20,21,22,23,63,64,65,66,67,121,122,123,124
Q86Y07	508	35,36,37,38,39,40,41,42,43,61
Q8IUQ4	282	98,105,117,121,128,135,147,152
Q9HAU8	725	326,327,328,329,330,353,357,376
Q8WUD6	406	64,111,114,119,132,136
Q15796	467	74,149,161,166
Q9H089	658	212,213,214,215,393,394,395,396,397,398,399,400,437,438,439,440
P11413	515	38,39,40,41,42,43,44,45,72,147,171,201,202,203,204,205,239,258,357,360,365,366,370,393,395,401,402,403,421,422,423,487,503,509
O43318	606	42,43,44,45,46,47,48,49,50,63
Q9UL25	225	26,27,28,29,30,31,32,33,34,74,75,76,77,78,132,133,134,135,162,163,164
Q9UBK7	228	28,29,30,31,32,33,34,35,76,77,78,79,80,133,134,135,136
Q6IS24	598	192,223,246,248,378,381,386
Q14257	317	74,76,78,85,110,112,114,116,121,164,173,199,201,203,210,240,242,244,246,251,276,278,280,282,287
Q53HV7	270	84,98,163,239
P14625	803	107,149,162,199
Q969S8	669	20,172,174,265,305
O95571	254	79,135,154
P78549	312	282,289,292,298
P37173	567	250,251,252,253,254,255,256,257,258,277
Q8NDH3	523	260,265,283,342,344
O00754	1011	72,74,196,446
Q13177	524	255,256,257,258,259,260,261,262,263,278
Q8TDX7	302	40,41,42,43,44,45,46,47,48,63
Q96SZ6	601	109,145,183,258,262,265
Q32P28	736	587,589,659
Q8IWZ5	723	290,293,313,318
P08648	1049	262,269,280,282,284,286,288,334,336,338,340,342,401,403,405,407,409,465,467,469,471,473
O75600	419	134,135,159,206,262,263,264,265,295,296,389
O14829	653	172,174,201,233,285,403,579,581,583,590,619,621,623,625,630
Q9BYZ2	381	101,102,103,104,105,106,148,155,187,218,297
Q9HC10	1997	976,982,1038,1040,1046,1508,1514,1563,1565,1571,1836,1839,1842
P35575	357	83,170
Q96EY1	480	236,239,253,256,275,278,289,292
P29762	137	132,133,134
O00244	68	12,15
O43581	403	166,172,225,227,230,233,297,303,357,359,362,365
Q09472	2414	347,351,364,369,378,382,388,393,402,406,411,414,1398,1399,1400,1410,1411,1457,1462,1466,1670,1673,1683,1686,1692,1695,1701,1703
Q8TCD5	201	10,12,18,44,65,99,134,145
P56199	1179	498,500,502,506,580,582,584,588,642,644,646,650
O43529	356	127,128,129,130,131,132,133,189,190,191,192,193,194,195,196,197
P43166	264	96,98,121,201,202
P46459	744	505,506,507,508,509,510,545,546,547,548,549,550,551,552
P20933	346	234,235,236,237,257,258,259,260
P49759	484	167,168,169,170,171,172,173,174,175,191
P62875	67	7,10,44,45
Q86SG6	692	10,11,12,13,14,15,16,17,18,33
Q8NFU1	509	10,293,296,301,304
Q8TAI7	183	16,17,18,19,20,21,32,33,34,35,36,37,38,63,119,120,121,122,149,150
P37231	505	314,315,316,317,351,477,501
Q15375	998	639,640,641,642,643,644,645,646,647,665
Q9UHY7	261	16,18,153,154,187,212
Q9BQC3	489	89,110,341
Q5T6V5	341	53,237,239,314,315,319
P68363	451	11,71,140,144,145,179,206,228
P16471	622	211,212
Q9BX63	1249	185,186,187,188,189,190,191,192,283,298,310,350
Q8IY37	1157	275,276,277,278,279,280,281,282
Q7KZN9	410	152,226,326,387
Q49AG3	693	132,135,152,157
Q9C035	493	95,98,117,123
Q12797	758	91,93,95,97,102,625,668,679,688,689,690,725,735
P11802	303	12,13,14,15,16,17,18,19,20,35
Q70EK9	711	195,197,236,239,249,252,257,262,266,272,285,288
Q07002	474	150,151,152,153,154,155,156,157,158,173
Q9Y663	406	162,163,164,165,166,184,185,186,187,188,189,190,215,216,217,218,243,251,255,256,257,258,259,283,284,367,368,369,370,371,372
A2PYH4	1435	303,304,305,306,307,308,309,310
Q9BXU1	1019	716,717,718,719,720,721,722,723,724,737
Q16769	361	159,202,330
P17301	1181	499,501,503,507,563,565,567,571,627,629,631,635
Q92737	203	11,12,13,14,15,16,17,18,59,60,61,62,129,130,131,132
Q9NRP7	1315	10,11,12,13,14,15,16,17,18,33
Q9Y2K2	1321	72,73,74,75,76,77,78,79,80,95
O95340	614	52,53,54,55,56,57,79,80,81,82,91,96,97,98,99,122,123,161,174,175,197,409,410,411,412,511,512,513,514,515,553
P62745	196	12,13,14,15,16,17,18,19,59,60,61,62,63,117,118,119,120
Q16513	984	663,664,665,666,667,668,669,670,671,686
Q9Y5M8	271	71,72,73,74,75,76,77,78,79,92,93,94,95,120,248
Q96A23	557	170,176,232,234,240
O75521	394	66,67,68,69,70,92,111,198,199,200,201,202
P11055	1940	179,180,181,182,183,184,185,186
Q8IY92	1834	296,299,314,318,336,339,352,356
Q16854	277	45,46,47,48,49,50,51,52,53,70,100,111,118,142,147,206,207,208,211,254,255,256
O95154	331	44,113,143,144,169,198,199,200,201,202,203,204,205,206,207,208,222,232,235,290,291,292,293,294,295,296,297,298
O60762	260	32,34,36,63,65,118,119,120,147,234,240
Q6NUN0	579	230,231,232,233,234,235,236,237,238,368,369,370,371,372,373,455,470,566
P59046	1061	217,218,219,220,221,222,223,224
Q5TFG8	222	18,21,33,37
Q9HCN4	374	29,30,31,32,33,34,189,190,191,192
Q92523	772	555,556,557,558,559,560,561,562,563,564,565,566,567,589,602
Q86TA1	216	82,87,164,169
P02452	1464	1277,1279,1280,1282,1285
Q9UM73	1620	1124,1150,1197,1198,1199,1270
P25490	414	298,303,316,320,327,330,343,347,355,360,373,377,385,390,403,407
P07954	510	145,146,147,176,177,178,179,186,187,188,234,366,371,372,373
Q9UMR2	479	119,138,139,140,141,142,143,144,145,429,432
Q5T2N8	411	177,178,179,180,181,182,183,184
P17405	631	208,210,280,320,427,459,461
Q86XP0	818	38,44,94,96,102,330,331
Q9UQ07	419	10,11,12,13,14,15,16,17,18,33
Q8N4C6	2090	245,246,247,248,249,250,251,252,300,301,302,303,304,420,421,422,423
Q3B8N2	356	82,83,84,85,86,87,88,288,289,290,291,292,293,294
Q9UEW8	545	69,70,71,72,73,74,75,76,77,92
O00602	326	262,264,266,268,282,283,284
Q8N594	471	349,351,362
P13498	195	94
Q96F44	468	92,95,114,120
Q7L0Q8	258	56,57,58,59,60,61,62,63,103,104,105,106,107,161,162,163,164
Q8TDD1	881	140,141,142,143,144,145,146,147
O14684	152	38,73,74,75,76,77,113,117,126,127,128,129,130
P0CE71	109	52,54,56,58,63,91,93,95,97,102
Q9GZZ1	169	31,75,77,78,79,80,81,82,83,84,85,86,87,88,89,90,117,118,119,120,121,122,123,124,125,126,138,139,140,141
O60701	494	11,12,13,14,15,16,36,41,89,90,91,92,93,130,131,132,161,162,163,164,165,220,221,222,223,224,260,267,268,269,270,271,272,273,276,277,278,279,338,339,346,442
O43795	1136	108,109,110,111,112,113,114,115
Q9NRG4	433	17,18,19,52,55,65,68,74,78,86,90,137,206,207,258,259,260
P39060	1754	1572,1574,1582,1647
P10109	184	106,112,115,152
O94762	991	26,28,30,34,53,55,56,57,58,59,411,427,431,434
Q8N3T1	639	231,260,283,285,417
P31749	480	14,15,16,17,18,19,23,24,25,53,86,156,157,158,159,160,161,162,163,164,179
Q9UDY6	481	99,102,121,127
P09972	364	56,147
Q9H790	373	92,343,346,352
P27361	379	48,49,50,51,52,53,54,55,56,71
P16870	476	114,117,248
Q8NB90	893	394,395,396,397,398,399,400,401,668,669,670,671,672,673,674,675
P16233	465	204,207,209,212
Q96LB8	373	263,274
A0A024RBG1	181	10,18,19,20,39,40,41,50,66,70,90,91,92,116,134
O75943	681	137,138,139,140,141,142,143,144
P80303	420	254,256,258,265,306,308,310,317
Q5VT66	337	67,68,92,210,211,238,240,271,272,273,317
A8K7I4	914	156,160,167
Q9HCS2	524	468
Q7Z5P4	300	40,41,42,43,44,45,46,47,48,49,50,51,52,53,54,55,56,57,58,59,60,61,62,63,64,65,66,67,172,189
Q96BX8	217	83,88,165,170
Q9NQU5	681	413,414,415,416,417,418,419,420,421,436
P19440	569	107,399,400,401,423,451,452,474
Q96G61	164	9,17,18,19,38,39,40,49,65,69,89,90,91,115,133
Q9Y2Z2	717	43,44,45,46,47,48
P31040	664	69,72,91,92,98,100,105,221,275,296,340,407,440,451,454,456,457
P21580	790	387,392,404,407,478,483,495,498,521,524,536,539,607,612,624,627,657,662,674,677,716,721,733,736,762,767,779,782
P45954	432	174,175,176,177,178,179,180,181,182,183,207,208,209,229,283,291,292,293,294,319,330,387,388,389,390,391,416,417,418
P06280	429	203,204,205,206,207
Q6PCE3	622	73,175,332,334,336,337,434,436,448
Q86YT6	1006	85,88,100,103,109,112,118,122
O43462	519	171,175
Q5R387	149	45,47,49
Q96FJ0	436	347,349,360,362,402,408,410
Q8N4T8	237	11,12,13,14,34,35,56,83,84,85,135,148,152,181,182,183
O95502	500	347,425,426,427,437
O95716	219	29,30,31,32,33,34,35,36,37,48,49,50,51,52,53,54,77,78,79,80,81,135,136,137,138,165,166,167
P61006	207	17,18,19,20,21,22,34,35,36,37,38,39,40,63,64,65,66,67,121,122,123,124,152,153,154
Q9HBF4	777	604,607,620,623,628,631,651,654,721,724,737,740,745,748,767,770
Q9NWF9	866	515,518,537,540,605,608,623,628,633,636,643,648,675,678,693,695,700,703,716,724
P12268	514	274,275,276,324,325,326,328,329,331,364,365,366,387,388,411,412,413,414,415,441,500,501,502
Q8IW41	473	28,29,30,31,32,33,34,35,36,51
Q9HD67	2058	104,113,160,161,162,163,164,165,215
Q86TP1	453	28,30,106,179
P06756	1048	260,262,264,266,268,314,316,318,320,322,379,381,383,385,387,443,445,447,449,451
Q6IQ20	393	185,187,188,189,190,253,256,260,284,321,343,348
P27987	946	679,690,730,731,732,743,745,766,793,794,795,796,797,798,799,800,817,897,900
P12883	1935	178,179,180,181,182,183,184,185
Q9UBL9	471	81,83,196,296,300,302,319
P04350	444	11,69,138,142,143,144,204,226
Q969R5	705	90,93,110,114
Q9Y235	224	60,98,128,131
Q9HA77	564	78,79,119,257,282,286,320
Q9UKV0	1011	646,648,654,731
Q9UKP3	347	5,10,24,27,42,43,59,64,149,154,168,171,186,187,203,208
Q96S21	281	21,22,23,24,25,26,27,28,69,70,71,72,73,126,127,128,129
Q9BUF5	446	11,69,138,142,143,144,204,226
Q53T94	588	13,16,31,34
O43615	452	166,167,168,169,170,171,172,173
Q96CA5	298	124,127,144,151
Q9UHD1	332	5,10,24,27,42,43,59,64,157,162,176,179,194,195,211,216
Q96PC2	410	211,212,213,214,215,216,217,218,219
Q7L5A8	372	43,69,234,239,257,260,261,315,319,336,339,340
Q9NPF0	282	72,75,77,79,85,86,150,153,155,157,163,164
P08574	325	121,124,125,244
P02489	173	100,102,107,154
Q02809	727	656,658,708
Q92782	380	274,277,293,296,301,304,322,325,328,331,343,346,351,354,369,372
O00178	669	167,168,169,170,171,172,173,174,252,253,254,255,256,308,309,310,311
Q6NS38	261	102,103,104,122,123,124,159,161,171,173,174,236,248,252,254
Q16774	197	14,15,16,17,18,19,37,38,39,40,41,42,43,44,45,46,47,48,49,50,51,137,171,172
Q9BPW5	248	40,41,42,43,44,45,46,47,87,88,89,90,91,92,93,94,152,153,154,155
Q7KZI7	788	59,60,61,62,63,64,65,66,67,82
Q9HCI7	577	44,47,62,64,67,70,81,84
O15355	546	60,61,441,496
O75746	678	65,67,69,71,76
Q7Z5J1	315	36,37,38,39,40,41,42,43,44,45,46,47,48,49,50,51,52,53,54,55,56,57,58,59,60,61,62,87,88,114,115,116,165,178,179,180,181,182,211,212,213,214,215,216,217
Q16827	1216	1102,1136,1137,1138,1139,1140,1141,1142,1180
Q93091	150	61,62,63,64,65,86,105
P53992	1094	425,428,447,450
Q9BW85	323	43,46,80,83
Q9H477	322	25,26,27,53,54,55,56,57,154,199,235,236,237,238,239,240,256,263,265,268,269,295,301,304,306,310
Q9NW38	375	307,310,324,329,334,337,359,362
P13639	858	26,27,28,29,30,31,32,33,158,159,160,161,216,217,218
P54803	685	109,151,197,396
O95396	460	92,113,120,121,122,123,124,137,181,182,222,225,297,300
Q8WUS8	393	156
Q86YB8	467	186,188,199,251,254,286,299
P0DML3	217	44,200
P68104	462	14,15,16,17,18,19,20,21,153,154,155,156,194,195,196
Q15678	1187	1079,1121,1122,1123,1124,1125,1126,1127,1165
P48547	511	77,83,104,105,400,401,402,403
P63252	427	255
P54750	535	223,259,260,366
Q6DN14	999	277,283,330,332,338,486,492,539,541,547,642,648,694,696,702
P00813	363	15,17,19,184,214,295,296
Q9H2K2	1166	1081,1084,1089,1092
Q8NA19	623	379,384,398,404
Q9NVI7	634	400,401,402,403,404,405,406,407
P35354	604	106,341,374
P43405	635	377,378,379,380,381,382,383,384,385,402
Q9BX10	602	179,180,181,182,183,184,185,186,260,261,262,263,264,316,317,318,319
P08069	1367	1005,1006,1007,1008,1009,1010,1011,1012,1013,1033
P41279	467	144,145,146,147,148,149,150,151,152,167
Q9NP94	309	175,179,202,276
P28482	360	31,32,33,34,35,36,37,38,39,54
P28340	1107	1012,1015,1026,1029,1058,1061,1071,1076
P48039	350	162,181
P00740	461	47,48,53,54,61,63,66,67,72,73,76,82,86,93,94,96,110,111,281,283,286,288,291
P16112	2530	2381,2385,2405,2407,2408,2414,2415,2428,2429
Q08AH1	577	226,227,228,229,230,231,232,233,234,452,467,563
P36551	454	244,260,261,262,411,412,413
O60566	1050	772,773,774,775,776,777,778,779,780,795
P78368	415	52,53,54,55,56,57,58,59,60,75
P31941	199	70,101,106
Q6ZMU5	477	86,89,108,114
C9J798	803	21,27,74,76,79,82,149,155,202,204,207,210,683,694,695,705
Q96NS1	127	31,34,87,90
P84074	193	73,75,77,79,84,109,111,113,115,120,157,159,161,163,168
Q8NBL1	392	177,212,218,274,275,276,277,278,279
A0A1W2PPD8	638	133,189,191,199,207,235,241,242,277,307,309
O00116	658	234,235,236,237,238,239,240,303,304,305,306,307,308,309,316,317,318,319,368,369,370,371,372,373,374,515
Q6PJI9	974	902,905,914,917,927,938,943,946,949,960,964,966,968
Q8TE56	1095	201,389,393,399
Q9NRW4	184	89,90,92,93,94
P07949	1114	178,179,230,232,264,265,266,267,268,300,302,378,564,565,567,569,574,584,730,731,732,733,734,735,736,737,738,758,805,806,807
Q8N2W9	510	342,344,365,368
P17931	250	181,182,183,184,185,186,187
Q6IPT4	315	157,158,159,160,161,162,163,164,165,166,167,168,169,170,171,172,182,183,184,185,186,187,188,189,190,191,192,193,194,195,196,197,198,199,200,201,202,203,204,205,206,207,208,209,210,211,212,213,214
O60884	412	143,146,159,162,186,189,202,205
P48730	415	15,16,17,18,19,20,21,22,23,38
Q9HB90	399	71,72,73,74,75,76,90,94,96,178,179,181,219,220
Q9P2E3	1918	1849,1853,1869,1872
Q14166	644	450,451,452,453,468,470
Q9HCE1	1003	524,525,526,527,528,529,530,531
Q9NWV4	160	33,36,67,70
P04439	365	31,97,108,140,167,170,183,195
Q15029	972	136,137,138,139,140,141,142,143,204,205,206,207,208,258,259,260,261
Q9UK32	745	79,80,81,82,83,84,85,86,87,105,432,433,434,435,436,437,438,439,440,455
P36404	184	23,24,25,26,27,28,29,30,66,67,68,69,70,125,126,127,128
Q8IZY2	2146	841,842,843,844,845,846,847,848,1827,1828,1829,1830,1831,1832,1833,1834
P20815	502	441
A6NF34	631	84,86,150
Q16394	746	166,203,267,269,271,280,300,319,324,346,349
Q5TC82	1133	14,17,33,35,38,50,53
P14151	372	118,120,126,143,144
Q9ULP9	559	36,40,238,242,293,294,295,296,297
Q9Y4C5	530	173,174,175,176,177,178,179,332,333,334,335,336,337,338,339,340
Q92989	425	22,62,124,125,126,127,128,129
P0DMV8	641	12,13,14,15,71,202,203,204,268,269,270,271,272,273,274,275,339,340,341,342
P09455	135	41,63,109
Q9UHH9	426	207,208,209,220,222,236,237,238,239,240,241,242,243,383,386
Q8IWQ3	736	25,26,27,28,29,30,31,32,33,48
Q5TA50	214	56,60,106,110,150
Q13370	1112	737,741,821,822,937,988
Q9NY33	737	450,455,508
P02760	352	53,111,137,149
Q8WXG1	361	83,87,90
Q9UNQ0	655	80,81,82,83,84,85,86,87,184,185,186,187,188,189,190,211,243
P80404	500	163,164,165,166,220,381
Q9UHD2	729	15,16,17,18,19,20,21,22,23,38
P23919	212	16,17,18,19,20,21,97,182,192
Q01064	536	227,263,264,370
P32189	559	20,21,22,24,94,95,148,252,265,266,287,332,433,437
P98187	520	468
P0DPD7	255	26,30,41,66,88,89,113,114,130
Q9Y2P4	619	221,222,223,224,225,226,227,228,229,230,231,232
Q14249	297	172
O43306	1168	384,385,386,387,388,389,426,427,428,472,1031,1105,1106,1107,1112,1113,1114,1115,1116,1152
P08908	422	116,120,314,345,346,352,403,404,405
Q07973	514	462
Q96DA2	213	15,16,17,18,19,20,21,22,23,64,65,66,67,68,123,124,125,126
P16298	524	99,101,127,159,208,290
Q13474	957	610,613,634,637
Q9NYZ4	499	23,72,73,74,75,125,134,135,136,137,138
P51649	535	202,203,204,213,228,229,230,231,284,285,286,287,288,289,306,334,438,439,440,498
Q8NFD2	765	28,29,30,31,32,33,34,35,36,51
O94832	1006	102,103,104,105,106,107,108,109
O75469	434	247,285,286,287,288,407
P11309	313	44,45,46,47,48,49,50,51,52,67,121,128
Q9H8S9	216	79,84,161,166
Q9NRG7	293	31,32,58,59,77,82,160
P09622	509	71,72,73,74,75,76,77,78,79,80,89,154,183,184,185,220,221,222,223,224,225,226,227,243,278,314,355,361,362,363,364
Q8NCE2	650	333,334,335,336,382
Q86V24	386	202,348,352
O94761	1208	502,503,504,505,506,507,508,509,853,855,897,900
O95208	641	8,11,25,30,63,73
Q13164	816	61,62,63,64,65,66,67,68,69,84
P17540	419	162,163,164,165,166,225,270,326,354,355,356,357,358,359,369
A6NNS2	312	47,49,192,196,227
P28838	519	202,203,205,282,287,292,294,303,305,364,366
P42285	1042	139,161,162,163,164,165,166,167,168
O60337	910	9,12,26,28,36,39,52,55
O94851	1124	97,116,117,118,123,124,125,183,298,398,1002,1005,1023,1026,1029,1032,1052,1055
Q9UPQ3	857	78,79,80,81,82,83,84,85,122,123,124,125,126,178,179,180,181
Q15047	1291	729,731,735,741,743,781,785,787,792,813,814,815,851,853,1220,1223,1224,1226,1279,1281,1286
Q13107	963	461,464,799,802
P47712	749	40,41,43,65,93,94,95
Q6ZVD8	1323	820,821,985,1024
Q14807	665	127,128,129,130,131,132,133,134
P21802	821	487,488,489,490,491,492,493,494,495,517,565,566,567,571
P17050	411	78,79,154,188,213,217
O75923	2080	18,19,21,40,1168,1174,1230,1232,1594,1600,1649,1651,1914,1917,1920
Q99798	780	99,192,193,194,385,448,451,474,479,607,670,671
P16591	822	569,570,571,572,573,574,575,576,577,591
P54315	467	205,208,210,213
P35914	325	41,42,233,235,275
Q9UBZ4	518	8,48,197,199,303,304,469,472,495,509
Q7Z614	316	116,118,143,157
Q17RS7	908	30,75,134,136,155,157,208
P84077	181	24,25,26,27,28,29,30,31,32,126,127,128,129,160
Q9Y3S1	2297	205,275,276,277,278,325
Q14416	872	145,166,167,168,216,295,377
Q6H8Q1	611	83,86,103,106,109,112,131,134,212,215,232,235,238,241,260,263
Q9C026	710	168,171,193,198,229,232,252,258
Q9H3R1	872	604,605,606,607,608,702,823,824,825,826,827
Q9H2A9	424	198,199,200,201,202,203,204,258,259,260,261,262,263,264,265,266
P13196	640	217,334,353,386,414,442,474,475,562
Q9Y6X9	1032	39,87,88,89,99,100,101,102,103,104,105,427,499,502,525,536
Q16829	419	331,332,333,334,335,336,337
Q6ZNA4	994	942,945,965,968
Q4VC12	460	105,108,124,127,133,137,145,149
Q9NPZ5	323	87,88,89,118,155,160,185,186,187,300,301,302
O95620	317	33,34,35,87,158,186,216,217,218,240,241
Q8NHH1	800	249,255,256,282,283,284,285,295,296,297,321,343,344,345,346,365,428,441,443,473
Q8IV77	575	414,417,430,431
Q8NFT2	490	38,39,40,41,60,61,93,94,95,96,97,98,99,100,118,151,152,160,229,281,302,316,319,378,395,409
Q8N0Z8	303	130
P13637	1013	707,711
O43813	399	276,317,322,323,364,365,366,367
Q5H9U9	1706	765,766,767,768,769,770,771,772
Q16719	465	137,138,165,166,167,168,221,250,253,275,305,333
P53667	647	345,346,347,348,349,350,351,352,353,368
Q9H479	309	89,90,91
Q14165	292	82,104,131,132,201
Q709F0	780	504,505,506,507,508,509,510,511,512,513,514,538,539,540,629,630,631,632,657,727,728,729,730,731,755,756,757,758
P33764	101	28,33,63,65,67,69,74,83,86,87,93
Q9UKL6	214	72,78,157
P37058	310	48,49,50,51,52,53,54,55,56,57,58,59,60,61,62,63,64,65,66,67,68,69,70,71,72,73,74,75,76,77,185
Q9Y303	409	143,154,155,211,232,235,236,243,269,270,271,272,328,329,330
P01033	207	24
Q9UMY4	162	71,73,96,119
O95398	923	311,312,313,314,321,322
Q9HB55	503	442
O60841	1220	640,641,642,643,644,645,646,663,664,665,756,757,759,760,825,826
P32019	993	355,383,459,460,582,583,596,597,598
P53609	377	219,220,221,263,264,265,266,269,271,272,273,274,275,321
Q9UNA0	930	209,410,414,420
Q7L7V1	743	85,86,87,88,89,90,91,92
Q9UBZ9	1251	357,423,424,425,426,427,510,511,512,513,514,515,516,522,570,571
Q9UKJ8	722	173,341,345,351
O60568	738	44,45,46,112,113,114,115,253,256,257,258,259,599,656,667,669,676,719,729
Q9NZ71	1219	42,43,44,45,46,47,48,49,145,163,172,207
Q92729	1446	1053,1085,1086,1087,1088,1089,1090,1091,1129
P22061	227	57,58,59,60,65,89,110,111,142,143,217,222
Q92781	318	32,33,34,35,36,37,38,39,40,41,42,43,44,45,46,47,48,49,50,51,52,53,54,55,56,163
P16615	1042	304,305,307,309,351,353,442,489,514,559,624,625,626,677,683,702,705,767,770,795,798,799,907
O96028	1365	1016,1018,1026,1032,1041,1046,1052,1075,1115,1116,1117,1118,1141,1142,1144,1186,1191,1192,1193,1198
P54753	998	639,640,641,642,643,644,645,646,647,665
P07947	543	283,284,285,286,287,288,289,290,291,305
Q8TE58	950	174,361,365,371
P08514	1039	274,276,278,281,283,328,330,332,334,336,396,398,400,402,404,457,459,461,463,465
Q8IY81	847	56,58,76,92,117
Q9NQI0	724	332,333,334,335,336,337,338,339
P34903	492	119,182
P55040	296	82,83,84,85,86,87,88,89,191,192,193,194
O00408	941	431,446,465,488,499,660,696,697,808
P49257	510	88,121,152,154,156,178,181,251,252,253
P05186	524	60,110,173,235,290,291,306,332,337,341,378,379,454
Q14596	966	217,220,231,234,240,243,250,254
Q07343	736	406,410,446,447,564,615,618
Q00839	825	504,505,506,507,508,509,510,511
Q08043	901	773,777,779,784,809,811
Q9UL26	194	12,13,14,15,16,17,18,19,20,60,61,62,63,64,118,119,120,121,148,149,150
P60002	83	26,29,50,53
P41180	1078	66,67,68,69,70,81,84,87,88,100,145,147,168,170,231,234,297,415,416,417,557
Q8NE22	299	294
Q16342	344	135,138,146,149,155,159,168,172
P16581	610	101,102,103,104,105,106,107,108,109,113,114,115,116,117,118,126,127,128
Q99873	371	63,72,96,118,146,147
Q9BV68	311	13,16,29,32
Q96KC2	179	23,24,25,26,27,28,29,30,31,66,67,68,69,70,125,126,127,128,159
Q9H2P9	285	9,84,87,112,113,163,225,250
Q9P2R3	1169	1110,1113,1126,1129,1134,1137,1156,1159
Q6DHV7	355	24,26,28,74,106,107,108,109,148,181,208,211,293,294
O75603	506	81,87,91,118,121,130,157,159
P61018	213	15,16,17,18,19,20,21,22,23,63,64,65,66,67,121,122,123,124,151,152,153
Q13464	1354	82,83,84,85,86,87,88,89,90,105
P51659	736	13,14,15,16,17,18,19,20,21,22,23,24,25,26,27,28,29,30,31,32,33,34,35,36,37,40,75,76,99,151,164,165,166,167,168,196,197,198,199,406,407,435,510,511,512,513,514,515,533,563,706,724
Q99743	824	119,171
O00757	339	18,28,29,30,31,32,69,98,113,114,119,121,122,141,213,214,215,216,245,246,247,248,249,265,275,281
Q92994	677	6,9,25,28
Q9UBM7	475	358,362,395,400,407,408,447,451,452,453,454,455,462
P11473	427	24,27,41,44,60,66,76,79,143,237,274,278,305,397
Q96SZ5	270	112,114,193
Q86YS6	212	25,26,27,28,29,30,31,32,73,74,75,76,77,131,132,133,134,163,164
Q9Y3D2	182	90,93,146,149
P04424	464	27,114,159,289,321,326,329
Q96NN9	605	109,111,128,131,201,202,203,204,205,235,240,270,467,514
Q14749	295	4,6,22,31,34,41,65,86,87,88,117,118,139,140,141,142,178,217,223,242
Q9BVS4	552	123
Q9Y6I4	520	3,5,29,32,41,44,49,56,60,82,95,98
Q2M2I8	961	52,53,54,55,56,57,58,59,60,74
O14717	391	13,14,15,34,57,58,76,376
Q9BYV7	579	226,286,357,573
O95835	1130	711,712,713,714,715,716,717,718,719,734
Q9P0U4	656	169,172,175,181,184,187,203,208
Q86XF0	187	10,16,17,18,19,20,21,22,31,32,33,34,35,36,55,56,57,71,77,78,79,117,118,119,120,121,122,123,124
O75417	2590	96,115,116,117,118,119,120,121,122,2330,2331,2540
O60423	1300	495,496,497,596,637,660,693,763,764,765,913,919,939,942,943
P28715	1186	30,77,789,791,810,812,861
P47897	775	271,272,273,277,278,279,280,281,282,283,303,438,457,486,487,494,495,496
P23443	525	97,98,99,100,101,102,103,104,105,123
Q9NSU2	314	18,20,21,129,200
O15067	1338	322,323,324,325,326,327,328,329,330,331,332,333,402,403,404,706,707,746,750,909,911
P15428	266	12,13,14,15,16,17,18,19,20,36,37,63,64,65,91,138,148,151,152,153,154,155,186,187,188
Q9Y2W7	256	175,177,179,181,186,223,225,227,234
Q9HA64	309	89,90,91
Q9H1B5	865	239,267,296,297,298,400,401,481,504,505
P01116	189	10,11,12,13,14,15,16,17,18,29,30,31,32,33,34,35,59,60,116,117,118,119
Q13613	665	351,376,377,439,440,441,442,443,444,484
Q9UK22	296	210,211,212,278,279
Q96Q83	286	115,141,142,143,179,180,181,191,193,194,257,269,270,271,272,273,274,275
Q08257	329	53,158,159,160,161,181,200,229,246,247,248,249,269,270,271
Q13303	367	56,57,63,85,158,188,189,214,243,244,245,246,247,248,254,262,264,323,325,329,332,333
Q8TAS1	419	29,30,31,32,33,34,35,36,37,54
O75164	1064	132,188,190,198,206,234,240,241,276,306,308
Q86XP3	938	297,298,299,300,301,302,303,304
Q5KU26	742	644,646,650,670,674,691,694,696,697,706,707,718,719,731
Q86X52	802	633,747
Q9BSD7	190	9,10,11,12,13,14,15,16,109,110,111,112,113,114,115,116
Q5SGD2	360	128,129,302,342
Q687X5	459	27,28,29,30,49,50,67,81,82,83,84,85,106,139,140,148,171,217,269,290,304,307,366,383,397
P61647	398	214,236,237,238,322,323,324
O00418	725	296,297,298,299,300,301,302
Q8TAC1	157	57,59,80,83
P49585	367	84,85,92,122,151,168,169,173,195,196,197,200
P59045	1033	153,154,155,156,157,158,159,160
Q9NYA1	384	22,23,24,54,55,56,57,58,79,80,81,82,86,111,112,113,178,185,191,341,342,343
Q8N6N7	88	15,30,31,32,33,34,56,75
P34913	555	9,11,123,124,185,383
Q92543	992	582,629
P0CE72	109	52,54,56,58,63,91,93,95,97,102
Q7Z3T8	1539	753,756,769,772,777,780,797,800
Q9UH03	358	68,69,70,71,72,73,74,75,102,208,209,210,211,212,213,214,215,216,265,280
Q96PR1	638	124,130,151,152,437,438,439,440
O00311	574	64,65,66,67,68,69,70,71,72,90
O43286	388	169,170,171,172,173,208,209,210,235,236,264,296,298,299,300,301,329,330,340
P51575	399	68,70,140,186,286,290,292,309
O15194	276	112,114,223
Q04609	750	210,257,269,272,377,387,424,425,433,436,453,517,518,519,534,535,536,552,553,699,700
Q96FQ6	103	67,69,71,73,78
P05771	671	186,187,193,246,247,248,251,252,254,348,349,350,351,352,353,354,355,356,371
Q96D53	544	219,237,324,325,326,327,372,386
P60323	173	58,61,74,85,93,96,104,109
Q6P9G0	228	52,83
Q9BXS1	227	36,40,51,70,74,87,146,148
Q7Z2K6	904	205,217,252,278,354
P49588	968	77,95,176,214,215,216,239,243,605,609,723,727
Q86SG5	101	18,28,38,63,65,66,67,69,74,87,91
Q9BYJ1	711	408,413,588,592,711
O95630	424	335,337,348,350,390,396,398
P28330	430	170,171,172,173,174,175,176,177,178,179,203,204,205,227,228,282,289,290,291,292,317,328,385,386,387,388,389,412,413,414,415,416
Q9H0A0	1025	287,288,289,290,291,292,293,294,295,296,470,629,630,631,636,637,638,639,640,641,642,725
Q8N4C8	1332	31,32,33,34,35,36,37,38,39,54
Q9BUQ8	820	435,436,437,438,439,440,441,442
Q5FVE4	666	230,231,232,233,234,235,236,237,238,418,419,420,421,422,423,496,624
P18858	919	566,573,621,720,725,744
Q8TCD6	241	8,10,19,99,179
Q01432	767	317,319,388,389,390,391,392,393,586,589,663,664,665,666,667
P08263	222	9,45,54,55,67,68
Q96GD0	296	25,27,58,59,60,182,213,238
Q3KQV9	507	111,112,113,114,125,199,225,226,256,380,410
Q8IUA7	1624	517,518,519,520,521,522,523,524,1326,1327,1328,1329,1330,1331,1332,1333
Q14406	222	44,205
Q5S007	2527	1341,1342,1343,1344,1345,1346,1347,1348,1885,1886,1887,1888,1889,1890,1891,1892,1893,1906,2098,2099,2100,2101,2102,2103,2104,2105,2106,2107,2108,2109,2110,2111,2112,2113,2114,2115,2116,2117,2118,2119,2120,2121,2295,2296,2297,2298
P46439	218	7,8,46,47,48,49,50,59,60,72,73,116
P09769	529	269,270,271,272,273,274,275,276,277,291
Q8TDN7	264	13,14,16,18,27,77,206,210
Q2Y0W8	1093	167,169
Q8N0W3	1084	834,835,836,837,838,839,840,841,842,843,844,845
Q9BQE3	449	11,71,140,144,145,179,206,228
P48740	699	68,76,121,123,139,140,142,159,160,163,235,245,282,284
Q13255	1194	74,165,186,187,188,236,318,409
P11801	424	104,105,106,107,108,109,110,111,112,127
Q9NP87	494	330,332,418
Q9UIF7	546	287,294,297,303
P17612	351	50,51,52,53,54,55,56,57,58,73,122,123,124,125,126,127,128,169,170,171,172
P07195	334	31,32,33,34,35,36,37,38,39,40,41,42,43,44,45,46,47,48,49,50,51,52,53,100,107,139,170,249
Q6AZZ1	485	98,101,120,126
Q00994	111	108
Q9BSA4	534	113,116
P29317	976	619,620,621,622,623,624,625,626,627,646
P06396	782	92,93,124,136,141,143,162,163,164,165,166,167,168,169,172,188,189,190,191,192,193,194,195,196,213,214,236,286,329,330,354,471,472,502,514,519,521,551,591,592,614,696,697,719
Q9Y4W6	797	310,311,352,353,354,355,356,490,574,578,649
Q02779	954	104,105,106,107,108,109,110,111,112,125
Q9H7B4	428	14,15,16,49,52,62,65,71,75,83,87,124,132,181,205,206,239,259
Q13268	280	46,48,172,185,189,220
Q86U28	154	79,144,146
Q96L34	752	65,66,67,68,69,70,71,72,73,88
P42680	631	121,132,133,143,376,377,378,379,380,381,382,383,384,398
P41595	481	135,140,209
P51797	869	157,489,576,630,631,632,849,850,851,852
P21917	419	80,115,122,196
P38606	617	250,251,252,253,254,255,256,257
P58215	753	607,609,611
P19784	350	46,47,48,49,50,51,52,53,54,69
Q14183	400	120,126,181,183,282,288,342,344,350
Q12852	859	131,132,133,134,135,136,137,138,139,152
Q12899	539	102,105,124,130
A1L3X0	281	124,137,139,142,147,187,204,208,211,266
O15315	384	108,109,110,111,112,113,114,115
P03372	595	353,394,524
Q8IYU8	434	185,187,189,191,193,196,375,377,379,381,386
Q7Z4W1	244	11,12,13,14,15,16,17,18,19,20,21,22,23,24,25,26,27,28,29,30,31,32,33,34,35,36,37,38,39,40,136,153
P30626	198	83,85,87,89,94,113,115,117,119,124
Q96MI6	270	125,126
O43896	1103	97,98,99,100,101,102,103,104
Q5T160	578	133,134,135,144,322,326,350
O95477	2261	933,934,935,936,937,938,939,940,1946,1947,1948,1949,1950,1951,1952,1953
P35609	894	766,770,777,802,804,808
Q15131	360	45,46,47,48,49,50,51,52,53,68
P50876	292	20,23,43,46,111,116,135,138,143,146,151,156,185,188,203,206,211,214,226,232
Q9UBT2	640	24,25,26,27,28,29,48,56,57,58,59,72,95,96,117,118,119,120,121,122,158,161,441,444
P22748	312	115,117,140,225,226
P0DMN0	295	48,49,50,51,52,53,86,106,107,108,130,138,146,193,227,228,229,230,231,232,257,258,259
Q03519	686	503,504,505,506,507,508,509,510
Q9NNX6	404	347,349,351,354,365,366
P78325	824	334,338,344
Q6ZMQ8	1374	131,132,133,134,135,136,137,138,139,156
P02461	1466	1280,1282,1283,1285,1288
Q6NVY1	386	121,146,169,177
P31321	381	137,138,139,140,141,142,143,144,145,146,147,148,149,150,151,152,153,154,155,156,157,158,159,160,161,162,163,164,165,166,167,168,169,170,171,172,173,174,175,176,177,178,179,180,181,182,183,184,185,186,187,188,189,190,191,192,193,194,195,196,197,198,199,200,201,202,203,204,205,206,207,208,209,210,211,212,213,214,215,216,217,218,219,220,221,222,223,224,225,226,227,228,229,230,231,232,233,234,235,236,237,238,239,240,241,242,243,244,245,246,247,248,249,250,251,252,253,254,255,256,257,258,259,260,261,262,263,264,265,266,267,268,269,270,271,272,273,274,275,276,277,278,279,280,281,282,283,284,285,286,287,288,289,290,291,292,293,294,295,296,297,298,299,300,301,302,303,304,305,306,307,308,309,310,311,312,313,314,315,316,317,318,319,320,321,322,323,324,325,326,327,328,329,330,331,332,333,334,335,336,337,338,339,340,341,342,343,344,345,346,347,348,349,350,351,352,353,354,355,356,357,358,359,360,361,362,363,364,365,366,367,368,369,370,371,372,373,374,375,376,377,378,379,380,381
Q6Q4G3	990	240,379,380,381,382,383,415,419,438
Q8WWZ7	1642	514,515,516,517,518,519,520,521,1333,1334,1335,1336,1337,1338,1339,1340
Q9NQG6	463	187,189,201,340,342,368
P80511	92	16,19,22,24,26,27,32,62,64,66,68,73,86,90
Q8IXJ6	389	85,86,87,88,89,95,96,97,167,168,169,170,195,200,221,224,262,263,286,287,288,324
P13674	534	429,431,500,510
P00519	1130	248,249,250,251,252,253,254,255,256,271,316,317,318,319,320,321,322
Q9Y2H1	464	96,97,98,99,100,101,102,103,104,119
Q7Z6V5	191	71,107,110
Q6PK18	319	230,232,288,298
Q9UET6	329	53,55,75,91,116
P22087	321	172,173,191,192,216,217,236,237,238,239
P16152	277	10,11,12,13,14,15,16,17,18,19,20,21,22,23,24,25,26,27,28,29,30,31,32,33,34,63,64,90,95,96,97,106,140,193,194,195,196,197,198,231,232,233
Q7L014	1031	416,417,418,419,420,421,422,423
P43155	626	419,423,424,425,426,427,428,429,430,452,454,456,465,504,555
P12104	132	83,107
Q16281	694	548,549,551,564,565,609
Q8N4J0	409	164,167,208,229,295,296,312,316,324,347,398
Q8N5Y8	322	152,182,254
Q6MZW2	842	187,189,191,193,198
P08253	660	102,134,168,178,180,185,186,193,200,202,204,206,208,209,211,403,407,413,476,521,569,618
Q9NQA5	729	542
Q8NI60	647	340,358,445,446,447,448,493,507
Q13206	875	89,90,91,96,113,114,115,116,117,118,119,120
P28300	417	292,294,296
Q96LZ3	170	31,33,35,37,42,63,65,67,69,74,100,102,104,106,111,141,143,145,147,152
P29992	359	46,47,48,49,50,51,52,53,180,181,182,183,186,274,275,276,277,331
Q86VU5	262	108,110,111,116,134,135,163,185,187,194
Q8N4Z0	218	16,17,18,19,20,21,22,23,24,40,41,42,43,44,45,46,70,71,72,73,74,129,130,131,132,159,160,161
Q13686	389	144,175,176,177,220,221,222,231,233,287,338,339,340,341,342,343,344
Q9UBN7	1215	1113,1115,1133,1136,1145,1148,1153,1160,1164,1170,1183,1186
Q9H1K0	784	163,166,179,182,187,190,252,255
P54646	552	22,23,24,25,26,27,28,29,30,45
O00767	359	75,120,125,148,155,156,157,160,161,188,189,262,269,298,301,302
Q9Y4K0	774	549,550,626,628,630,722,724,727,728
Q8NE71	845	336,337,338,339,340,341,342,343,658,659,660,661,662,663,664,665
Q68DD2	849	60,66,116,118,123
O94812	1187	211,217,295,297,1040,1041,1047,1105,1107,1110,1113
P14616	1297	985,986,987,988,989,990,991,992,993,1013
Q6P2I3	314	159,161,190
Q08881	620	121,132,133,143,369,370,371,372,373,374,375,376,377,391
O75449	491	249,250,251,252,253,254,255,256
Q9H9B1	1298	1062,1064,1068,1073,1075,1105,1109,1111,1115,1136,1137,1138,1173,1200,1201,1203,1256,1257,1258,1263
Q9P289	416	30,31,32,33,34,35,36,37,38,53
Q01813	784	34,97,98,127,128,129,130,173,174,175,210,217,218,219,273,301,307,308,309,310,481,538,539,540,541,542,576,583,584,585,639,665,671,672,673,674,744
Q01740	532	9,10,11,12,13,32,40,41,60,61,62,195,196,197,198
P57729	211	16,17,18,19,20,21,22,23,65,66,67,68,69,127,128,129,130
Q8N7B9	438	96,98,100,102,107
O14782	793	97,98,99,100,101,102,103,104
O00214	317	69,79,89,249,250,251,252,253,254,255
P51160	858	97,116,169,170,171,172,176,566,602,603,723
A6NKP2	422	180
Q6N021	2002	1133,1135,1193,1219,1221,1261,1271,1273,1289,1298,1358,1374,1380,1382,1384,1387,1416,1881,1896,1897,1898,1902,1903,1904,1912
Q08209	521	90,92,118,150,199,281
P26358	1616	353,356,414,418,653,656,659,664,667,670,686,691,1146,1150,1151,1168,1169,1190,1191,1578,1580
O43151	1795	57,60,63,69,72,75,84,89,828,830,888,914,916,956,966,968,984,993,1053,1069,1075,1077,1079,1082,1111,1673,1688,1689,1690,1694,1695,1696,1704
P25874	307	56,269
Q9HBH1	243	71,169,171,172,214,218
Q9P0V9	454	73,74,75,76,77,78,79,80,128,209,210,211,212,213,214,215,216,217,263,278
Q9HA92	442	43,49,53,56,98,99,100,131,158,170,195
Q8TD86	181	156,158,160,162,167
Q8NB78	822	53,58,65,73,84,90,92,95,142,147,169,185,383,384,385,386,387,388,389,390,391,392,393,394,395,396,397,398,399,400,401,402,403,404,405,406,407,408,409,410,411,412,413,414,415,416,417,418,419,420,421,422,423,424,425,426,427,428,429,430,431,432,433,434,435,436,437,438,439,598,795,803,804,805
Q9UKX5	1188	488,490,492,496,551,553,555,559,613,615,617,621
O75340	191	36,38,40,42,47,103,105,107,109,114,169,171,173,175
Q9UJA5	497	94,95,96,97,98,99,100,101,102,103,104,145,146,147,148,149,150,151,152,153,154,175,176,177,178,179,180,181,182,349,377,415,416,417,418,419,420,421,422,423,434,435,436,437,438,439,440,441
P20062	427	104,152,153,154,155,156,190,191,192,193,194,242,245,291,395,396,397
P46531	2555	432,435,452,453,455,469,470,490,491,493,507,508,1457,1460,1475,1478
P11488	350	36,37,38,39,40,41,42,43,146,171,172,173,174,175,176,177,199,265,266,267,268,322
Q15067	660	139,178
O15091	583	348,351,409,478,479,499,557,578
Q9NZJ5	1116	599,600,601,602,603,604,605,606,607,622
Q9Y278	367	124,125,126,127,128,146,147,148,149,150,151,152,177,178,179,180,205,213,245,246,330,331,332,333,334
P62330	175	23,24,25,26,27,28,41,42,43,44,63,64,65,66,67,122,123,124,125,155,156
Q8NG06	486	96,99,118,124
Q13459	2157	239,240,241,242,243,244,245,246
Q9Y6L7	1015	242,246,252
Q9UIS9	605	176,179,182,188,191,194,210,215,225,228,231,237,240,243,257,262,338,341,344,350,353,356,372,377
Q76MJ5	926	526,527,528,529,530,531,532,533,534,548
O75154	756	215,217,219,226,247,249,258
O14744	637	324,327,333,334,392,419,420,435,444
P00966	412	10,11,12,13,14,15,16,17,18,36,87,92,115,116,117,118,119,120,121,122,123,124,127,180,189,270,282
Q6ZU15	432	59,60,61,62,63,64,65,66,114,195,196,197,198,199,200,201,202,203,249,264
Q5D1E8	599	226
P42263	894	508,510,515,686,687,737
P39877	138	47,49,51,68
Q96RJ0	339	103
Q99504	573	309,311,537
Q8NB16	471	209,210,211,212,213,214,215,216,217,230
P00325	375	47,68,98,101,104,112,175,200,201,202,203,204,205,224,229,293,294,295,370
Q5JPH6	523	40,41,42,50,76,228,229,230,231,232,246,249,284,285,286,287,288
Q9BUB5	465	55,56,57,58,59,60,61,62,63,78
Q9Y216	660	250,275,276,339,340,341,342,343,344,384
P19367	917	30,84,85,86,87,88,89,90,91,155,172,173,208,209,232,235,260,291,292,293,294,345,413,414,415,425,426,449,532,533,534,535,536,537,603,604,620,621,656,657,680,682,683,708,742,747,748,784,785,786,787,788,861,862,863,864,865,866,867,897
Q9UJK0	312	74,122,145,160
Q6XYQ8	523	262,268,320,321,322,325,328,394,400,454,456
Q86Y91	852	109,110,111,112,113,114,115,116
Q96T68	719	293,295,299,305,307,345,349,351,356,377,378,379,418,648,651,652,654,707,709,714
Q9Y2R4	599	209,210,211,212,213,214,215,216
Q8NDG6	1382	155,156,157,158,159,160,161,162
Q8WTT0	213	139,172,174,178,184,185,186,194,195,202
Q5TCS8	1911	40,41,42,43,44,45,87,88,89,116,117,118,119,229,1001,1002,1003,1004,1005,1006,1050,1051,1052,1079,1080,1081,1082,1421,1422,1423,1424,1425,1426,1447,1470,1471,1472,1499,1500,1501,1502,1506,1543
P43003	542	363,364,365,394,396,398,402,443,444,445,446,447,476,483,487
Q9BUD6	331	141,160,188,192
O14874	412	279,315,328,330,333,334,335,364,367,370
P62491	216	18,19,20,21,22,23,24,25,26,37,38,39,40,41,42,43,66,67,68,69,70,124,125,126,127,154,155,156
Q9UGI9	489	225,240,241,242,243,244,245,285,306,307,325,355,360,381,382,397,398,399,400,424,432,453,454,469,470,471,472
Q96J66	1382	544,545,546,547,548,549,550,551,1175,1176,1177,1178,1179,1180,1181,1182
Q96E35	227	187,190,208,212
P35580	1976	178,179,180,181,182,183,184,185
O14727	1248	154,155,156,157,158,159,160,161,265
P17844	614	114,115,116,121,138,139,140,141,142,143,144,145
A0AVI2	2057	1502,1508,1557,1558,1559,1562,1565,1824,1827,1830
P22303	614	117,153,164,233,234,368,470,478
P08581	1390	1084,1085,1086,1087,1088,1089,1090,1091,1092,1110
Q9H633	154	62,65,92,95
Q8WZ04	291	137,139,140,145,163,193
P08243	561	49,50,51,52,53,75,76,77,97,256,288,363,364
Q99489	341	36,37,43,44,50,307,311,312
P50052	363	103,104,182,204,215,279,297
Q9UJ37	374	156,179,304,336
Q6ZT98	887	160,166,167,188,189,190,191,201,202,203,227,249,250,251,252,271,336,349,351,367
P04746	511	115,173,182,210,216,313,352
Q96C19	240	105,109,116,141,143,145,147,152
Q9GZT4	340	13,31,32,33,51,52,69,81,86,89,121,154,178,185,186,187,188,189,210,214,216,247,279,313,316
P19801	751	510,512,519,520,521,562,653,656,658,664,665,675
Q9Y623	1939	179,180,181,182,183,184,185,186
P15085	419	179,180,181,182,237,254,255,306,307,308,358
P51812	740	74,75,76,77,78,79,80,81,82,100,428,429,430,431,432,433,434,435,436,451
Q12884	760	203,204
P41229	1560	440,514,516,522,524,532,602
Q14697	944	283,429,602,676
O75071	495	477,479,481,483,488
Q01668	2161	364,705,1101
P16499	860	563,599,600,720
Q16819	746	155,159,165
Q9GZR7	859	237,238,239,240,241,242,243,244
P23025	273	105,108,126,129
Q8NA82	808	659,662,677,679,687,690,711,714
P35367	487	107,112,198,431
P53634	463	302,304,347
P54577	528	39,166,170,173,188
Q6UWP2	260	18,19,20,21,22,23,43,44,49,70,71,97,151,166,170,201,202,203,204,208
O15111	745	21,22,23,24,25,26,27,28,29,44
P31689	397	134,137,150,153,177,180,193,196
Q9NRR4	1374	536,538,549,561,609,676,680,969,1026,1042,1045,1147,1219,1222
Q6ZV29	1317	145,146,147,148,149,150,151,152,153,154,155,156,157,158,159,160,161,162,163,164,165,166,167,168,169,170,171,172,173,174,175,176,177,178,179,180,181,182,183,184,185,186,187,188,189,190,191,192,193,194,195,196,197,198,199,200,201,202,203,204,205,206,207,208,209,210,211,212,213,214,215,216,217,218,219,220,221,222,223,224,225,226,227,228,229,230,231,232,233,234,235,236,237,238,239,240,241,242,243,244,245,246,247,248,249,250,251,252,253,254,255,256,257,258,259,260,261,262,263,264,265,266,267,268,269,270,271,272,458,459,460,461,462,463,464,465,466,467,468,469,470,471,472,473,474,475,476,477,478,479,480,481,482,483,484,485,486,487,488,489,490,491,492,493,494,495,496,497,498,499,500,501,502,503,504,505,506,507,508,509,510,511,512,513,514,515,516,517,518,519,520,521,522,523,524,525,526,527,528,529,530,531,532,533,534,535,536,537,538,539,540,541,542,543,544,545,546,547,548,549,550,551,552,553,554,555,556,557,558,559,560,561,562,563,591,592,593,594,595,596,597,598,599,600,601,602,603,604,605,606,607,608,609,610,611,612,613,614,615,616,617,618,619,620,621,622,623,624,625,626,627,628,629,630,631,632,633,634,635,636,637,638,639,640,641,642,643,644,645,646,647,648,649,650,651,652,653,654,655,656,657,658,659,660,661,662,663,664,665,666,667,668,669,670,671,672,673,674,675,676,677,678,679,680,681,682,683,684,685,686,687,688,689,690,691,692,693,694,695,696
O95363	451	157,158,159,160,179,186,187,188,193,194,195,287,312
Q9H6Z9	239	135,137,196,205
Q9H903	347	98,99,100,101,102,145,146,147,214,215,216,247,323,324,325,326,327
Q8TEU7	1601	280,281,282,283,284,285,286,287,288,289,290,291,292,293,294,295,296,297,298,299,300,301,302,303,304,305,306,307,308,309,310,311,312,313,314,315,316,317,318,319,320,321,322,323,324,325,326,327,328,329,330,331,332,333,334,335,336,337,338,339,340,341,342,343,344,345,346,347,348,349,350,351,352,353,354,355,356,357,358,359,360,361,362,363,364,365,366,367,368,369,370,371,372,373,374,375,376,377,378,379,380,381,382,383,384,385,386,387,388,389,390,391,392,393,394,395,396,397,398,399
Q9BSJ1	452	93,96,115,121
O75716	305	26,27,28,29,30,31,32,33,34,49
P09237	267	87,153,163,165,170,171,173,175,178,185,187,189,191,193,196,214,218,224
P27824	592	74,117,164,166,185,192,425,436
Q96DX7	344	179,182,201,207
P36776	959	523,524,525,526,527,528,529,530
P50225	295	48,49,50,51,52,53,106,107,108,130,138,193,227,228,229,230,231,232,255,256,257,258,259
Q16877	469	46,47,48,49,50,51,52,53,54,79,103,131,137,168,169,170,171,172,173,194,198,256,263,269,306,337,348,349,350,351,355,366,392,393,394,395,396,428
Q9GZT9	426	21,24,33,36,42,46,54,58,313,315,374,383
P15088	417	176,179,304
P52333	1124	828,829,830,831,832,833,834,835,836,855
P04818	313	50,175,176,195,196,215,216,217,218,226,256,257,258,312
Q8IYT8	1036	15,16,17,18,19,20,21,22,23,39
O60741	890	539,540,542,549,550,590,593
Q8TAA1	199	115,116,117,118,119
Q9NX58	379	6,9,21,25,33,36,48,51
Q12889	678	71,72,98,99,100,101,142,211,212,213,214,355
P21964	271	92,114,122,140,141,167,168,169,170,191,194,219,220,249
O15305	246	12,14,21,123,134,141,179,181,209,221,223,226
P10275	920	706,753,878
P24462	503	442
P60174	249	12,14
Q9H9Y4	310	19,20,21,22,23,24,178,179,180,181
P19525	551	273,274,275,276,277,278,279,280,281,296,432
P09874	1014	21,24,53,56,125,128,159,162,295,298,311,321,862,863,864,871,878,904
P32298	578	193,194,195,196,197,198,199,200,201,216
Q6ZMZ0	732	119,122,142,145,206,211,228,233,238,241,246,251,287,290,307,310,315,318,326,333
P05093	508	202,442
Q9NZQ0	273	23,24,25,26,27,28,29,30,71,72,73,74,75,134,135,136,137
Q13002	908	516,518,523,689,690,738
P78356	416	202,203,204,214,369
Q9UKI8	766	462,463,464,465,466,467,468,469,470,485
P15291	398	183,184,185,186,187,222,223,224,249,250,310,312,313,314,315,343,344,345,346,355
Q9Y2C4	368	171
P47944	62	6,8,14,16,20,22,25,27,34,35,37,38,42,45,49,51,58,60,61
Q14651	629	24,26,28,30,35,64,66,68,70,75
Q5T8D3	534	52,53,54,55,56,57,58,59,60,61,72,73,74,75,76,98,117
Q6YP21	454	71,218,429
Q9BUE6	129	57,121,123
Q9Y265	456	70,71,72,73,74,75,76,77
P62191	440	226,227,228,229,230,231,232,233
A6NGJ6	449	92,95,114,120
P10696	532	61,111,174,235,288,289,304,330,335,339,376,377,451
P40616	181	24,25,26,27,28,29,30,31,45,46,47,48,67,68,69,70,71,126,127,128,129,160,161
P35590	1138	845,846,847,848,849,850,851,852,853,870
P05413	133	127,128,129
Q14003	757	157,163,184,185,503,504,505,506
P00915	261	65,68,95,97,120,200,201
Q8IWT0	167	39,166,167
P45381	313	21,24,63,70,71,116,164,168,288
P51617	712	218,219,220,221,222,223,224,225,226,239,342,343,344,345,358
Q9NVP1	670	223,224,225,226,227,228,229,230
Q9BXM7	581	162,163,164,165,166,167,168,169,170,186
P17707	334	7,67,223,247
Q8IYD8	2048	111,112,113,114,115,116,117,118
Q8WWM9	190	81,113
O43916	411	69,70,71,72,73,74,75,234,235,236,237,238,239,240,241,242
A3KMH1	1905	447,448,449,450,451,452,453,454
P13861	404	139,140,141,142,143,144,145,146,147,148,149,150,151,152,153,154,155,156,157,158,159,160,161,162,163,164,165,166,167,168,169,170,171,172,173,174,175,176,177,178,179,180,181,182,183,184,185,186,187,188,189,190,191,192,193,194,195,196,197,198,199,200,201,202,203,204,205,206,207,208,209,210,211,212,213,214,215,216,217,218,219,220,221,222,223,224,225,226,227,228,229,230,231,232,233,234,235,236,237,238,239,240,241,242,243,244,245,246,247,248,249,250,251,252,253,254,255,256,257,258,259,260,261,262,263,264,265,266,267,268,269,270,271,272,273,274,275,276,277,278,279,280,281,282,283,284,285,286,287,288,289,290,291,292,293,294,295,296,297,298,299,300,301,302,303,304,305,306,307,308,309,310,311,312,313,314,315,316,317,318,319,320,321,322,323,324,325,326,327,328,329,330,331,332,333,334,335,336,337,338,339,340,341,342,343,344,345,346,347,348,349,350,351,352,353,354,355,356,357,358,359,360,361,362,363,364,365,366,367,368,369,370,371,372,373,374,375,376,377,378,379,380,381,382,383,384,385,386,387,388,389,390,391,392,393,394,395,396,397,398,399,400,401,402,403,404
Q9H4A5	285	67,76,157,160
O14807	208	20,21,22,23,24,25,26,27,67,68,69,70,71,126,127,128,129
P40926	338	31,32,33,34,35,36,37,57,104,110,117,140,141,142,176,251
P42898	656	63,64,65,66,67,68,94,95,127,157,158,159,174,175,197,201,202,203,204,210,217,228,321,325,456,461,462,463,464,481,482,483,484,485,560,573
Q96PF2	358	18,19,20,21,22,23,24,25,26,41
O43187	625	216,217,218,219,220,221,222,223,224,237,337,338,339,340
O76083	593	312,313,314,315,316,352,353,462,484,512,513
Q969Q6	453	286,288,290,292,297
Q15019	361	44,45,46,47,48,49,50,51,78,104,183,184,185,186,187,188,189,190,191,241,256
O95235	890	160,161,162,163,164,165,166,167
P02549	2419	2284,2286,2288,2290,2295,2327,2333,2338
Q9UL68	1186	31,36,49,55,506,511,524,530,550,555,568,574,905,910,923,929,954,959,972,978,1007,1012,1025,1031
P52848	882	614,615,616,617,618,712,817,833,834,835,836,837
O15047	1707	1684
P23677	461	197,209,249,250,251,262,264,285,312,313,314,315,316,317,318,319,336,416,419
O43683	1085	793,794,795,796,797,798,799,800,801,821
P00918	260	94,96,119,198,199
O14792	307	64,65,66,67,68,147,155,255,270,271,272,273,274
P06858	475	194,197,199,202
Q9Y6K9	419	397,400,413,417
P56559	192	20,21,22,23,24,25,26,27,68,69,70,71,72,127,128,129,130
O00204	365	70,71,72,73,74,75,98,103,125,147,155,210,244,245,246,247,248,249,274,275,276
Q86SS6	491	251,257,309,310,311,314,317,383,389,443,445
Q01860	360	157,164
Q96BQ3	446	93,96,115,121
P12235	298	80,92,235
P05937	261	24,26,28,30,35,111,113,115,122,155,157,159,161,166,199,201,203,205,210
P11498	1178	152,236,271,571,572,573,574,575,644,741,771,773,908
P61221	599	110,111,112,113,114,115,116,117,379,380,381,382,383,384,385,386
Q9NZK5	511	112,114,115,204,205,206,207,208,209,210,211,293,326,356,441,442
O60307	1309	373,374,375,376,377,378,379,380,381,396
O43451	1857	289,413,612,628,686
Q9Y2Y1	108	5,8,25,28,69,72,98,102
Q13137	446	422,425,440,444
P00390	522	94,95,96,97,98,99,100,101,102
P27352	417	171,222,270,365,366,367,368,369,370,386,387,388,389,390,391,392,393,394,395
P49642	420	109,110,111,121,122,128,131,160,161,162,163,164,165,166,306,315,316,317,318,324
P99999	105	15,18,19,81
Q99519	415	78,97,264,280,341
P00338	332	29,30,31,32,33,34,35,36,37,38,39,40,41,42,43,44,45,46,47,48,49,50,51,52,53,54,55,56,57,99,106,138,169,248
Q8IZP7	471	152,153,154,155,156,157,158,159,160,182,183,199,204,209,245,253,257,264,377,378,379,383,384
Q9H6F2	299	74,122,126
Q16611	211	160,164
O60674	1132	855,856,857,858,859,860,861,862,863,882
P13797	630	25,27,29,36,65,67,69,71,76
Q8N159	534	401,444,474,475,476,477,478,479
Q8NHQ9	600	53,54,55,56,57,58,59,60
P24557	533	479
Q6ZN16	1313	658,659,660,661,662,663,664,665,666,681
P29083	439	129,132,154,157
O00267	1087	579,619
Q9NPI5	230	9,10,11,12,13,14,15,16,17,35,36,37,38,54,55,130,131,134,135,136,137,174,175,176
Q13444	863	179,348,352,358
Q0ZFD6	380	83,97,182,196,201
D6RBD4	98	98
D6RAU1	136	98
D6RGG1	109	102
E9PBE1	347	98
F2Z2H9	105	98
A0A0C4DFW9	426	145,148,209,213
A0A024R4F1	434	158,167,245,293,318,370,371,372,373,394
A0A2R8Y6G6	434	158,167,245,293,318,370,371,372,373,394
A0A3B3IRX2	117	22,24,41
J3KMZ3	150	48,50,52
B1AKC9	946	622,623,624,625,626,627,628,629,630,648
R4GMQ1	858	281,282,283,284,285,286,287,288,289,290,291,292,293,294,295,296,297,298,299,300,301,302,303,304,305,306,307,308,309,310,316,332,333,807,816,817
A6NGN6	401	381
B1AJZ5	450	430
X6RHF8	191	38
E9PGT3	724	68,69,70,71,72,73,74,75,76,94,413,414,415,416,417,418,419,420,421,436
E9PAN7	204	103
Q5TGY6	312	291
B1APR7	416	152,154,380
A0A0S2Z3T3	539	273
A0A0S2Z3Y8	509	273
E9PKQ8	200	331
Q6IT96	482	99,149,176,178,264,303
A0A140VK93	239	25,26,27,28,29,30,46,51,72,73,74,100,101,102,103,107,142,151,152,175,186,214
F8W1A4	232	25,26,27,28,29,30,46,51,72,73,74,100,101,102,103,107,142,151,152,175,186,214
J3KQG3	1014	651,652,653,654,655,656,657,658,659
B7Z3A9	574	233,265,330
B7Z589	522	187,219,284
J3KPA5	579	42,44,45,49,298,330,395
E9PJ65	134	61,63,64,68
E9PLM5	116	96,98,99,103
A0A140VKF1	725	348,349,350,351,352,353,354,355
Q5JR91	336	307,308,309,310,311,312,313,314
A0A5F9ZGZ0	674	87
V9HWI0	325	113
A0A499FIS5	453	66
A0A499FJN1	412	66
A0A499FJS1	335	66
E9PIA0	166	66
E9PLE7	89	66
E9PMM8	106	66
E9PN34	79	66
E9PSE0	88	66
Q8IZB0	497	439
V9GZ77	421	359
Q5TCH5	421	359
A0A1B0GWF0	102	73,74
H0YDY7	176	57,66,67
A0A0A0N0M2	1152	879,880,881,882,883,884,885,886,887,906
A0A5F9ZHN8	1110	837,838,839,840,841,842,843,844,845,864
A0A5F9ZI39	1152	879,880,881,882,883,884,885,886,887,906
X5DNX5	736	406,407,408,409,410,446,447,564,615
A0A0S2Z366	421	158,159,160,161,162,163,164,165,166,167,191,192,193,216,278,279,280,281,306,307,308,316,317,374,375,376,377,378,402,403,404,405,413
Q5T4U5	454	191,192,193,194,195,196,197,198,199,200,224,225,226,249,311,312,313,314,339,340,341,349,350,407,408,409,410,411,435,436,437,438,446
A0A087WVC4	338	60
B1APF8	214	69
B1APF9	245	61
B1APG0	206	76
B1APG1	197	60
B1APG2	209	68
B1APG3	264	79
B2RB89	351	73
B2R644	285	30,73,78,79,98,145,268
A0A384MTU6	574	90
B1AMW7	157	90
A0A024R0A8	530	155,229,254,284,288,320,321,322,323,324,325,341,444
A0A0B4J1S7	807	195,227,228,229,230,231,232,233,274
E9PMT0	795	195,227,228,229,230,231,232,233,274
F5H2S8	783	171,203,204,205,206,207,208,209,250
J3KP92	1176	219
Q5SQL3	1165	219
Q5T9E3	97	58
A0A140VJL2	508	204,258,306,310
Q6FGV9	192	17,18,19,20,21,22,23,141,170,171,180
A8K7I0	499	193
B1AVT0	497	191
Q5TCK7	344	102,257,261
Q5TCK8	320	78,233,237
A0A494C0R3	212	102
A0A494C1I0	307	102
Q5TCK5	176	102
A0A7P0Z426	302	119,120,121,122,123,185,189,190,191,192,193,194,195,218,221
A0A6Q8PHG5	736	456,457,458,459,460,461,462,463,464,484
J3KP20	793	513,514,515,516,517,518,519,520,521,541
X5DR71	790	510,511,512,513,514,515,516,517,518,538
A0A0S2Z4C9	116	74
B4DXC8	339	99,145,193,203
X6RH03	138	107,123
E9PIE8	583	454
F8WAG2	82	63
F1D8R9	495	375,376,377,378,470,474
A0A7P0Z433	835	292,614
A6NKB8	611	169,170,171,257,258,259,260,261,262,286,290,309,561,562,563
C9JMZ3	344	194,198,217
H7C2T3	168	71,75,94
C9J0W7	205	191
C9JNM5	266	191
A0A0A0MSJ6	283	203
A0A075B7B4	657	38
A0A075B7C7	146	38
A0A075B7D5	153	38
Q5SY34	243	218
C9IYV2	245	56
A6NF51	291	74,117,119,120,262
V9HWF9	308	74,117,119,120,247
F8VRY7	116	19,62,64,65
F8VVW8	130	74,117,119,120
F8VZG4	136	74,81,83,84
F8W1J0	170	74,81,83,84
A0A087X0I6	796	89
A0A7I2V4P8	126	89
A0A7I2V550	773	89
B4DIB3	780	89
A0A0S2Z5U6	320	6,7,8,9,10,11,34,56,69,70,71,72,95,96,97
C4P0D6	186	129
C4P0D8	188	129
Q5VVQ1	163	136
A0A494C1A2	380	260,323,324
A0A6Q8PGK3	1149	144,207,208,593,666,667,668,669,670,714,718,770,858,1056,1111,1112
A0A7P0T9G7	1205	260,323,324,649,722,723,724,725,726,770,774,826,914,1112,1167,1168
A0A7P0TAJ0	1202	260,323,324,709,782,783,784,785,786,823,911,1109,1164,1165
A0A7P0TAV2	1119	260,323,324,563,636,637,638,639,640,684,688,740,828,1026,1081,1082
B1ANE3	819	263,336,337,338,339,340,384,388,440,528,726,781,782
A0A5F9ZGY0	398	106
A0A5F9ZHU3	418	126
A0A5K1VW74	456	187
A0A7P0T8T9	437	145
A0A7P0TB32	295	187
A0A7P0TBJ6	247	187
A0A024R5Q7	456	39,40,41,42,43,44,45,65,66,67,68,69,162,176,255,270,330,331,332,333,334,335,336,362,363,364,444,445,446,447
A0A7I2V3Z0	746	59,60,89,90,91,92,135,136,137,172,179,180,181,235,263,269,270,271,272,443,500,501,502,503,504,538,545,546,547,601,627,633,634,635,636,706
B4DK69	297	117
A0A0A0MSS8	323	117
S4R3Z2	300	94
A0A3B3IRI8	326	120
A0A1W2PR17	568	253,254,255,256,257,258,259,260
F2Z2I2	455	253,254,255,256,257,258,259,260
Q5VX20	526	253,254,255,256,257,258,259,260
Q5W015	513	253,254,255,256,257,258,259,260
Q5SQQ7	357	57
C9IYH9	220	131,133,136,141,142,169,173,175,179
Q5JSS2	152	93
A0A2R8Y4D5	625	50,431,432,433,434,435,436,437,438
F5H0U9	664	50,431,432,433,434,435,436,437,438
A0A7I2V2M2	472	19,20,21,22,23,24,25,26,27,28,39,40,41,42,43,65,84
A0A7I2V2Y9	501	19,20,21,22,23,24,25,26,27,28,39,40,41,42,43,65,84
A0A7I2V347	501	19,20,21,22,23,24,25,26,27,28,39,40,41,42,43,65,84
A0A7I2V420	454	19,20,21,22,23,24,25,26,27,28,39,40,41,42,43,65,84
A0A7I2V556	433	19,20,21,22,23,24,25,26,27,28,39,40,41,42,43,65,84
A0A7I2V560	521	19,20,21,22,23,24,25,26,27,28,39,40,41,42,43,65,84
A0A7I2V5E1	515	52,53,54,55,56,57,58,59,60,61,72,73,74,75,76,98,117
A0A7I2V5U2	452	19,20,21,22,23,24,25,26,27,28,39,40,41,42,43,65,84
A0A7I2V690	422	19,20,21,22,23,24,25,26,27,28,39,40,41,42,43,65,84
A0A7I2YQD7	521	19,20,21,22,23,24,25,26,27,28,39,40,41,42,43,65,84
A0A7I2YQE9	534	54,55,56,57,58,59,60,61,62,63,74,75,76,77,78,100,119
A0A7I2YQJ9	518	19,20,21,22,23,24,25,26,27,28,39,40,41,42,43,65,84
B7Z2R7	523	52,53,54,55,56,57,58,59,60,61,72,73,74,75,76,98,117
V9HW29	963	85,86,87,88,89,90,91,92
E9PEP6	906	195,209,250
Q5JWQ6	735	14,28,69
Q5T7F0	704	195,209,250
A0A5F9ZGW0	382	122
E5RIU6	189	33
B0QZ35	444	68,71,92,95
E9PC49	452	76,79,100,103
H7C032	149	97,113,114,115,116,117
S4R438	815	711
A0A2Q3DQE3	556	43
H0Y6G2	588	43
Q5SWX3	516	43
A0A804HJD7	532	147,171,272,311,438
A0A804HKE0	466	147,171,272
A0A0A0MSJ5	206	152,153,154,155,156,157,158,159
A0A7I2V3A9	987	36,37,38,39,40,41,42,43
A0A7I2V3V3	533	105,106,107,108,109,110,111,112
A0A7I2YQY4	673	105,106,107,108,109,110,111,112
Q5VY30	199	114
S5RV20	490	435
B7Z1F5	420	365
Q6FHU2	254	10,11,12,13,14,15,16,17,62,89,90,91,92,100,116,117,187,188
A0A1W2PQ28	356	290
A0A1W2PQT5	479	413
A0A1W2PRK7	509	443
A0A1W2PRY0	407	341
Q1HB44	508	442
A0A384MED8	561	52,54,351
A0A6Q8PHB5	436	52,54,351
A0A6Q8PHP0	569	52,54,359
E9PRT6	467	205,208,210,213
A0A141AXF1	680	399,400,401,402,403,404,405,429,477,478,479,483,542,556
A0A5S6RJB7	768	488,489,490,491,492,493,494,518,566,567,568,572,631,645
A0A804HI76	670	370,371,372,373,374,375,376,400,448,449,450,454,513,527
D2CGD1	732	398,399,400,401,402,403,404,428,476,477,478,482,541,555
E7EVR7	707	373,374,375,376,377,378,379,403,451,452,453,457,516,530
H7BXU9	669	396,397,398,399,400,401,402,426,474,475,476,480,539,553
A0A1W2PQT9	429	125
H7C265	371	109
S4R381	593	289
Q5JRP2	906	347,351,357
A0A140VJW0	486	122
E7EVK2	283	83,84,85,86,154
U3KQ69	293	42,43,44,45,112,113,114,115,116,117,164
H0Y593	306	300
H0Y7H4	356	350
E9PK80	318	65,66,67,68,69,75,76,77,147,148,149,150,175,178,199,202,239,240,263,264,265
E9PN58	353	192,195,216,219
A0A140VJF6	668	48
A0A2R8YD45	500	454,455,478,480
A0A2R8YGD1	470	424,425,448,450
A0A804HJ17	525	479,480,503,505
E9PMI2	171	67,69,84,86,89,101,102,160
E9PIV9	146	67,69,84,86,89,101,102
E9PQW2	189	127,129,144,146,149,161,162
E9PRM4	116	67,69,84,86,89,101,102
B4DDH2	473	105
C9J319	215	105
C9J6X7	191	105
C9JCS6	171	146
A0A7P0TBN9	382	328
E9PJT9	268	215
V9HWB9	332	27,28,29,30,31,32,52,113,136,137,138
A0A140VKA7	332	27,28,29,30,31,32,52,113,136,137,138
F5H245	318	27,28,29,30,31,32,52,99,122,123,124
A8MXF1	171	67,102,103,104,105,106,107,108,146
E9PLZ4	369	265,300,301,302,303,304,305,306,344
A0A384P5Q0	527	358
A0A0D2X7Z3	614	274,329,330,331,332,333,334,335,336,427,428,429
A2I2P1	593	253,308,309,310,311,312,313,314,315,406,407,408
E9PL17	436	33,73,135,136,137,138,139,140
A0A140VJH7	575	56,57,58,59,109,114
H0YCY6	533	55,56,57,58,108,113
E9PNA1	223	219
G3V150	319	196
A0A0A0MRU9	732	82
A0A140VJP1	719	82
A0A7I2V3R3	561	49
A0A7I2YQR3	718	82
E7ETY4	763	82
E9PC69	778	82
F5H4F6	161	49
F5H6N2	111	49
A0A0A6YYC0	704	23,24,25,26,27,28,29,30,31,49,395,396,397,398,399,400,401,402,403,418
E9PJN1	765	39,40,41,42,43,44,45,46,47,65,410,411,412,413,414,415,416,417,418,433
P58401	666	143,160,242,244
C9JCU6	307	45
F2Z2B3	57	45
F8WCP4	58	45
G3V1D3	756	469,474,527
A0A0S2Z392	689	220
E9PRV7	408	220
E9PQF6	138	122
G3V2F1	153	99
E9PEF1	826	541,542,543,544,545,581,582,693,744
C9JPD5	197	39,75,76,187
F5GXX2	178	91,127,128
H7C009	327	201,237,238
B3KNX7	522	299
E9PM17	455	201
Q6TCH8	259	128,218,219,242
A0A6Q8PGS5	540	258,259,260,261,283,284,345,346,347,348,349,350,351
A0A6Q8PHL9	581	268,269,270,271,293,294,355,356,357,358,359,360,361
A0A6Q8PHS7	527	214,215,216,217,239,240,301,302,303,304,305,306,307
F5GYX7	181	91,123,157,167,171
G5E971	489	96,128,162,172,174,179,180,182,184,187,194,196,198,200,202,203,205,222,226,232,240,291,293,335,337,383,385,432,434
A0A140VJX1	427	219,258,259,260,263,284
A0A5F9ZHL1	434	219,258,259,260,263,284
A0A2R8Y5S7	590	60,61,62,63,278
A0A2R8Y7M3	534	60,61,62,63,278
B0YJ88	583	60,61,62,63,278
E9PJL7	129	104,106,111
V9HW27	175	104,106,111
H7C038	151	47
E9PJI4	170	38
E9PKQ3	206	38
E9PQW7	127	38
A0A384MTI8	337	175,185,205,207,268,269,270,271,272,273,274,275,276,277,278,279
A0A3B3ITF0	244	82,92,112,114,175,176,177,178,179,180,181,182,183,184,185,186
F5H2T6	146	51,58
F5H6S9	123	47,54
F5H638	371	363
A0A0A0MTH5	634	248
V9HVZ4	335	13,14,35,80,122,151,152,153,182,211,212,234,316
F5GYR3	275	268,269,270,271,272,273,274
A0A140VJZ1	858	199,202,209,219,221,222,223,224,232,259,261,264
Q6FHV6	434	158,167,245,293,318,370,371,372,373,394
Q53XS4	597	421,502
F8WCZ6	521	59,69,108
A0A3B3ISR2	705	66,74,119,121,142,145,167,168,171,253,290,292
B4DPQ0	719	80,88,133,135,156,159,181,182,185,267,304,306
F5H2D0	671	66,74,85,87,108,111,133,134,137,219,256,258
A0A3B3IS95	281	28,29,30,31,32,33,53,114,137,138,139
Q5U077	334	28,29,30,31,32,33,53,114,137,138,139
F5GY51	131	119
A0A7P0Z4D9	1052	467
Q69FE3	460	213,313,314,315
J3KPH8	1014	589,591,597,674
A0A2R8Y891	883	128,191,192,221,222,223,224,267,268,269,304,311,312,313,367,395,401,402,403,404,574,631,632,633,634,635,669,676,677,678,732,758,764,765,766,767,838
F8VTQ3	111	99,162,163,192,193,194,195,238,239,240,275,282,283,284,338,366,372,373,374,375,545,602,603,604,605,606,640,647,648,649,703,729,735,736,737,738,809
A0A024R138	349	10,11,12,13,14,15,41,97,120,153,269,270,296,298
A0A0S2Z310	503	229
G3V1W8	517	243
B4DK72	495	182,183,184,185,186,222,223,329,380
F8W1C3	485	85,130,148,149,156,166,168,171,189,193,199,207,271,315,317,360
E7ESI2	238	33
G3V5T9	346	33
A0A6Q8PEZ8	997	86,87,88,89,90,91,92,93
A0A6Q8PGJ3	1039	86,87,88,89,90,91,92,93
F8VTV8	201	35
F8VWX7	203	35
F8VYH9	170	35
F8VYY1	74	35
F8W1L8	115	35
Q96BE9	111	35
A0A494C045	731	38
A0A494C079	519	38
A0A494C0A8	551	38
A0A494C148	705	38
A0A494C1I2	240	38
A0A494C1M6	575	38
A0A7I2V2F4	613	38
A0A7I2V463	541	38
A0A7I2V4W4	695	38
A0A7I2V4Z2	511	38
A0A7I2V643	724	38
A0A7I2V646	728	38
F5H1A3	103	38
F5H206	98	38
J3KQA0	419	301,307,361,362,363
A0A7P0T8B7	555	76,79,83,341,470,474
A0A7P0T8I1	554	76,79,83,341,470,474
A0A7P0T9G8	120	36,40
A0A7P0T9P8	635	246,375,379
A0A7P0TB74	446	57,186,190
F8WJN6	319	52,181,185
A0A7P0T9Z9	376	76,79,83,341
A0A7P0TBL2	692	76,79,83,341
A0A7P0TA72	202	76,79,83
A0A7P0TAT1	102	76,79,83
A0A7P0TAZ8	275	76,79,83
A0A7P0TB05	341	76,79,83
A0A7P0Z4F0	144	76,79,83
F8VSG1	96	76,79,83
A0A140VJE3	478	231,251,262,331,339,364,459
F8VQZ7	477	230,250,261,330,338,363,458
F8VRR3	442	195,215,226,295,303,328,423
A0A140VK27	611	135,136,137,267,268,269,270,271,272,296,300,319,564,565,566
F5H6Z0	470	168
J3KND8	447	280,285,325
A0A087WT78	751	103,107,149,154,162,168,169,170,194,195,196,197,198,199,245,448
A0A7P0T823	813	103,107,149,154,162,168,169,170,194,195,196,197,198,199,245,448
A0A7P0T917	719	19,23,65,70,78,84,85,86,110,111,112,113,114,115,161,364
A0A7P0TAE1	789	103,107,149,154,162,168,169,170,194,195,196,197,198,199,245,448
A0A7P0TAT8	814	103,107,149,154,162,168,169,170,194,195,196,197,198,199,245,448
A0A7P0TAY2	661	103,107,149,154,162,168,169,170,194,195,196,197,198,199,245,448
A0A7P0TBC2	465	103,107,149,154,162,168,169,170,194,195,196,197,198,199,245,448
H0YIV0	796	103,107,149,154,162,168,169,170,194,195,196,197,198,199,245,448
V9HWP2	803	103,107,149,154,162,168,169,170,194,195,196,197,198,199,245,448
E9PIR7	482	68,132,197,198,199,200,201,202,203,204,292,334
A0A494C1M4	932	119,120,121,173,601,602,603,627,628,629,630,660,661,662,663,664,665,680,681,787,834,835,836
A2I2P0	586	289,290,291,292,293,294,295,296,387,388,389
A0A024RBI1	347	37,38,44,45,49,50,51,53,164,182,217,228,283,312,313,314,315,316,317
A0A0B4J250	281	37,38,44,45,49,50,51,53,116,151,162,217,246,247,248,249,250,251
F5H5X2	150	102,103,104,122,123,124
F5GZZ0	121	102,103,104
A0A140TA25	1038	121,122,123,124,125,126,127,128
A0A1W2PPU4	216	425,506
F5GY38	57	54
F5H005	61	54
F5H3L7	93	54
F5H5E0	136	54
H0YGG8	109	43
F8W062	119	21,23,25,42
Q9BS22	70	50,52,54
B4DP72	253	117,125,126
F5H747	160	108
F5GWR3	340	110,148,184,194,196,201,202,209,221,223,225,226,228,248,252,258,266
F5H209	409	110,148,184,194,196,201,202,209,221,223,225,226,228,248,252,258,266,337,386
E5KMT5	427	201
E5KMT6	399	173
F5H1S9	374	148
G8JLB3	384	173
Q32MC3	349	81,82,83,196,300,301,302,319
F5H6D4	164	52
E7ER61	739	644
A0A0C4DFZ9	687	321,370,371,372,373,374,375,376,377,444,445
A0A2R8Y6Y7	484	98,105,106,107,258,293,344,401,402,403
A0A2R8YDQ9	405	40,47,48,49,200,214,265,322,323,324
E5KS60	463	98,105,106,107,258,272,323,380,381,382
A0A3B3ITQ6	857	33
A0A494C168	683	33
E9PIX7	295	33
A0A087WY58	497	33
A0A087X203	298	33
F8VTT4	46	33
F8VV00	58	33
B4DR80	412	53
Q5U0E6	431	53
A0A7P0T906	372	135,188,189,190,191,192,193,194,228,229,230,231,232,247,248,249,250,251,252,253,254,255,256,257
A0A7P0T9D8	329	135,188,189,190,191,192,193,194,228,229,230,231,232,247,248,249,250,251,252,253,254,255,256,257
A0A7P0T9R3	355	161,214,215,216,217,218,219,220,254,255,256,257,258,273,274,275,276,277,278,279,280,281,282,283
A0A0C4DFW2	422	356,358,369,374,380,383,396,399
A0A0C4DGK8	146	68,96
G3V359	172	51,79
G3V3C7	174	68,96
G3V3M6	263	68,96,210,212
G3V5D9	107	68,96
G3V5M0	162	51,79
G3V5Q1	242	68,96,181,183
Q5TZP7	318	68,96,210,212,308,309
G3V5M2	221	72,103,123,124,125,155,240,259,282
V9HWH6	289	33,64,84,85,86,116,201,220,243
A0A7P0TAG0	503	93,176,186,188,193,194,201,208,210,212,214,216,219,239,243,249,257,324,371,418
A0A7P0TAV6	250	93,176,186,188,193,194,201,208,210,212,214,216,219
A0A2R8Y752	614	222,226,302
H7C3J1	135	54
H0YLV5	333	44,45,96,165,166,168,171,174,204,205,206,227,228,253,254,255,270,271,272,273,274,275,299,300,301,302
H0YMB3	315	26,27,78,147,148,150,153,156,186,187,188,209,210,235,236,237,252,253,254,255,256,257,281,282,283,284
H0YNJ6	427	44,45,96,147,148,149,197,198,199,201,204,207,237,238,239,260,261,286,287,288,303,304,393,394,395,396
F8WBA3	920	597,598,599,600,601,602,603,604,605,620
A0A5H1ZRP5	276	35
G3V4Q4	62	49
G3V4T8	724	26,27,28,29,30,31,32,33,34,49
G3V4Q6	224	223
A0A494C0E3	776	392,396,402
J3KPI6	1081	150,151,152,153,154,155,156,157,158,171
G3V450	211	202,203,204,205,206
G3V4I0	407	202,203,204,205,206
Q9HDB5	637	137,154,206,208
E7EPD8	589	265,495
G3V2F4	578	265,495
G3V2J6	219	166
G3V2U6	279	265
H0YJL7	51	13
Q9BRS7	298	265
A0A3B3ISL8	207	81
G3V2D1	219	81
G3XAH6	724	100,101,102,109,113,114,115,167,228,237,246,247
A0A7P0T814	249	71
A0A7P0T824	444	71
A0A7P0T832	170	71
A0A7P0T838	395	71
A0A7P0T8M0	101	71
A0A7P0T8N0	356	71
A0A7P0T8Z5	99	71
A0A7P0T952	393	71
A0A7P0T977	362	71
A0A7P0T9B1	172	71
A0A7P0T9C6	302	71
A0A7P0T9E5	395	71
A0A7P0T9I1	372	71
A0A7P0T9T1	394	71
A0A7P0TA07	72	71
A0A7P0TA16	442	71
A0A7P0TA65	393	71
A0A7P0TAA6	437	71
A0A7P0TAI5	83	71
A0A7P0TAS8	403	71
A0A7P0TB08	244	71
A0A7P0TB15	394	71
A0A7P0TBB8	375	71
A0A7P0TBE4	413	71
A0A7P0TBI6	321	71
A0A7P0Z3Z7	395	71
A0A7P0Z445	448	71
A0A7P0Z462	395	71
A0A7P0Z4A4	366	71
A0A7P0Z4P9	81	71
H0YJF7	420	71
H0YJJ9	394	71
K9JA46	732	47,51,93,98,106,112,113,114,133,134,135,136,137,138,184,400
E5RFX9	44	33
E5RHY4	59	33
E5RI85	151	33
H3BNF8	89	33
A0A7I2V2I9	554	85
A0A7I2V2J6	115	85
A0A7I2V2U9	790	85
A0A7I2V3C6	529	85
A0A7I2V3I9	682	85
A0A7I2V3K2	507	85
A0A7I2V3P5	535	85
A0A7I2V3Q1	99	85
A0A7I2V409	796	85
A0A7I2V483	111	85
A0A7I2V4K8	781	85
A0A7I2V4L1	373	85
A0A7I2V4T2	621	85
A0A7I2V4T5	100	85
A0A7I2V549	664	85
A0A7I2V5H7	157	85
A0A7I2V602	655	85
A0A7I2YQ84	108	85
A0A7I2YQ91	113	85
A0A7I2YQF4	640	85
A0A7I2YQF7	738	85
A0A7I2YQJ7	102	85
H0YJI9	789	85
H0YNV4	643	85
J3KNR0	776	85
A0A7I2V2N8	726	90
A0A0S2Z471	405	152,153,154,155,156,215,260,316,317,318,319,320,344,345,346,347,348,349
H0YJG0	179	45,90,91,92,93,94,118,119,120,121,122,123
V9HWH2	381	128,129,130,131,132,191,236,292,293,294,295,296,320,321,322,323,324,325
G3V4N7	217	128,129,130,131,132,191
G3V461	128	99,100,101,102,103
A0A087WY56	146	189
A0A804HJM6	505	189
B0LPE5	480	189
H3BUZ0	303	103,104
X5D963	777	338,339
A0A0A0MT83	423	162,163,164,165,166,167,168,169,170,171,195,196,197,219,220,274,281,282,283,284,309,320,377,378,379,380,381,404,405,406,407,408
A0A0S2Z4K7	393	132,133,134,135,136,137,138,139,140,141,165,166,167,189,190,244,251,252,253,254,279,290,347,348,349,350,351,374,375,376,377,378
H3BVG6	562	242
H0YNK6	845	505,614,615,628
A0A0B4J292	443	50
H3BTY5	143	50
C9J6W7	203	192,193,194,195,196
C9JSQ1	241	161,162,163,164,165,224
F8WCN3	298	161,162,163,164,165,224,269
C9JT96	221	192,193,194,195,196
H0YM93	106	54,55,56,57,58,59,60,61
H0YMK3	269	161,162,163,164,165,166,167,168
E7EUJ1	499	208,213
E7EUK6	438	147,152
H0YNC5	148	82,86,92
A0A140VJM9	381	76,77,78,79,80,81,101,162,185,186,187
Q4KMR3	1108	112,113,114,115,116,117,118,119
H0YKW8	80	56
H0YMK1	91	56
A0A0U1RQH9	114	73
A0A0U1RQK2	138	73
A0A0U1RQT7	430	73
A0A0U1RQY7	459	73
A0A0U1RR14	183	73
Q8IXA3	438	73
U3KQA5	422	73
U3KQB3	475	73
H0YK07	130	71,74,93,96
H0YM48	268	105,108,127,130
A4QPA9	393	97
B4DFY5	371	75
H7BZL1	128	128
H0YL06	127	58
A0A2R8Y531	283	112,113,114,115,116,117,118,119
A0A2U3TZL8	810	112,113,114,115,116,117,118,119
A0A7I2V5Y5	974	112,113,114,115,116,117,118,119
H0YME6	371	112,113,114,115,116,117,118,119
H7BYN4	952	112,113,114,115,116,117,118,119
A0A0S2Z3R3	521	462
H3BQG1	286	200
H3BUL5	224	186
H3BVF8	239	186
A0N0X8	512	457
E7EMT5	483	428
B2R6Q4	450	222
H3BPN6	84	49
H3BT78	136	49
F5GX71	373	60,62,87,226
H3BPB8	403	90,92,117,256
H3BUZ9	339	110,112,137,276
A0A0S2Z3L0	333	223,248,249,262,263,264,265,266,279,280,281,282,283,284,285,286,300
A0A0S2Z3M4	310	225,226,239,240,241,242,243,256,257,258,259,260,261,262,263,277
H0YK49	229	119,144,145,158,159,160,161,162,175,176,177,178,179,180,181,182,196
H0YLU7	303	296,321,322,335,336,337,338,339,352,353,354,355,356,357,358,359,373
H3BV91	46	223,248,249,262,263,264,265,266,279,280,281,282,283,284,285,286
H0YKF0	289	223,248,249,262,263,264,265,266
A0A0A6YYL1	179	32,37,121,122,123,124,125,126,127,128,129
B7Z7U4	617	446,447,448,449,450,451,452,453,454,474,520,521,522,523,524,525,526,585,586,599
A0A0D9SFP6	864	544,545,546,547,548,549,550,551,552,572
H0YM90	705	536,537,538,539,540,541,542,543,544,564
X5D2R1	839	544,545,546,547,548,549,550,551,552,572
X5D7M5	825	544,545,546,547,548,549,550,551,552,572
X5DNW6	817	536,537,538,539,540,541,542,543,544,564
F8WD21	147	94,95,96,97,98,99,100,101
E7ENM8	681	439,440,441,442,443,444,445,446,447,462
H3BRA9	1122	201,235,337,389,393,399,447
E5KTI5	312	290,297,300,306
A0A3B3IU33	386	143,211,232
E9PER6	529	84
H3BQ10	149	84
I3L1A2	206	33,173,177
I3L265	199	166,170
A6NHV6	447	130
B4DZM6	568	139
I3L136	274	130
I3L1H7	147	139
I3L4K3	169	139
A0A087WZS5	235	90,169,179,181,186,187,194,206,208,210,211,213
A0A140VJY2	704	115,119,158,163,171,178,179,200,201,202,203,204,205,251,402
I3L0K7	495	42,193
I3L159	229	38,45,154,203
I3L1F5	238	38,45,154,203
A0A0S2Z4J6	246	12,14,21,123,134,141,179,181,209,221,223,226
A0A804HKA7	228	12,14,21,123,134,141,179,181,209
H3BM92	66	12,14,21
H3BNY9	91	12,14,21
H3BR08	65	12,14,21
H3BT06	90	12,14,21
H3BV34	70	12,14,21
H3BV55	219	96,107,114,152,154,182,194,196,199
H3BRM0	155	88,90,118,130,132,135
H3BRW4	130	68,70,72,89
A0A494C024	635	178,179,180,181,182,183,184,185
H3BP28	194	37,67,70,119,155,158
H3BMR2	162	124,125,126,127,128
H3BRB3	611	127,128,129,130,131,132,133,134
E9PBK7	311	43
E9PJF0	316	72
E9PQW4	339	72
L7RXH5	379	72
H3BN16	87	53
H3BP07	254	53
H3BTW6	266	53
J3KNN3	410	53
H3BR66	201	26,58,92,102,104,109,110,114,117,126,128,130,132,133,135
H3BV48	118	26,58,92,102,104,109,110,114,117
H3BS34	251	7,28,32,38,46,101,103,146,196,243,245
A0A804HLI4	350	71,73,74,78,273,305
H3BM11	561	71,73,74,78,318,350,415,418,419
H3BML6	604	71,73,74,78,318,350,415,418,419
H3BRE9	572	71,73,74,78,273,305,370,373,374
H3BRS0	295	71,73,74,78,273
A0A0C4DGM9	498	389,390,391,392,393,394,395,396
B7Z896	684	386,387,388,389,390,391,392,393
F5H3M2	724	426,427,428,429,430,431,432,433
H3BMZ5	88	470,471,472,473,474,475,476,477
H3BNI9	299	69
A0A7P0MLU2	209	136,137,138,139,140
H3BP77	282	57,58,59,60,61,62,63,64,65,192,193,194,195,196
A0A087WZT9	353	127
A0A6Q8PF33	961	598,602,716,720
A0A6Q8PFK3	772	605,609,723,727
A0A6Q8PFY2	977	605,609,732,736
A0A6Q8PGB5	925	562,566,680,684
A0A6Q8PGE8	959	596,600,714,718
A0A6Q8PGN5	984	605,609,723,727
A0A6Q8PGR9	940	577,581,695,699
H3BPK7	999	605,609,723,727
H3BR19	158	148
H3BTZ7	159	148
H3BPT7	280	4,7,61,64
H3BTK0	433	4,7,61,64
H3BTT0	355	79,82,136,139
F5H6E2	1039	116,117,118,119,120,121,122,123
I3L3F5	137	105,106,107,108,109,110,111,112
I3L3Y6	170	105,106,107,108,109,110,111,112
I3L501	168	118,119,120,121,122,123,124,125
Q6FH48	313	21,24,63,70,71,116,164,165,166,167,168,178,288
B4DEG2	362	33,34,35,129,234,235,236,254
K7EQ78	431	69,70,71,189,293,294,295,313
J3KPJ3	532	184
I3L1B1	138	97,98,99,100,101,102,103,104
A0A087WT22	187	17,20,79,83
A0A087WXZ1	182	17,20,79,83
A0A087X1Q1	234	17,20,79,83
A0A0U1RQC9	410	137,140,199,203
E7EQX7	285	176,179,238,242
E9PFT5	155	83,86,145,149
H2EHT1	354	137,140,199,203
J3KP33	343	176,179,238,242
K7PPA8	393	176,179,238,242
S4R334	143	169,172,231,235
I3L1D5	664	15,17,39,40,85,86,373,378,541,664
J3KTD6	228	87,106,155,156,157,204,205,218
J3QLN8	230	47,66,115,116,117,164,165,178
J3QR41	172	46,65,114,115,116,163,164
J3KRJ2	69	46,65
J3QLR0	155	100,101,102,103,104,105,106,107
J3QL56	270	229
J3KSX5	204	41,49,166,167,168,169,170
D3YTC7	211	113,114,115
C9JUK9	241	85
J3KT61	157	85
S4R3I1	144	85
E9PRZ0	160	64
J3QR49	173	93
Q6FI23	347	93
A0A2R8YDS4	1152	199
H0YD75	475	115
K7EL04	460	33
J3QS76	79	58
J3KPR9	618	94,96,97,101,336,368,434,437,438
J3KRL0	436	102,103,104,105,106,107,108,109
J3QRN6	961	102,103,104,105,106,107,108,109
K7EIG7	918	14,15,16,17,18,19,20,21
B3KV06	510	91,180,190,192,199,200,207,217,219,222,240,244,250,258,329,331,366,411
C0H5X0	393	91,180,190,192,199,200,207,217,219,222,240,244,250,258,329,331,376
A0A087WU55	176	132,133,134,135,136,137,138,139
A0A087WY49	186	132,133,134,135,136,137,138,139
A0A087WZQ9	162	132,133,134,135,136,137,138,139
J3QSD7	1201	755
J3QLU9	1055	726,727,728,729,730,731,732,733,734,753
X5DNK3	1255	726,727,728,729,730,731,732,733,734,753
B4DTR1	979	477
A0A0A0MQS7	329	10,11,12,13,14,15,16,17,18,19,20,21,22,23,24,25,26,27,28,29,30,31,32,33,34,35,36,37,38,66,143,160
K7EK11	511	370,421,451,452,453,454,455,456
A0A494BYR6	842	118,119,120,121,122,123,124,125
A0A7P0Z419	266	46
A0A7I2V389	885	352,356,375
A0A7I2V3W8	924	352,356,375
E9PLK3	915	348,352,371
E9PPZ2	478	352,356,375
D6RHH9	203	32,34,43,123
A0A140VKG5	673	303,304,305,306,307,308,309,310
F5H386	653	409
A0A804HJV7	1209	334,335,336,337,359,360,421,422,423,424,425,426,427
J3QR65	1138	320,321,322,323,345,346,407,408,409,410,411,412,413
K7ER06	140	123
A0A804HIB4	662	381
A0A804HJX3	681	400
A0A804HJZ9	687	406
A0A804HK10	655	374
A0A804HKF1	687	406
J3KRK0	593	405
J3QLK5	601	320
A0A087WUG6	128	111
A0A0M6L0F6	217	44,200
B1A4H9	122	105
H0YM39	160	143
A6NIT4	167	44
A0A087WXJ5	177	160
A0A0M6L0J9	217	200
A8K6C2	217	44,200
B1A4H2	122	105
A6NFB4	256	44
A0A0B4J1R0	160	143
I6L999	128	111
B1A4G6	217	44,200
B1A4G7	202	44,185
B1A4G9	122	105
L7RSM7	672	186,187,193,195,245,246,247,248,252,254,345,346,347,348,349,350,351,352,353,368
B2R5T5	381	202,211,326,335
L8B8N7	541	237,341,342,343,344,415,430
Q71MG5	145	19,34
A8K3Y2	334	82
K7EIW3	128	85
K7ELM6	84	26
F8VW50	613	104,105,106,107,108,109,110,111
A0A0A0MSZ4	522	80,100,108,144,215,216,217,218,259,260,271,429,436,437,438
A0A0A0MT64	534	49,112,120,156,227,228,229,230,271,272,283,441,448,449,450
A0A0A0MTN9	439	17,25,61,132,133,134,135,176,177,188,346,353,354,355
A0A0A0MTR6	483	49,69,77,105,176,177,178,179,220,221,232,390,397,398,399
A0A0C4DFN8	491	49,69,77,113,184,185,186,187,228,229,240,398,405,406,407
A0A0C4DGN7	497	49,69,77,113,184,185,186,187,234,235,246,404,411,412,413
J3QQX3	463	49,70,78,114,185,186,187,188,229,230,370,377,378,379
A0A140VK57	220	27
A0A3B3ISX0	272	90,91,104
H7C175	1271	53
I3L360	116	115
I3L480	150	46,49,76,79
E2QRB3	288	6,7,8,9,10,11,34,56,69,70,71,72,95,96,97
J3KQ22	253	6,7,8,9,10,11,34,56,69,70,71,72,95,96,97
J3QKT4	242	4,26,39,40,41,42,65,66,67
J3QL24	225	6,7,8,9,10,11,34,56,69,70,71,72,95,96,97
J3QLE4	309	23,24,25,79,147,175
B4DLF1	126	38
H7BYT1	427	38
J3QRU1	548	310
E7EPT4	252	138,143,179,183
K7EL65	116	81,101,103,104
K7ELF8	163	81,101,103,104
K7EII9	99	42
A8K3N4	387	182,216,217,218,219,220,221,222,260
K7EQG9	386	153,187,188,189,190,191,192,193,231
K7EP06	298	2,27,49,83,106,111
A0A0U1RQV4	1137	105
J3QKX5	700	52,152,156,162
B7Z5N5	431	74,119,131,136
K7ELV1	233	50
K7EN18	281	50
A0A1W2PPH1	546	165,255,256,279,383,428
A0A1W2PQ37	443	128,218,219,242,384,429
A0A1W2PQF8	480	165,255,256,279,421,466
A0A1W2PQH3	547	128,218,219,242,384,429
A0A1W2PQT3	536	165,255,256,279,421,466
A0A1W2PQY8	565	165,255,256,279,421,466
A0A1W2PR68	530	201,202,225,367,412
J3KRP0	464	89,122,157,185,435
A0A0S2Z4D1	433	78
K7EMR0	101	78
K7EQN8	153	78
A0A1W2PR36	213	20,46,47,48,49,50,51,94,95,112,148,149
V9HWB2	236	20,42,46,50,69,70,71,72,73,74,117,118,135,171,172
K7EP38	76	75
F1T0G6	507	262
K7EKS5	237	169
K7EQY5	506	262
K7ES68	267	177
M0QYW5	141	46
M0R0D0	158	46
M0QXA0	187	80,83,105,116
M0QZ09	275	67,70,92,103
M0R1F6	186	78,81,103,114
M0R1N9	176	69,72,94,105
K7EJE8	829	393,394,395,396,397,398,399,400
K7EKE6	845	409,410,411,412,413,414,415,416
M0QY89	134	106,107,108,109,110,111,112,113
A0A0A0MQW6	1103	194,242,340,392,396,402,452
K7ELF7	331	32,33,34,35,36,37,38,39,40,41,42,43,44,45,46,47,48,49,50,51,52,53,54,55,56,57,58,59,60,86,162,179
A0A7I2V311	1150	250,253,311,315
A0A7I2V5F6	1114	353,356,414,418
E9PM19	1002	745
K7EJR6	142	73
K7ENX7	278	194,195
Q15136	207	56
K7EL10	198	48
A0A0A0MQR0	520	468
V9GYP6	199	143
Q32MM7	481	157,158,159,160,161,197,198,315,366
K7EKT6	395	46
K7ER95	817	19,20,21,22,23,24,25,26,27,42
A0A0A0MRF5	234	158,163,184,187
E7EWX6	237	158,163,184,187
M0QWZ7	518	299,330,331,332,345,346,347,348,418,419,420,421,451
M0R131	172	140
M0R0P9	450	129
M0R275	129	102
C9JHS6	184	181
A0A140VJL1	616	40
F8W816	443	388
M0QZJ2	255	200
M0R0W6	626	299
A8MT37	401	67
M0QYV0	167	62
E5KR05	625	100
E5KR06	629	100
E5KR07	624	100
M0QX08	132	131
M0QYC6	107	106
M0QYK3	163	57
A0A2R8Y4C3	371	198,199,200,201,202,203,204,205
M0QY43	1002	198,199,200,201,202,203,204,205
A0A804HHY0	661	186,187,193,195,245,246,247,248,251,252,254,357,358,359,360,361,362,363,364,365,380
A0A804HIU5	710	186,187,193,195,245,246,247,248,251,252,254,357,358,359,360,361,362,363,364,365,380
B4DXA6	113	19,38,87,88,89
Q5Y191	306	50,69,118,119,120,167,168,181
H0Y6H4	864	423
B2RNB2	824	405,409,415
C9JFJ0	203	74
D6REE7	446	121
A0A0A0MSC1	1145	324,325,326,327,328,329,366,367,368,412,976,1063,1064,1065,1070,1071,1072,1073,1074,1110
A2RU78	793	97,98,99,100,101,102,103,104
F8WAR6	672	97,98,99,100,101,102,103,104
F8WER6	685	97,98,99,100,101,102,103,104
A0A087WZL3	1243	773
A0A0K2YUJ3	552	82
H7BZ33	152	48
A0A2R8Y4I8	583	349,350,351,352,353,354,355,356
A0A2U3TZR0	615	381,382,383,384,385,386,387,388
E5KRP5	616	382,383,384,385,386,387,388,389
E5KRP6	584	350,351,352,353,354,355,356,357
A0A7P0TAL9	494	239
A0A7P0TBA9	541	296
A0A7P0Z4M0	508	296
A0A087WW26	172	99
A0A384MDW6	342	81,82,176,177,178,243
F8WAZ1	131	45
V9GY95	92	45
L7RTI5	737	414,415,416,417,418,419,420,421,422,437
E9PBI2	219	160
P58400	472	141,158,240,242
V9HWF2	334	42,92,98,105,129,130,131,162
A0A087WYS1	463	116,179,211,212,242,385
A0A140VKE1	497	116,179,211,212,242,385
E7EUC7	517	136,199,231,232,262,405
E7ER08	321	250
E5KSL5	277	45,46,47,48,49,50,51,52,53,70,100,111,142,147,202,203,204,205,206,211,254,255,256
E5KSL6	189	45,46,47,48,49,50,51,52,53
A0A804HIT4	965	471
A0A804HJ50	859	421
A0A384NL93	129	91,93,113,116
E7EN19	1272	54
E7ENQ1	1154	54
E7ETN6	102	54
E7EX83	1038	54
G5E948	1235	54
V9HWH3	1212	54
A0A7I2V3X2	610	93,132
E9PHX8	823	443,551,552,565
E9PGT1	223	145
A0A7N4I3A3	537	483
H7C041	697	479
A0A7I2V3N5	934	86,87,88,89,90,91,92,93
A0A7I2V3V4	699	86,87,88,89,90,91,92,93
A0A7I2V492	956	86,87,88,89,90,91,92,93
A0A7I2V4K6	896	86,87,88,89,90,91,92,93
A0A7I2V581	933	86,87,88,89,90,91,92,93
A0A804HHZ2	436	235
A0A804HJQ0	507	235
D3DPA4	509	235
A0A0S2Z634	317	100,144,145,146,147,223,225
A0A3B3IRK8	986	868,871,923,925
A0A7P0Z4A9	921	803,806,858,860
F5H2J1	1105	65,445,446,447,448,449,450,451,452
J3KQ32	416	52,53,54,55,56,57,251
A0A1B0GWA2	629	234,235,236,237,238,239,240,303,304,305,306,307,308,309,316,317,318,319,368,369,370,371,372,373,374,515
A0A2R8YEL0	676	234,235,236,237,238,239,240,303,304,305,306,307,308,309,316,317,318,319,368,369,370,371,372,373,374,515
A0A7P0T984	624	234,235,236,237,238,239,240,303,304,305,306,307,308,309,316,317,318,319,368,369,370,371,372,373,374,515
A0A7P0T9C9	341	234,235,236,237,238,239,240,303,304,305,306,307,308,309,316,317,318,319
A0A7P0TAL3	638	234,235,236,237,238,239,240,303,304,305,306,307,308,309,316,317,318,319,368,369,370,371,372,373,374,515
A0A7P0TAU9	410	144,145,146,147,148,149,150,213,214,215,216,217,218,219,226,227,228,229,278,279,280,281,282,283,284
B7Z3Q4	568	144,145,146,147,148,149,150,213,214,215,216,217,218,219,226,227,228,229,278,279,280,281,282,283,284,425
E7ENF2	213	79,153,155,156
E7ET59	190	79,153,155,156
E7EUX4	212	79,153,155,156
Q6IBG4	399	79,153,155,156,316
B0I1S9	1136	108,109,110,111,112,113,114,115
C9JUP5	149	108,109,110,111,112,113,114,115
C9JYW1	163	108,109,110,111,112,113,114,115
E7EQD9	303	108,109,110,111,112,113,114,115
E9PDF6	1107	108,109,110,111,112,113,114,115
Q53QE7	372	62
F8WBF5	355	191
E9PHG5	470	417
A0A024R3Y6	414	75,76,77,82,94,95,96,97,98,99,100,109,132,252,260,275,310,311,312,313,314,315,328
C9IZU8	225	10,35,37,70,146,147,148,149,175,177
C9J9T0	191	10,35,37,70,146,147,148,149,175,177
C9JDA4	278	33
E9PG71	949	627,628,629,630,631,632,633,634,635,653
A0A7I2SVS4	1089	672,674,680,756
H7C0K6	445	97,98,99,100,101,102,103,104
C9JFA1	89	64
C9JN58	115	49
E7EM58	151	49
A0A2R8Y3W6	74	68
A0A2R8Y4D6	207	68
A0A2R8Y4H0	256	68
A0A2R8Y5A0	354	68
A0A2R8Y797	86	68
A0A2R8Y7T1	152	68
A0A2R8YCK2	117	68
A0A2R8YD58	376	68
A0A2R8YDP2	354	68
A0A2R8YDY7	131	68
A0A2R8YEL7	88	68
A0A2R8YEW1	133	68
A0A2R8YF43	363	68
A0A2R8YF47	94	68
A0A2R8YFU2	374	68
E7EU96	385	68
V9GY80	92	68
V9GYA2	144	68
A0A0C4DGC9	395	93
A0A494C0J7	712	413,415,463,468
A2A2L3	812	345,349,355
A8K058	370	26,79,80,81,108,130,132,158,167,236,258,260,263,291,292,293,294,295,314,315
A0A0D9SF51	960	231,260,262,311
A0A0D9SG17	961	231,260,262,311
A0A1B0GWB6	1072	231,260,262,311
A0A7P0MRI8	1206	329,358,360,409
A0A1B0GTU3	1266	102,103,104,105,106,107,108,109
A0A1B0GVS8	723	102,103,104,105,106,107,108,109
Q5QPI7	226	188,189,190,191,192
Q5QPI9	437	254,255,256,257,258
Q5QPJ3	300	206,207,208,209,210
Q5QPJ6	296	236,237,238,239,240
Q5QPJ7	194	189,190,191,192,193
A0A384MTQ3	432	57,131,156,157,158,159,186,190,222,223,224,225,226,227,243,248,299,300,301,346,353
V9HWJ1	474	125,144,146,148,149,150,151,214,215,216,220,267,268,269,270,305,364,365,366,367,368,369,370,371,372,373,375,398,399,400,401,425,450,452,458,461,462
A0A2R8Y430	450	125,144,146,220,305,364,365,366,367,368,369,370,371,372,373,375,398,399,400,401,425
V9HWG3	687	398,400,447,452
Q5H8Y5	165	64
A0A3B3IRL0	158	73
A0A3B3IRX6	157	73
A0A3B3IT40	281	73
F2Z3C8	285	73
X6R8H3	358	73
F5H5B4	432	59
B1AKW3	197	145,147
E7ETN2	508	274,276,472
A8K3M3	435	181,215,216,217,218,219,220,221,262
B4DSN5	362	108,142,143,144,145,146,147,148,189
A3KFJ0	347	143,162,211,212,213,260,261,274
Q5QPD4	271	143,162,211,212,213,260,261
A3KFJ1	188	143,162
Q5QPD2	146	143
P63092	394	47,48,49,50,51,52,53,54,55,197,198,199,200,201,202,203,204,223,224,225,226,227,292,293,294,295,366
D6RA96	785	145,163,172,207
A0A7I2V5J1	729	23,106,113,163,167,173,224,227
A0A7I2YQL5	911	198,261,344,351,401,406,409
E5RI60	705	82,89,139,143,149,200,203
A0A7I2V400	573	401,405,411
H9KVB1	389	112,116,139,170
A0A2R8Y443	400	150
A0A2R8Y6I6	725	150
A0A2R8Y6L5	605	188
A0A2R8YDF3	519	195
A0A0S2Z475	465	184,185,186,187,188,224,225,334,385
A0A0S2Z4A3	533	252,253,254,255,256,292,293,402,453
A0A0S2Z4T6	593	312,313,314,315,316,352,353,462,513
A0A2R8Y6E4	153	56
A0ZT99	358	41
A0A096LPK7	463	76,206,207,208,209,210,211,212,213,298,340
A0A140VJG8	271	92,122,140,167,168,169,170,191,194,219,220,249
A0A7I2V370	302	92,122,140,167,168,169,170,191,194,250,251,280
E7EMS6	223	92,122,140,167,168,169,170,191,219,220
E7EUU8	235	92,122,140,167,168,169,170,191
F2Z2W7	643	411,479,528
H7C100	158	9,58
Q1HBJ4	360	55
A0A494C0N1	136	55,56,57,79,107,108,130
A0A494C112	100	55,56,57,79
A0A494C1E1	131	55,56,57,79,107,108,130
A0A494C1J8	252	55,56,57,79,107,108,130
E9PED7	354	80,138,148,150,155,156,163,174,176,178,181,199,203,209,217,283,328,330
A0A140VJJ9	569	107,399,400,401,423,451,452,474
E7EM62	126	107
E7ENJ5	120	107
E7ESL5	108	107
E7ET76	463	107,399,400,401,423,451,452
E7ETJ6	127	107
E7ETR7	174	107
E7ETU4	111	107
E7EVF8	116	107
B5MC34	252	55,56,57,79,107,108,130
B5MC36	218	55,56,57,79,107,108,123
F5H6I8	798	660,661,662,663,664,665,666,667
A0A5K1VW66	401	76,77,78,79,249
G5E953	1062	190,191,192,193,215,216,277,278,279,280,281,282,283
B5MBX2	423	148,149,150,151,152,190,238,287,376,377,391,392,393,401,423
F8WE86	402	127,128,129,130,131,169,217,266,355,356,370,371,372,380,402
B5MC51	629	282
A0A7I2V3I1	249	18,25,134,183
B1AHA8	187	18,25,134,183
Q6FH11	288	18,25,134,183
Q5BKV1	218	174,175,176,177,178,179,180,181
A0A024R1I3	296	25,27,58,59,60,182,213,238
B0QY34	336	38
B0QY35	311	38
B0QY36	225	38
Q5U045	416	38
C1ID52	497	443
B1AHF3	147	69,70,71,86,88,91,103,104,105
A8MY48	119	57
F8WDP4	163	54
A0A1W2PQK0	168	133,137
B0YIY3	370	53
A0A2R8Y3X2	171	59,61,66
A0A2R8Y495	184	59,61,66
A0A2R8YCM3	380	59,61,66,295,327
A0A2R8YDD5	608	59,61,66,295,327,392,395,396
A0A2R8YEF0	162	59,61,66
A0A2R8YFI0	112	3,5,10
A0A2R8Y4I3	479	175,207,272,275,276
A0A2R8Y867	458	154,186,251,254,255
B7Z3C5	421	117,149,214,217,218
A0A0S2Z4L5	615	342
A0A0S2Z559	668	395
L7RRS6	648	375
A0A087WY96	721	157,160,164,402,434,499,502,503
A0A087WYN0	460	157,160,164,402
C9JPV1	109	56,59,63
A3QNQ0	567	250,251,252,253,254,255,256,257,258,277
D2JYI1	592	275,276,277,278,279,280,281,282,283,302
A0A1B0GTZ4	817	554
A0A384MR47	756	30,31,32,33,34,35,36,37,38,39,40,41,42,43,44,45,46,47,48,49,50,51,52,53,54,55,56,57,312,341,343,390,438,440,522,549,651,653,677,706,707,708
C9JIG9	468	46
F8WBK9	113	46
C9JFR9	496	109,286,440
B4DZK5	333	93,94,95,96,97,98,99,100
C9JWZ7	159	93,94,95,96,97,98,99,100
C9K0D8	318	245,246,247,248,249,250,251,252,295
Q66S35	462	256,257,258,259,260,261,262,263,306
A0A024R2W3	404	208,217,338,347
A0A384N6C2	514	274,275,276,324,325,326,328,329,331,364,365,366,387,388,411,412,413,414,415,441,496
A0A7I2V2T3	522	332,333,334,336,337,339,372,373,374,395,396,419,420,421,422,423,449,504
A0A7I2YQK5	513	249,250,251,299,300,301,303,304,306,363,364,365,386,387,410,411,412,413,414,440,495
E7ETK5	489	249,250,251,299,300,301,303,304,306,339,340,341,362,363,386,387,388,389,390,416,471
H0Y4R1	538	274,275,276,324,325,326,328,329,331,388,389,390,411,412,435,436,437,438,439,465,520
A0A1B0GTA8	359	205
A0A1B0GTB6	321	169
A0A1B0GTM2	376	205
A0A1B0GTV8	351	232
A0A1B0GVP5	351	180
B3KTU4	355	184
H0Y695	338	184
C9J8E1	332	73
C9JPW3	119	73
A0A1B0GV31	275	80,113,148,175
A0A1B0GVA5	264	109,142,177,204
C9JMV9	509	181,214,249,276,474
C9JYZ0	228	89,122,157,184
F8WC59	201	80,113,148,175
V9HWA0	408	80,113,148,175,373
A0A1B0GU86	373	78,113,140,338
C9J0G0	667	154,193
C9JWI2	488	434,438,444
A0A140VJJ0	983	627,628,629,630,631,632,633,634,635,653
C9JXA2	918	627,628,629,630,631,632,633,634,635,653
A0A0B4J1T8	1130	757
B4DXM2	208	149
J3KR66	373	123
C9JZW7	125	54,55,56
G5E9W0	440	188,190,193
A0A3B3ITW1	387	86
A0A7I2V4F3	110	102
A0A7I2YQK0	470	86
Q6FI27	420	86
A0A384P5Q5	1261	474,475,476,477,478,479,516,517,518,562,1123,1197,1198,1199,1204,1205,1206,1207,1208,1244
B3KWA8	919	107,108,109,110,111,112,149,150,151,195,781,855,856,857,862,863,864,865,866,902
A0A3B3IRY8	1055	625,626,627,628,629,630,631,632,633,651
A0A140VJK6	693	244,245,246,247,248,249,250
E5KND5	751	53,54,55,56,57,58,59,60,120,121,122,123,124,174,175,176,177
Q6IBA9	281	230
A0A0A6YZ17	863	211,214,231,244
A0A7P0TAP9	862	210,213,230,243
A0A7P0TB69	819	211,214,231,244
C9JGT8	195	343,345,347,356,358
C9JJD3	113	289,291,293,302,304
C9JPV8	136	364,366,368,377,379
C9JTK4	160	299,301,303,312,314
E9PFW3	460	366,368,370,379,381
H7C4C3	122	341,343,345,354,356
A0A0S2Z4N5	680	244,247,308,312
A0A0S2Z4N6	676	244,247,308,312
C9D7D0	416	150,153,214,218
A0A499FJ16	1086	221
A0A5F9ZGX5	1055	132,133,134,135,136,137,138,139,140,158
A0A5F9ZHB0	280	190
A0A5F9ZHI7	143	80
A0A5F9ZHJ2	1072	164,165,166,167,168,169,170,171,172,190
A0A5F9ZHL4	289	222
A0A5F9ZHP4	1008	158
A0A5F9ZI29	1040	132,133,134,135,136,137,138,139,140,158
C9J1X3	1040	190
B4DR62	684	264,268,370
F8WCE5	603	32,36,138
H7C4P9	144	78
A0A7I2RW32	802	474,475,476,477,478,479,480,504,552,553,554,558,617,631
F8W9L4	792	479,480,481,482,483,484,485,509,557,558,559,563,622,636
E9PDE3	82	64,65,66,67,68
A0A7P0TA23	586	160,182,183,190,356,398,483,548
A0A7P0Z4P3	343	75,97,98,105,271,313
A0A1W2PNQ5	261	106,111,117,137,141,144
E7EQN8	138	299
D6RB75	51	26
A0A0B4J203	849	387
A0A0U2N547	971	564,592,593,594,595,596,597,598,599,619,667,668,669,670,671,672,673,791,792,805
A8K4H7	517	280,327,389,390,426,503,506
A0A384MU00	1037	681,682,683,684,685,686,687,688,689,707
B7ZKJ3	1038	682,683,684,685,686,687,688,689,690,708
B7ZKW7	1016	660,661,662,663,664,665,666,667,668,686
F8VP57	1004	682,683,684,685,686,687,688,689,690,708
F8W9W0	874	544
D6RCP9	199	28,29,30,31,32,33,34,35,36
F5CTF3	260	28,29,30,31,32,33,34,35,36,53,86,97,128,133,188,189,190,191,192,197,240,241,242
A0A0C4DGB6	604	27,30,37,91,264,268,271,273,276,279,283
J3KMX3	622	273
A0A140VJG1	493	34
D6RBJ5	58	34
J3KNE8	570	34
F8W784	291	126
A0A7P0TAR4	408	41
A0A7P0Z4A8	505	52,54,118
J3KPY9	411	41
A0A140VJM3	762	459,460,461,462,463,464,465,466,467,482,486
B7ZA25	342	66
B4DFN3	386	181,183,185,187,192
D6RHK2	183	86,87,88,89,90,91,92,93
E9PGH5	335	281
A0A0A0MSE2	317	34,35,36,37,38,39,57,73,80,122,127,149,173,308
A0A140VK76	314	34,35,36,37,38,39,57,73,80,122,127,149,173,305
A0A0D9SFP2	318	77,84,153
A0A1W2PQV5	245	73,80,149
D6R938	498	43
E9PBG7	512	43
E9PF82	533	43
G5E9C5	823	561,562,563,564,565,601,602,712,765
J3KR82	892	41
J3KR84	909	41
A0A0U1RR70	716	439
G5E9L9	695	422
E9PD25	1036	240,244,250
D6RBG5	45	33
A0A140VJD8	820	332,336,342
D6R9S0	119	84,110,113
D6RBJ9	169	84,110,113
D6RBN2	120	84,110,113
E9PD72	354	47,50,54
Q2XQZ0	570	433,437,443
D6RGD1	830	168,169,170,171,172,173,174,175
E9PCN3	212	124,125,126,127,128,129,130,131
Q96E92	207	47
A0A087WUH9	671	106
A0A140VJR0	809	462,463,464,465,466,502,503,620,671
A0A1B0GW84	699	352,353,354,355,356,392,393,510,561
D6RHE0	422	160,161,162,163,164,200,201,318,369
A0A6Q8PFA6	687	294,295,296,297,298,299,300,301
A0A6Q8PG37	717	286,287,288,289,290,291,292,293
A0A6Q8PGG1	590	313,314,315,316,317,318,319,320
A0A6Q8PGH7	685	292,293,294,295,296,297,298,299
A0A6Q8PH57	725	294,295,296,297,298,299,300,301
D6R9M0	519	313,314,315,316,317,318,319,320
A0A0C4DGB1	275	37,39,64,85,113,128
A0A494C0G7	317	37,39,64,85,113,128
A0A7P0T9J1	276	1,33,56,84,99
A0A7P0T9Y7	285	9,11,36,57,85,100
A0A7P0Z4I0	284	1,33,56,84,99
B4DRY2	243	37,39,64,85,113,128
D6RCL3	154	37,39,64,85,113,128
A0A7P0T8X7	122	37,39,64
A0A7P0T967	95	37,39,64
A0A0S2Z3F9	346	18,19,20,21,22,23,24,25,26,41,42
D6RAD4	309	18,19,20,21,22,23,24,25,26,41,42
D6R9Z2	58	42
D6RF14	69	42
D6RFL0	43	42
D6RGG9	55	42
D6RI01	58	42
D6RIG9	77	42
A0A2R8Y4E6	761	491,492,493,494,495,531,532,657,709
E5RJH0	253	64,146,147
V9HWA4	406	217,299,300
A0A804HI59	897	26,27,91,161,163,233,441,454,506,508,575,611,627,707,708
A0A804HIQ0	867	102,103,167,237,239,309,410,423,475,477,544,580,596,676,677
A0A804HKM7	830	26,27,91,161,163,233,441,454,506,508,575,611,627,707,708
A0A804HKV8	798	102,103,167,237,239,309,410,423,475,477,544,580,596,676,677
W0S0X4	822	569,570,571,572,573,574,575,576,577,591
W0S4B9	411	180
D6RCD6	88	75
D6RE65	142	75
D6REY7	109	75
A0ZT98	367	41
A0A1X7SBR9	1213	300,334,419,436,488,492,498,546
A0A1W2PQ90	1213	582,585
A0A494C1B7	894	692,695
E7EN38	660	620,623
A0A087X011	725	100,101,102,103,104,105,106,107
C9J9X2	169	99,100,101,102,103,104,105,106
E9PES4	726	100,101,102,103,104,105,106,107
J3KPF9	702	100,101,102,103,104,105,106,107
E7ET86	590	33
D6RBN1	225	160,161,162,163,164,165,166,167
A0A6Q8PF07	440	61,62,63,88,104,108,257,261,262
A0A6Q8PF47	511	130,131,132,157,173,177,326,330,331
A0A6Q8PFF2	470	130,131,132,157,173,177,326,330,331
A0A6Q8PHA5	473	130,131,132,157,173,290,294,295
A0A6Q8PHE3	399	216,220,221
B4DDD8	435	103,252,256,257
B4E1C5	395	63,212,216,217
E7ETE2	512	130,131,132,157,173,177,326,330,331
A0A2R8Y3N3	473	131,132,133,158,174,178,294,298,299
A0A2R8Y5P7	512	137,138,139,164,180,184,333,337,338
A0A2R8Y6I1	436	61,62,63,88,104,108,257,261,262
B4DQ67	334	39,155,159,160
D6RB22	399	104,220,224,225
A0A3B3IS85	310	50
B7Z9H7	407	52
A0A590UJ43	426	46
A0A590UJQ7	77	46
A0A590UK94	150	46
A0A5F9W493	353	46
D6RGE5	89	46
E5RG27	78	46
U3KPX3	368	46
F1T0K3	779	478,479,480,481,482,518,519,639,692
E9PEK4	671	561,588,589,590,591,592,593,594,595,596,616
E5RJL1	666	52,55,59,298,330,395,398,399
A0A5F9ZH21	478	42
A0A5F9ZH50	559	42
A0A5F9ZHM9	467	42
A0A5F9ZHR5	489	42
A0A5F9ZHY2	362	42
A0A5K1VW76	421	42
A0A804HIC9	458	42
A0A804HLD1	212	42
A8K161	489	42
D6RFJ0	548	42
Q7LDD5	478	42
J3KPQ0	734	405,406,407,408,409,410,411,435,483,484,485,489,548,562
D6RHC7	253	192
D6RHX8	475	224
F8W9W2	542	224
A0A1B0GTY3	1094	269,361,408,412,418,465,468
A0A2R8Y4U5	382	129
A0A140VK28	623	33
A0A6Q8PH30	501	33
Q8IXN4	457	33
A0A7P0T915	313	58,59,60,61,62,63,64,65,66,67,68,69,70,71,72,73,74,75,76,77,102,105,140,141,142,143,166,169,207,212,249,250,251,275,276,277,288
A0A7P0Z490	253	58,59,60,61,62,63,64,65,66,67,68,69,70,71,72,73,74,75,76,77,102,105,140,141,142,143,166,169,207,212,253
A0A7P0T9N1	283	166,169,213,228
A0A7P0T9X1	247	166,169,207,212
A0A494C1P2	167	55,151
Q5I0G2	228	56,212
Q5THQ0	227	55,211
A0A494C0Z0	150	55
Q2L6J2	126	20,23,38,41,87,90,115,118
A0A1U9X797	409	112,113,114,115,116,117,118,119,120,121,122,123,124,125,148,149,150,151,152,153,154,155,156,157
Q96QC4	332	248,249
Q5JP69	752	262,264,337
A0A024RCS7	673	410,411,412,413,414,415,416,417
D6RBM8	155	125
H3BLV9	671	125
B5TY33	173	54
L7RSM2	360	54
X5DNM4	184	34,38,100,104,123,127,157,158,173
V9HW60	295	22,31,41,65,86,117,118,139
A0A0D9SEN7	485	149,153,176,207
A0A087WTD2	297	242
B7ZL91	774	86,183,187,193
A0A7P0Z478	278	155,159,165
A0A140VJR3	417	24,25,26,39,63,64,65,66,123,171,220,313,344,373,374,375,376
A0A7I2PIU1	639	34
A0A5F9ZHU7	595	373,453,470,510
A0A0A0MRM8	1253	151,152,153,154,155,156,157,158
A0A0D9SGC1	962	151,152,153,154,155,156,157,158
A0A590UJ75	926	151,152,153,154,155,156,157,158
A0A590UJW9	194	151,152,153,154,155,156,157,158
A0A590UJY4	664	151,152,153,154,155,156,157,158
A0A590UK22	878	151,152,153,154,155,156,157,158
A0A590UK71	634	151,152,153,154,155,156,157,158
A0A590UK86	690	151,152,153,154,155,156,157,158
A0A590UKB0	924	151,152,153,154,155,156,157,158
A0A5F9ZI03	661	151,152,153,154,155,156,157,158
A0A494C0G1	501	64,276,278,280,370,371,372,455,456,457,458,459,464
A0A494C1E2	461	195,197,199,289,290,291,415,416,417,418,419,424
H0Y987	566	64,276,278,280,370,371,372,496,497,498,499,500,505
J3KN95	441	195,197,199,289,290,291,415,416,417,418,419,424
A0A494C1Q4	427	64,276,278,280
A0A7P0TA58	922	563,564,565,566,567,568,569,570,571,589
A0A7P0TBL4	841	656
C9K4X7	341	43,44,223,278
A0A0J9YVX5	310	296
A0A0S2Z3Q2	585	321,323,549
A0A0S2Z3V9	616	352,354,580
A0A804HHY3	415	216,218
A0A804HL00	293	216,218
E7ESD5	570	327,329,555
E9PLN6	616	352,354,580
F2Z2Y1	645	381,383,609
E9PR89	387	136
A1E5M1	502	225,226,227,228,229,265,266,375,426
O95278	331	32,87,103,104,105,106,107,197,235,241,267,268,269,270,271,272,304
E5KTM5	346	36,38,63,85,111,141
A0A7P0T8C7	632	286,288,327
A0A7P0T8D4	591	286,288,327
A0A7P0T8S8	625	316,318,357
A0A7P0T8Z2	628	286,288,327
A0A7P0TBI9	577	286,288,327
A0A7P0Z4A2	585	276,278,317
A0A7P0Z4A5	588	279,281,320
A0A384NL29	222	50,98,183,187
A6PVI2	166	153,175,189,449,462
A0A1B1UZQ1	709	445,446,447,448,449,483,484,594,646
A0A3B3IRU7	772	508,509,510,511,512,546,547,657,709
A0A3B3ISJ6	791	527,528,529,530,531,565,566,676,728
A0A3B3ITT8	847	583,584,585,586,587,621,622,732,784
A0A5F9ZHF9	820	542,543,544,545,546,580,581,691,743
A0A5F9ZI67	806	542,543,544,545,546,580,581,691,743
A0A7I2YQV2	802	538,539,540,541,542,576,577,687,739
B7Z3B5	644	2,332,333,334,335,336,337,338,339,340,355
F2Z2J1	758	90,91,92,93,94,95,96,97,98,116,446,447,448,449,450,451,452,453,454,469
D6RA62	141	75
D6RE03	171	116
A0A494C0P5	108	65,66,67,68,69,70,71,72
A4D1Z6	637	101,102,103,110,114,115,116,168,229,238,247,248
A0A090N7V5	188	19,20,21,22,23,24,139
B8ZZK2	166	19,20,21,22,23,24,139
M0QZK8	103	54
A0A0B4J1Y4	51	19,20,21,22,23,24
A0A0A0MS69	769	288,289,290,291,292,328,329,436,487
A0A2R8Y644	239	44
A0A2R8YF61	915	172
A0A140VJF4	296	16,17,18,19,44,45,46,77,78,79,80,98,280,281,292,293
A4D2J9	666	43
E7ERS6	112	43
E9PBE8	168	43
H7BXS4	362	43
A0A3B3IU30	967	102,103,104,105,106,107,108,109
F8WEW9	210	102,103,104,105,106,107,108,109
C9JYS6	128	665,666,667,668,669,670,671,672,673,692
Q504U8	1091	673,674,675,676,677,678,679,680,681,700
F8WD25	88	49
E9PC47	677	398
C9IYJ9	127	118
C9JZ99	245	53,54,116,167,168,223
F8WD41	270	53,54,116,167,168,223
A0A0J9YXF2	375	74,75,137,188,189,244,289,290
A0A0J9YXU7	113	30,81,82
G3XAK4	219	53,54,116,167,168
A0A087WV96	503	442
A0A494C0W7	454	393
A0A499FJM4	534	473
E7EVM8	353	292
Q6GRK0	503	442
E9PDL8	292	231
Q541P7	987	621,622,623,624,625,626,627,628,629,647
Q96L35	935	621,622,623,624,625,626,627,628,629,647
C9J2M4	160	110
A0A7P0T895	490	195,218,246,310,311,312,352,353,383,391
A0A7P0T8L3	464	196,219,247,311,312,313,353,354,384,392
A0A7P0T931	425	130,153,181,245,246,247,287,288,318,326
A0A7P0T9I9	488	193,216,244,308,309,310,350,351,381,389
A0A7P0TAS5	426	196,219,247,311,312,313,353,354,384,392
A4D0R5	317	33,34,35,87,186,240,241
E9PEX6	486	66,131,160,161,162,197,198,199,200,201,202,203,204,220,291,332,338,339,340,341
A0A024R713	509	89,154,183,184,185,220,221,222,223,224,225,226,227,243,314,355,361,362,363,364
E7ET07	403	348,350,361,366,372,375,388,391
C9J381	513	273,274,275,323,324,325,327,328,330,363,364,365,386,387,410,411,412,413,414,440,495
E9PCX2	263	111
A0A024R782	259	10,11,12,13,14,15,16,17,62,89,90,91,92,116,117,189,190
C9JH23	78	10,11,12,13,14,15,16,17,62
H7BXX9	911	221
A0A2R8Y679	274	164
A0A2R8Y8E0	807	523
A0A2R8YDP5	584	483
A0A2U3TZI2	806	523
H7C560	767	483
F8WCM8	1022	677,678,679,680,681,682,683,684,685
A0A090N7W4	292	33
A0A0S2Z355	260	33
A0A1B1RVA9	475	197,202
Q3MIM8	302	213,217,223
Q8NE73	571	274,275,276,277,278
A0A384NKT9	540	339,343,349
A0A384MTL6	754	335,339,345
C9JK28	776	335,339,345
E5RK87	516	107,111,117
B4DKA4	475	27,37,40
E7ERX9	743	103,104,105,106,107,108,109,110
V9HW90	522	111,238,239,240,241,242,243,244,245,334,375
A0A0S2Z3Q6	820	482,483,484,485,486,487,488,512,560,561,562,566,625,639
A0A0S2Z3T4	729	391,392,393,394,395,396,397,421,469,470,471,475,534,548
A0A3B3ISD1	818	480,481,482,483,484,485,486,510,558,559,560,564,623,637
A0A804HIF1	892	544,545,546,547,548,549,550,574,622,623,624,628,687,701
E7EU09	733	395,396,397,398,399,400,401,425,473,474,475,479,538,552
A0A7I2V2E1	566	347,351,357
A0A7I2V2Z6	780	347,351,357
A0A7I2V303	446	347,351,357
A0A7I2V3B5	575	347,351,357
A0A7I2V3C1	533	347,351,357
A0A7I2V3W3	754	347,351,357
A0A7I2V4B3	850	347,351,357
A0A7I2V5N8	752	347,351,357
A0A7I2V5Q0	485	347,351,357
A0A7I2YQ97	707	347,351,357
A0AVL1	712	347,351,357
F8WC54	628	347,351,357
A0A348GSI3	403	346
K4DIA6	582	323
E5RHR8	126	73
A0A2R8Y6K4	621	357,359,585
A0A2R8YET7	586	352,354,550
A0A2R8YGM9	585	351,353,549
A6NCB9	586	322,324,550
E7EQM5	558	294,296,522
F8WB53	591	327,329,555
A0A140VJL8	336	129,149,151,152,279
E5RG94	101	70,90,92,93
E5RGY4	211	129,149,151,152
E5RHE9	126	70,90,92,93
E5RI82	174	70,90,92,93
E5RIF4	109	70,90,92,93
E5RIP7	180	62,82,84,85
A0A0S2Z4Z8	540	24,25,26,27,28,29,30,31,32,47
A0A087WZ06	380	56
A0A384MR07	491	56
E5RFQ9	228	56
E5RIM6	82	56
Q8NBU1	168	56
A0A0D9SGD3	243	58,95,120,168
E5RGF2	210	58,95,120,168
E5RG17	322	112,149,174
G5EA19	207	112,149,174
U3KQS5	210	112,149,174
A0A0K0K1K3	1251	419,420,421,422,423,424,461,462,463,507,1034,1109,1110,1111,1116,1117,1118,1119,1120,1156
E7EVL1	1120	419,420,421,422,423,424,461,462,463,507,903,978,979,980,985,986,987,988,989,1025
I6L893	689	541,543
E5RI29	124	82
E5RJI4	168	89
E7ESA6	1096	498
E9PEI4	680	82
H0YB16	724	126
H0YBZ1	753	152
H0YBR4	181	128
Q4VAR0	574	521
A0A0A0MQS1	286	74,87,88,89,90
A0A2R8Y870	744	467,468,469,470,471,472,473,474
A0A2R8YEU8	791	484,485,486,487,488,489,490,491
A0A384ME80	283	18,60,61,93,94,196,197,220,221,222
B4DUC8	300	35,77,78,110,111,213,214,237,238,239
J3QSB7	242	18,60,61,93,94,196,197,220,221,222
A0A7P0T9I8	425	310,313,364,369
A0A7P0TB70	875	760,763,814,819
B3KWW1	854	739,742,793,798
A0A0S2Z3Y7	379	48,49,50,51,81,97,98,173,179,180,181,188,202,301,319,321,334,335,339,340,346
A0A7I2SU25	663	352,353,354,355,356,357,358,359,360,361,418,430,458,484,485,486,487,488,489,490,491,492,493,507,510,520,522,527,529
A0A0D9SGI4	215	40
F2Z355	171	84,85,86,87,88,89,90,91
Q548C2	822	544,545,546,547,548,549,550,551,552,572
F8WCQ3	188	46
A0A0S2Z5B6	275	33
B1APY4	704	339,340,341,342,343,344,345,346,347,367
B4DY26	434	163
F8VXZ5	114	86
F8W0K6	126	167
F8W1R9	383	236
Q5T7S2	503	232
A0A087WSY1	861	574,575,576,577,578,579,580,581,601,648,649,650,651,652,653,654,721,722,735
A0A140VJL9	330	122,124,131,132,209,221,223,279,318
A0A1W2PPS5	651	109,110,111,112,113,114,115,116
A0A2R8YDM0	402	10,278
A0A087X296	551	339
Q5TBG1	207	74
Q5TBG2	171	74
Q5TBG4	194	108
Q5TBG7	219	74
Q5TBH1	222	74
Q5TBH2	220	74
F1D8R8	461	341,342,343,344,436,440
F1DAM0	421	301,302,303,304,396,400
Q8N2E6	242	93,94,95,96,97,98,99,100
X6RE90	194	165
Q5T9B7	210	34,35,36,37,38,39,55,60,81,82,83,110,111,112,113,117,148,154,165,193
Q6FGX9	194	18,19,20,21,22,23,39,44,65,66,67,94,95,96,97,101,132,138,149,177
E5KNL5	297	172
A0A7P0T9E7	590	419,423,424,425,426,427,428,429,430,452,454,456,465,504,555
A0A7P0T9R9	572	419,423,424,425,426,427,428,429,430,452,454,456,465,504,555
H0Y4Z7	586	379,383,384,385,386,387,388,389,390,412,414,416,425,464,515
J7Q0Z1	347	116,117,118,121,206,207,208,228,298,321
J7PW20	120	116,117,118
A0A087X009	373	120,121,122,125,210,211,212,232,244,302,325
A0A087X0C2	353	120,121,122,125,210,211,212,232,244,302,325
A0A0B4J229	344	224,228,234
E7EV88	444	33,36
Q5SYV2	368	164
A0A804HJ23	686	675
A0A804HJ66	698	687
A0A804HL61	697	686
H0YI64	637	626
A0A096LNR9	784	43
A0A096LP32	68	43
A0A096LPG3	60	43
A0A1B0GTX4	471	43
A0A1B0GUM4	881	43
A0A669KBC2	1001	43
A0A384MDW3	740	74,75,76,77,78,79,80,81,82,100,428,429,430,431,432,433,434,435,436,451
B1AXG1	711	45,46,47,48,49,50,51,52,53,71,399,400,401,402,403,404,405,406,407,422
B4DG22	711	46,47,48,49,50,51,52,53,54,72,399,400,401,402,403,404,405,406,407,422
B7ZB17	712	46,47,48,49,50,51,52,53,54,72,400,401,402,403,404,405,406,407,408,423
A0A2R8YGB7	81	62
A0A1B2JLU2	350	98,99,115,116,117,118
A0A140VK97	496	194
E5RGN0	393	194
A0A024R178	606	336
Q5H9B4	95	36
Q5H9B5	136	24
Q6FGX5	207	24
I1Z9G3	244	31,32,33,34,35,36,37,38,81
E5KN95	518	8,48,197,199,303,304
V9HWC0	577	60,61,62,63,278
A0A3B3IRI9	373	101,151,178,180,267,306
A0A3B3IRP8	350	101,151,178,180,267,306
A0A3B3IS68	403	101,151,178,180,267,306
A0A3B3ISJ4	414	101,151,178,180,267,306
A0A3B3IT04	375	101,151,178,180,267,306
A0A3B3IT84	337	101,151,178,180,267,306
A0A3B3ITZ3	375	101,151,178,180,265,304
A6NFW1	351	101,151,178,180,241,280
A6NGJ7	417	101,151,178,180,267,306
E7EVA8	344	101,151,178,180,267,306
A0A3B3ISE4	259	87,89,176
A0A3B3ISS7	307	178,180,267
A0A3B3IT30	312	87,89,176
A0A3B3IT95	286	157,159,246
V9HWF4	417	24,25,26,39,63,64,65,66,123,171,220,313,344,373,374,375,376
Q3MS94	197	101
F5H049	355	54
B4E0Y9	438	53
Q8NBY1	392	53
B7Z499	488	198,199,260,261,262,263,264,265,266
E9PPP8	185	368,369,370,371,393,394,455,456,457,458,459,460,461
F8WA39	673	359,360,361,362,384,385,446,447,448,449,450,451,452
C9J8P0	94	49
C9JB09	224	49
C9JEC5	86	49
C9JJ18	226	49
F8WAQ5	99	49
X5D9C4	635	67,69,70,74,316,348,413,416,417
A8MPP7	492	66
A8MPY5	534	108
E7ETV6	634	175
D3YTB5	708	265
F8WAB6	339	265
